sale_id,sale_date,store_id,product_id,quantity
EW-6583,2024-09-05,ST-44,P-71,10
AL-2050,2021-04-12,ST-23,P-88,3
HF-9466,2024-01-15,ST-35,P-20,6
XD-006535,2022-02-14,ST-6,P-68,1
YH-1328,2023-03-27,ST-70,P-59,10
CY-87316,2020-08-26,ST-34,P-68,8
KG-5729,2023-11-01,ST-28,P-54,3
DM-825644,2022-02-18,ST-25,P-77,4
PZ-4317,2023-10-05,ST-33,P-41,9
TQ-696608,2020-10-17,ST-48,P-1,5
JI-9789,2022-08-09,ST-39,P-80,8
UP-9539,2023-12-16,ST-40,P-87,4
AV-24731,2020-08-04,ST-54,P-22,10
EL-02967,2021-03-29,ST-67,P-69,1
OG-3808,2021-05-17,ST-53,P-43,2
GW-682176,2023-03-17,ST-35,P-69,8
AB-3169,2024-05-09,ST-75,P-32,3
WZ-4140,2022-02-28,ST-32,P-58,3
AD-10136,2020-03-24,ST-27,P-32,7
NY-35112,2020-10-15,ST-1,P-1,5
RF-2025,2024-02-20,ST-3,P-54,5
ZS-36160,2024-06-20,ST-55,P-35,2
HT-352973,2021-03-15,ST-68,P-85,10
EO-785293,2020-09-06,ST-57,P-74,10
UY-39814,2024-06-16,ST-16,P-40,1
QY-9244,2022-03-16,ST-41,P-1,5
UT-337767,2022-10-04,ST-53,P-24,10
WL-4366,2023-01-14,ST-45,P-56,9
HS-772451,2021-06-15,ST-42,P-37,5
IA-91909,2024-10-02,ST-11,P-89,5
VH-80261,2021-03-19,ST-46,P-27,1
QT-19369,2024-08-12,ST-6,P-78,10
SI-962155,2024-09-05,ST-67,P-30,8
IS-339451,2021-06-06,ST-4,P-47,7
EG-99011,2023-03-28,ST-22,P-30,10
MQ-8253,2023-06-22,ST-36,P-62,8
MG-7059,2020-01-10,ST-60,P-37,1
CG-5691,2024-09-22,ST-57,P-1,9
WU-40042,2021-01-02,ST-11,P-75,3
IF-6093,2023-03-29,ST-28,P-48,9
UG-166884,2020-12-05,ST-57,P-52,1
JU-315162,2023-11-26,ST-22,P-24,9
NE-96230,2023-02-09,ST-12,P-13,3
CD-6965,2023-04-27,ST-24,P-19,8
HE-6187,2024-08-22,ST-36,P-61,5
ZV-97172,2021-06-05,ST-7,P-29,6
IF-072791,2022-08-24,ST-13,P-27,3
HO-44446,2023-10-06,ST-13,P-8,5
IS-91623,2021-08-30,ST-45,P-44,3
PJ-9655,2021-06-26,ST-50,P-2,1
TR-61388,2023-01-09,ST-49,P-14,4
DV-4563,2021-08-06,ST-2,P-47,3
GJ-787565,2021-01-21,ST-30,P-79,7
NX-0508,2023-02-27,ST-2,P-19,1
WR-91139,2020-10-19,ST-1,P-67,8
ZL-10027,2020-04-22,ST-15,P-42,9
FY-7046,2022-11-05,ST-24,P-36,2
YB-28174,2022-12-22,ST-40,P-26,10
GJ-6359,2024-08-15,ST-72,P-17,8
LN-1396,2024-01-18,ST-44,P-78,2
YM-66541,2020-02-16,ST-3,P-88,5
DZ-7476,2020-06-30,ST-5,P-75,7
PF-29174,2020-08-27,ST-55,P-57,7
SJ-75325,2022-05-31,ST-28,P-42,8
EH-552820,2023-03-15,ST-34,P-13,2
RE-420078,2020-11-25,ST-71,P-26,10
DU-28056,2024-07-08,ST-8,P-40,4
XA-51752,2020-06-18,ST-11,P-16,1
YN-3733,2024-09-29,ST-2,P-57,1
LR-0627,2022-05-22,ST-56,P-27,6
KW-0710,2022-05-11,ST-36,P-67,5
RU-159516,2022-05-30,ST-23,P-8,8
XU-231947,2024-07-15,ST-45,P-64,3
KN-979984,2024-08-21,ST-45,P-29,1
AN-636404,2023-03-03,ST-43,P-71,8
RZ-2716,2020-07-21,ST-55,P-33,9
AY-0729,2023-03-20,ST-44,P-71,8
VW-7047,2021-12-30,ST-9,P-83,6
WX-7654,2023-08-23,ST-35,P-16,6
FE-978642,2020-10-25,ST-50,P-49,4
BF-94583,2020-10-19,ST-67,P-47,6
SZ-77160,2021-02-05,ST-37,P-42,6
PX-573444,2022-05-07,ST-34,P-3,2
HJ-456343,2020-09-06,ST-33,P-33,1
JF-187681,2022-04-18,ST-5,P-10,9
OR-45171,2021-12-15,ST-36,P-54,4
PY-458717,2022-05-15,ST-27,P-13,8
TC-00177,2020-04-20,ST-19,P-69,8
IR-099326,2020-03-04,ST-71,P-87,5
DB-3588,2024-04-19,ST-53,P-15,10
UJ-55405,2023-05-04,ST-67,P-26,6
IT-87038,2024-05-31,ST-48,P-74,7
PI-3739,2022-03-12,ST-6,P-22,2
HO-0455,2024-07-31,ST-12,P-89,6
WJ-72872,2024-02-25,ST-2,P-35,1
PC-9967,2021-07-15,ST-46,P-20,1
QH-9157,2022-09-09,ST-57,P-81,7
PF-41355,2022-07-11,ST-16,P-20,2
WP-0933,2021-02-17,ST-50,P-68,2
WL-6893,2021-08-27,ST-28,P-40,1
JA-058134,2021-01-29,ST-14,P-5,1
ES-2096,2023-11-03,ST-7,P-88,3
PO-4862,2020-12-25,ST-9,P-23,10
NX-833355,2024-01-02,ST-11,P-9,4
YL-574641,2021-04-27,ST-16,P-8,1
RI-101161,2022-01-18,ST-56,P-43,10
EW-0602,2023-06-09,ST-9,P-82,5
DW-09971,2021-01-09,ST-30,P-69,2
IY-7630,2023-11-21,ST-25,P-67,10
RH-08308,2020-01-09,ST-50,P-14,9
FT-0971,2021-11-15,ST-1,P-34,9
LS-141803,2021-07-31,ST-17,P-9,9
FR-8481,2024-03-31,ST-64,P-32,9
LH-15605,2020-12-17,ST-23,P-47,1
PF-469072,2023-05-20,ST-9,P-89,9
OQ-60089,2024-02-02,ST-10,P-65,7
LQ-157442,2020-05-30,ST-59,P-73,7
GP-9721,2022-11-23,ST-41,P-89,7
YK-797748,2024-05-11,ST-17,P-60,1
RG-6218,2023-07-05,ST-45,P-12,6
VQ-75499,2021-01-18,ST-74,P-83,7
TH-38571,2021-12-31,ST-44,P-8,7
IX-528551,2020-01-04,ST-59,P-42,6
JE-55048,2022-08-03,ST-24,P-78,5
QE-420874,2021-01-11,ST-59,P-75,9
RJ-273700,2023-09-04,ST-40,P-43,9
UW-6759,2022-02-08,ST-7,P-37,6
UQ-182488,2024-09-30,ST-73,P-14,1
NM-2866,2023-07-05,ST-16,P-87,7
EV-17280,2024-07-27,ST-64,P-43,1
HG-89792,2020-05-27,ST-69,P-70,7
BJ-7473,2021-05-16,ST-27,P-21,9
WM-9899,2020-06-01,ST-58,P-43,7
DB-8774,2021-01-19,ST-29,P-64,1
DA-1599,2020-02-06,ST-50,P-10,9
OI-09295,2023-11-05,ST-65,P-23,2
IG-780082,2023-02-26,ST-17,P-68,10
UT-365537,2020-12-13,ST-56,P-26,7
WT-2518,2020-07-24,ST-44,P-80,2
ZO-681243,2021-12-27,ST-41,P-80,2
BH-746599,2021-06-28,ST-41,P-26,3
VD-66087,2023-09-24,ST-7,P-9,8
FC-617053,2024-05-26,ST-64,P-70,6
UX-3225,2020-02-16,ST-25,P-12,8
LX-360558,2021-04-05,ST-52,P-49,2
QM-355005,2023-05-14,ST-18,P-33,5
GR-3334,2020-08-22,ST-21,P-57,2
TI-5157,2024-01-06,ST-49,P-3,10
JB-14625,2021-05-10,ST-62,P-15,2
XJ-06411,2022-01-28,ST-73,P-33,6
MY-72567,2024-09-26,ST-68,P-60,7
WG-8529,2024-06-13,ST-56,P-12,3
IK-4721,2020-06-19,ST-65,P-57,9
XV-68594,2024-08-30,ST-64,P-81,10
LA-565770,2020-06-18,ST-23,P-32,8
CQ-340333,2023-01-01,ST-48,P-32,8
GY-98860,2023-03-24,ST-6,P-44,10
UC-3791,2022-10-11,ST-36,P-22,4
LF-3667,2020-05-29,ST-43,P-20,3
QP-951378,2024-09-01,ST-1,P-64,2
KT-31506,2020-07-29,ST-42,P-43,2
JV-12394,2020-02-15,ST-3,P-69,8
JY-82084,2024-05-22,ST-72,P-4,4
AN-1906,2023-02-10,ST-71,P-4,6
UW-700944,2022-12-17,ST-57,P-51,3
AK-92110,2023-05-30,ST-49,P-65,1
NI-44237,2022-03-08,ST-10,P-45,7
MW-684930,2021-01-18,ST-9,P-72,2
MK-1350,2021-08-12,ST-45,P-44,6
VO-838386,2020-03-16,ST-20,P-27,9
CK-093477,2024-05-25,ST-73,P-62,1
BC-0746,2020-12-01,ST-55,P-72,10
KO-775718,2020-02-13,ST-46,P-4,10
CX-896346,2024-02-10,ST-46,P-67,7
BQ-6273,2020-09-11,ST-44,P-64,2
AC-2616,2021-01-01,ST-47,P-22,5
KE-8249,2020-06-24,ST-17,P-52,3
ZM-367001,2023-10-27,ST-75,P-79,1
VS-179058,2020-06-13,ST-54,P-64,10
GH-07179,2024-02-04,ST-62,P-87,1
YG-556411,2021-05-17,ST-66,P-23,1
EJ-479505,2021-01-23,ST-55,P-51,8
QY-49098,2022-06-08,ST-8,P-13,5
ND-68912,2022-04-05,ST-55,P-48,8
WE-430073,2024-03-11,ST-57,P-13,5
ME-1957,2024-04-25,ST-68,P-9,1
JI-203034,2023-07-31,ST-43,P-66,7
BJ-823770,2022-08-20,ST-13,P-11,3
IW-09212,2024-08-06,ST-59,P-55,10
AA-29074,2024-06-02,ST-46,P-85,9
GS-04912,2020-12-20,ST-13,P-39,5
JY-167251,2020-07-04,ST-8,P-6,2
OO-83229,2023-09-05,ST-43,P-44,9
WS-0127,2021-07-09,ST-33,P-28,5
QK-9898,2020-07-14,ST-13,P-84,9
BQ-6985,2022-09-30,ST-25,P-52,6
VL-9860,2022-05-09,ST-37,P-16,3
XI-95385,2021-03-15,ST-67,P-44,2
TG-85247,2024-03-02,ST-40,P-61,2
CW-89579,2022-02-06,ST-15,P-50,9
JM-0463,2021-03-05,ST-24,P-35,10
HD-59708,2021-01-16,ST-60,P-21,8
LM-4999,2021-05-12,ST-68,P-42,10
VD-70089,2021-02-04,ST-68,P-19,5
JO-833914,2023-03-06,ST-21,P-80,4
EF-0082,2021-02-18,ST-63,P-85,8
RN-61369,2023-03-28,ST-29,P-13,10
EZ-9588,2024-11-01,ST-3,P-78,2
EV-09955,2021-01-11,ST-45,P-71,10
DR-19055,2021-12-26,ST-57,P-78,5
NN-395091,2021-06-30,ST-56,P-79,8
UR-276638,2022-02-23,ST-44,P-83,8
PI-086310,2021-07-23,ST-46,P-25,7
NP-55038,2022-01-28,ST-36,P-59,3
ZI-836511,2021-08-16,ST-51,P-67,3
VW-0727,2021-06-25,ST-24,P-70,7
VH-273281,2022-10-25,ST-56,P-5,7
CE-447216,2020-10-02,ST-24,P-83,8
LW-770873,2021-07-26,ST-65,P-79,10
FJ-03325,2021-10-13,ST-31,P-5,4
QH-8964,2024-02-24,ST-39,P-48,6
TL-93710,2024-04-27,ST-21,P-45,7
AT-98306,2022-09-24,ST-17,P-72,3
OH-65190,2021-08-07,ST-66,P-31,5
WG-14358,2022-10-27,ST-75,P-85,4
HG-1933,2024-05-30,ST-10,P-26,4
AB-8477,2020-06-27,ST-30,P-53,5
MJ-84121,2024-03-03,ST-24,P-65,8
AE-6046,2022-02-28,ST-16,P-82,9
TB-407146,2021-04-28,ST-56,P-49,4
IL-462115,2020-11-11,ST-32,P-72,2
JV-087694,2022-04-17,ST-59,P-48,4
BP-13880,2021-02-24,ST-47,P-45,3
KJ-494200,2023-05-29,ST-46,P-72,5
ZE-675897,2023-12-19,ST-34,P-38,7
FK-45673,2023-02-26,ST-30,P-27,1
QS-84279,2020-11-24,ST-1,P-37,2
QD-4586,2023-03-31,ST-9,P-24,9
FW-014944,2024-03-03,ST-72,P-43,5
GR-11754,2020-07-09,ST-74,P-20,1
IP-445841,2022-01-20,ST-18,P-49,8
PZ-94649,2022-07-03,ST-50,P-34,5
YE-45021,2024-07-22,ST-74,P-19,1
OQ-4173,2021-12-15,ST-68,P-74,10
IX-97723,2021-08-04,ST-4,P-53,2
HH-31929,2023-07-21,ST-31,P-17,6
YP-15981,2021-01-27,ST-56,P-63,4
MB-3222,2023-02-21,ST-38,P-68,6
KR-091107,2020-03-04,ST-32,P-63,3
OV-78950,2021-12-12,ST-51,P-28,3
SY-70394,2020-10-14,ST-72,P-43,8
ZI-97191,2022-09-16,ST-25,P-71,1
PU-1690,2022-06-26,ST-2,P-49,4
CH-29794,2023-07-12,ST-42,P-63,4
CC-52297,2023-04-03,ST-59,P-2,9
QK-8480,2022-10-16,ST-50,P-87,3
SZ-5142,2021-03-30,ST-45,P-51,5
NJ-150243,2020-02-04,ST-29,P-80,4
MJ-31198,2022-08-27,ST-34,P-24,3
SX-09658,2024-02-26,ST-22,P-30,10
HX-80312,2024-10-10,ST-24,P-6,3
NU-163883,2020-08-29,ST-42,P-61,10
JG-61505,2023-02-01,ST-31,P-88,7
JS-867069,2024-07-30,ST-7,P-45,2
NI-83698,2021-11-24,ST-56,P-20,3
JH-963841,2023-08-19,ST-9,P-9,5
SN-306895,2023-09-19,ST-39,P-13,10
JV-2960,2020-04-08,ST-69,P-85,3
FG-0217,2020-07-16,ST-29,P-52,8
DX-86138,2023-09-07,ST-14,P-57,5
IA-164424,2022-11-28,ST-61,P-8,6
JH-177298,2020-04-18,ST-64,P-75,9
JA-77656,2021-01-15,ST-56,P-88,5
KZ-3626,2023-08-04,ST-65,P-37,4
LX-054598,2022-09-26,ST-43,P-69,8
ED-207108,2022-10-07,ST-6,P-60,10
FB-7543,2024-05-30,ST-15,P-80,1
IV-29693,2020-07-27,ST-41,P-46,1
WL-7493,2021-02-27,ST-6,P-43,6
AA-133370,2023-02-26,ST-58,P-24,3
QL-02662,2024-02-17,ST-19,P-26,3
WT-68915,2024-10-21,ST-1,P-35,7
MH-740155,2024-11-01,ST-3,P-80,4
RA-21700,2020-07-21,ST-73,P-85,10
QD-913306,2022-10-18,ST-22,P-84,7
UF-249627,2024-08-31,ST-73,P-44,8
JO-70887,2021-08-06,ST-33,P-67,2
YC-132294,2020-09-27,ST-59,P-50,5
JC-4773,2024-03-20,ST-45,P-42,5
HL-97458,2021-11-13,ST-53,P-72,3
RU-67593,2021-02-02,ST-59,P-69,6
VF-17643,2022-09-14,ST-74,P-37,1
BC-9520,2023-07-14,ST-37,P-70,1
OS-35150,2021-02-12,ST-40,P-62,10
EH-6887,2024-03-13,ST-45,P-50,6
HN-3093,2022-05-05,ST-36,P-9,3
RP-13887,2024-01-02,ST-75,P-16,9
KI-21226,2022-08-22,ST-38,P-10,3
XG-14988,2023-10-27,ST-22,P-13,1
UR-51343,2023-05-22,ST-58,P-24,1
GH-45641,2023-06-30,ST-74,P-85,5
QM-6823,2024-08-13,ST-48,P-50,2
GQ-988767,2020-10-05,ST-59,P-31,9
BK-154465,2021-06-16,ST-65,P-34,1
VE-3834,2024-06-12,ST-75,P-47,3
TV-509243,2024-04-20,ST-2,P-17,9
FT-19623,2023-05-21,ST-11,P-33,3
DB-172140,2022-02-03,ST-17,P-70,10
EE-4982,2022-08-03,ST-31,P-68,4
QZ-2260,2024-02-12,ST-20,P-53,4
OA-66076,2024-08-04,ST-42,P-39,3
IO-0087,2023-03-30,ST-13,P-27,1
IP-9768,2023-04-01,ST-38,P-76,6
DH-58217,2024-08-18,ST-55,P-44,9
EU-82235,2023-03-28,ST-55,P-73,8
QZ-5322,2023-07-08,ST-51,P-60,10
XG-446263,2020-07-29,ST-53,P-25,8
VG-0424,2023-09-21,ST-58,P-77,2
QP-0517,2023-02-18,ST-30,P-53,10
PF-943807,2021-01-06,ST-73,P-68,2
EY-8439,2023-05-22,ST-28,P-7,3
DG-94893,2022-07-18,ST-66,P-71,4
OB-7101,2024-02-05,ST-16,P-47,3
DA-4060,2022-09-03,ST-71,P-87,7
ML-2630,2024-07-22,ST-48,P-12,1
AN-960185,2021-12-12,ST-67,P-66,10
LN-181260,2024-02-07,ST-47,P-37,2
VD-3930,2024-06-06,ST-7,P-84,4
II-55746,2022-08-28,ST-37,P-49,2
CN-737783,2024-02-10,ST-3,P-22,6
DX-9391,2022-04-27,ST-73,P-75,10
VB-8501,2023-01-03,ST-19,P-33,9
TS-5893,2023-05-31,ST-60,P-45,10
GN-1120,2022-10-21,ST-9,P-27,1
OO-1268,2021-10-29,ST-14,P-18,9
UT-990757,2023-11-06,ST-66,P-16,10
OP-6687,2023-06-05,ST-66,P-54,5
CN-25457,2020-10-29,ST-36,P-50,9
DR-323307,2020-04-12,ST-2,P-36,3
TT-5740,2024-02-18,ST-50,P-26,6
XO-9671,2021-09-12,ST-29,P-3,2
BB-6314,2021-05-11,ST-59,P-27,9
IQ-51173,2021-09-30,ST-37,P-21,3
JA-4463,2021-01-03,ST-5,P-51,6
LS-7710,2020-01-16,ST-71,P-26,5
YQ-195078,2020-06-07,ST-60,P-60,4
SV-6329,2020-03-02,ST-9,P-57,8
SA-24702,2021-10-03,ST-25,P-19,5
LT-3799,2021-02-21,ST-4,P-54,5
HH-71036,2023-09-09,ST-38,P-1,5
OU-729398,2021-08-29,ST-60,P-79,8
DP-62523,2023-11-16,ST-26,P-20,5
RY-77723,2022-04-02,ST-31,P-23,8
XF-06891,2021-01-12,ST-64,P-27,8
YY-559015,2024-10-15,ST-29,P-59,10
KC-992801,2020-12-11,ST-44,P-56,10
DP-015487,2021-10-31,ST-18,P-81,8
GT-7635,2020-05-21,ST-1,P-53,10
FB-56444,2024-04-25,ST-9,P-46,6
ZG-6168,2020-09-24,ST-62,P-81,2
RU-2976,2020-11-08,ST-57,P-62,8
DT-67709,2020-09-23,ST-63,P-35,7
ES-39287,2023-11-25,ST-60,P-53,5
OQ-21886,2022-05-22,ST-73,P-87,2
TA-81969,2021-07-11,ST-35,P-40,9
CL-8122,2022-10-09,ST-38,P-52,3
LK-11785,2022-09-13,ST-63,P-72,5
JP-8431,2022-04-22,ST-37,P-72,6
EJ-66720,2021-07-09,ST-34,P-72,9
LW-76995,2021-08-27,ST-50,P-62,2
UP-216996,2022-07-22,ST-63,P-56,1
QC-198750,2022-02-27,ST-55,P-79,9
QI-312918,2022-02-13,ST-36,P-16,10
TT-4483,2020-08-27,ST-72,P-10,5
WR-6540,2024-04-03,ST-59,P-62,5
AK-198495,2023-11-24,ST-22,P-23,10
UG-5045,2020-05-01,ST-24,P-8,2
KN-56306,2023-02-16,ST-67,P-88,9
VN-996547,2021-02-01,ST-38,P-65,2
AM-1560,2020-05-09,ST-62,P-25,1
SH-8969,2023-10-01,ST-64,P-33,2
NH-772801,2020-08-31,ST-34,P-16,7
UD-23795,2023-12-21,ST-36,P-62,10
KL-35893,2020-06-28,ST-19,P-29,8
IU-6760,2020-08-04,ST-69,P-45,2
IX-433039,2022-11-06,ST-10,P-79,10
WW-56989,2022-06-04,ST-66,P-74,6
QF-8945,2021-06-15,ST-30,P-31,5
PM-9942,2024-10-16,ST-46,P-81,10
NA-5782,2024-06-27,ST-62,P-73,4
NB-140340,2022-05-18,ST-57,P-40,4
SQ-722161,2021-11-15,ST-23,P-72,4
OB-5883,2021-03-06,ST-69,P-37,5
VS-6264,2020-10-21,ST-39,P-4,6
ID-936722,2024-07-03,ST-21,P-54,4
CJ-384781,2023-06-19,ST-39,P-14,9
CR-2731,2020-04-21,ST-73,P-41,9
ZD-16419,2024-05-18,ST-19,P-89,6
WG-3321,2020-06-01,ST-18,P-8,2
UU-57785,2021-04-03,ST-66,P-57,1
YW-8038,2022-11-24,ST-26,P-86,7
KB-71838,2021-12-15,ST-11,P-49,8
EL-286902,2024-03-10,ST-11,P-49,10
VL-48300,2020-12-23,ST-75,P-75,7
AE-0065,2022-03-23,ST-54,P-71,2
FJ-340873,2023-11-08,ST-39,P-49,5
UK-524729,2022-09-07,ST-44,P-47,9
GG-3542,2023-03-15,ST-29,P-13,10
SF-927427,2020-12-02,ST-37,P-80,3
WI-639574,2024-02-14,ST-68,P-16,2
BW-0381,2022-05-19,ST-60,P-50,8
LX-661967,2024-09-25,ST-16,P-69,1
WN-8319,2022-12-28,ST-10,P-82,8
OJ-12661,2024-09-10,ST-29,P-44,5
KS-48768,2021-12-31,ST-25,P-52,7
EU-91531,2022-12-04,ST-9,P-62,6
BL-548375,2022-09-05,ST-7,P-39,1
US-8128,2023-06-19,ST-67,P-6,7
SM-2728,2022-04-06,ST-42,P-28,1
XS-9165,2024-09-21,ST-43,P-77,10
EW-6701,2021-01-20,ST-59,P-63,4
SN-527685,2020-02-04,ST-49,P-9,1
YU-051924,2024-10-08,ST-11,P-20,9
GM-603816,2022-09-02,ST-56,P-83,6
TE-589696,2023-05-24,ST-18,P-24,3
OK-030980,2024-01-07,ST-14,P-54,2
BT-913847,2020-02-16,ST-10,P-73,8
XA-978503,2020-07-03,ST-1,P-23,10
ZV-7233,2024-05-03,ST-23,P-81,9
MH-72952,2023-06-17,ST-23,P-26,3
ND-9780,2024-07-10,ST-17,P-51,1
IG-18552,2022-08-23,ST-23,P-1,6
LF-99781,2020-11-25,ST-7,P-59,2
FK-78954,2022-04-11,ST-15,P-39,10
PU-006573,2023-05-11,ST-72,P-82,7
JR-53290,2022-05-17,ST-72,P-14,6
XI-990648,2020-04-14,ST-47,P-13,6
OS-44763,2021-11-13,ST-11,P-15,6
OS-932943,2022-03-18,ST-23,P-76,4
FG-80985,2022-02-11,ST-7,P-66,2
HN-92882,2022-11-13,ST-10,P-39,4
EJ-409944,2024-06-25,ST-9,P-30,6
VK-93255,2021-04-27,ST-53,P-75,6
GY-65776,2020-01-26,ST-43,P-84,8
EI-788384,2020-06-14,ST-18,P-24,4
IM-9986,2022-05-01,ST-62,P-61,10
CF-3989,2022-02-24,ST-67,P-18,8
BT-76580,2023-07-12,ST-42,P-4,2
YZ-122103,2021-10-01,ST-71,P-42,9
PU-4495,2023-06-21,ST-62,P-50,9
VT-59279,2020-05-18,ST-53,P-72,8
VO-89578,2023-10-13,ST-18,P-47,8
UI-0066,2022-07-15,ST-45,P-82,1
ZL-018946,2022-04-18,ST-43,P-38,4
TF-21412,2020-07-22,ST-34,P-64,7
LU-71789,2021-12-04,ST-32,P-50,10
SF-53628,2023-05-06,ST-50,P-89,9
ED-0296,2023-03-26,ST-62,P-53,9
UT-223940,2023-08-31,ST-40,P-31,3
KM-337698,2024-08-28,ST-47,P-9,9
NX-359278,2021-08-29,ST-60,P-34,9
AA-59909,2024-03-13,ST-68,P-49,5
HE-3308,2021-11-29,ST-69,P-84,7
VI-0148,2020-03-17,ST-60,P-58,9
TL-560102,2024-10-04,ST-36,P-65,9
YW-38714,2020-02-27,ST-14,P-43,1
SF-2550,2022-12-25,ST-56,P-4,6
JU-3958,2021-04-21,ST-12,P-30,8
RG-244012,2021-02-16,ST-52,P-16,2
CD-314987,2021-06-22,ST-60,P-29,1
GO-56515,2020-06-05,ST-14,P-12,10
CB-159088,2022-11-08,ST-2,P-5,7
KJ-123869,2022-09-17,ST-26,P-44,5
EJ-5192,2023-07-25,ST-8,P-12,9
BX-32132,2023-09-14,ST-48,P-84,2
UD-92690,2021-09-02,ST-25,P-5,1
IM-79368,2020-10-14,ST-36,P-35,9
AG-519124,2020-07-31,ST-72,P-50,8
ZN-6122,2023-07-12,ST-30,P-12,8
RL-702259,2022-03-02,ST-74,P-89,9
ND-629241,2020-12-19,ST-42,P-35,2
OR-743078,2023-04-10,ST-16,P-43,4
HO-150955,2023-01-01,ST-5,P-31,3
OX-03908,2021-12-19,ST-27,P-43,9
KF-3236,2022-02-06,ST-18,P-22,10
SY-674990,2021-06-09,ST-30,P-32,6
DA-99935,2023-01-21,ST-50,P-27,7
XM-2869,2020-08-07,ST-35,P-4,1
XF-327325,2022-06-23,ST-17,P-75,7
ZW-6227,2022-02-12,ST-51,P-78,7
ZX-97459,2023-09-17,ST-22,P-65,9
GY-8422,2022-11-03,ST-6,P-38,6
XT-6233,2022-09-08,ST-69,P-17,5
ER-2549,2024-03-21,ST-48,P-56,2
HI-85160,2023-08-27,ST-53,P-8,1
TL-63055,2023-02-23,ST-7,P-81,7
DT-65469,2020-08-29,ST-68,P-69,1
IX-69951,2020-04-23,ST-56,P-43,5
TT-434180,2024-05-14,ST-62,P-63,1
HH-142815,2021-12-03,ST-65,P-29,10
XX-987762,2023-02-12,ST-23,P-7,1
VP-23831,2023-03-26,ST-31,P-52,4
AA-567197,2022-08-17,ST-65,P-49,5
WV-2638,2022-03-20,ST-65,P-52,4
EA-15615,2021-12-29,ST-5,P-23,2
TJ-5746,2022-08-12,ST-30,P-18,6
JH-52183,2021-03-15,ST-22,P-78,7
UH-241850,2024-06-30,ST-2,P-16,6
BM-0019,2021-11-06,ST-3,P-43,6
SP-026198,2021-03-16,ST-16,P-53,5
JG-111375,2020-06-13,ST-37,P-1,7
FZ-36564,2022-08-30,ST-68,P-21,4
JG-953955,2022-10-30,ST-19,P-44,6
VF-627570,2023-07-08,ST-22,P-50,10
VR-835480,2020-03-10,ST-27,P-5,1
ZD-887571,2023-01-31,ST-55,P-88,5
QT-13612,2021-10-18,ST-9,P-85,6
QH-35398,2020-02-06,ST-52,P-81,10
OT-416284,2024-05-10,ST-44,P-2,3
FU-0561,2020-06-04,ST-23,P-83,6
SM-503667,2022-08-04,ST-42,P-23,7
QO-8282,2024-01-13,ST-63,P-51,3
PF-783772,2020-10-05,ST-5,P-12,10
OQ-5875,2020-09-25,ST-57,P-25,7
BX-87912,2022-09-21,ST-42,P-35,4
CJ-77390,2020-02-10,ST-56,P-27,4
SQ-10866,2021-11-22,ST-5,P-69,3
ZZ-26759,2021-10-30,ST-31,P-73,4
VJ-09416,2022-10-31,ST-7,P-14,7
JI-9188,2020-01-16,ST-8,P-19,2
AP-80732,2022-06-01,ST-38,P-41,10
HF-0348,2024-01-25,ST-20,P-81,5
PN-847536,2024-09-27,ST-61,P-57,4
UE-57666,2021-10-04,ST-73,P-6,2
UD-79346,2024-01-13,ST-49,P-57,3
XN-324564,2024-07-26,ST-27,P-44,7
JI-8718,2023-06-11,ST-72,P-26,2
MP-082486,2023-08-14,ST-36,P-35,7
CA-783164,2020-08-25,ST-54,P-67,3
ET-999268,2024-01-30,ST-6,P-49,3
PK-48555,2023-11-07,ST-8,P-49,7
RN-1108,2021-02-05,ST-12,P-11,10
EH-2135,2020-01-18,ST-24,P-48,10
LS-3207,2022-06-10,ST-33,P-70,3
WI-2159,2020-01-16,ST-64,P-75,8
JF-21582,2024-10-25,ST-32,P-42,10
KC-43196,2023-08-08,ST-34,P-17,1
IM-042135,2023-10-21,ST-72,P-62,5
ZN-13612,2021-01-19,ST-41,P-84,9
TO-661796,2020-04-06,ST-62,P-59,9
IY-611887,2020-08-31,ST-64,P-47,4
WQ-7811,2020-07-29,ST-35,P-74,7
QX-939852,2021-11-11,ST-49,P-67,7
CK-1805,2021-11-20,ST-26,P-55,5
HH-00980,2021-06-06,ST-72,P-38,9
DD-27109,2021-11-21,ST-12,P-31,3
XD-680970,2024-10-16,ST-40,P-23,3
DQ-76619,2020-12-27,ST-41,P-19,7
AK-1212,2023-01-18,ST-28,P-27,8
AQ-95052,2021-10-26,ST-30,P-37,10
IS-47058,2021-02-14,ST-10,P-44,10
QM-798321,2023-01-06,ST-17,P-52,5
JF-5547,2021-10-28,ST-6,P-60,3
IF-195540,2022-02-01,ST-10,P-81,2
AQ-107217,2020-09-13,ST-26,P-4,7
SF-318538,2021-02-27,ST-71,P-56,10
ZN-16611,2022-03-15,ST-55,P-77,9
IV-596277,2023-04-26,ST-68,P-15,8
GQ-223816,2020-09-15,ST-43,P-23,6
LS-196214,2020-07-17,ST-48,P-18,9
TW-39690,2021-11-29,ST-9,P-16,3
KO-6131,2023-11-11,ST-19,P-82,6
UJ-400217,2022-02-03,ST-12,P-20,4
DJ-921004,2023-05-30,ST-66,P-58,6
BV-85838,2024-08-30,ST-27,P-70,1
GZ-24470,2022-12-06,ST-7,P-20,1
MC-78940,2022-12-16,ST-54,P-20,8
HB-460256,2020-04-02,ST-33,P-27,2
ZS-4752,2024-04-02,ST-23,P-16,8
MV-3286,2020-03-16,ST-52,P-15,10
GO-4932,2021-02-25,ST-63,P-55,4
QJ-006593,2022-10-16,ST-6,P-61,6
DG-93402,2022-09-15,ST-74,P-30,2
QD-88952,2020-09-16,ST-26,P-44,3
DL-17317,2024-09-20,ST-48,P-25,5
BY-502999,2024-07-03,ST-57,P-20,2
QS-86365,2024-06-29,ST-67,P-51,10
BL-53835,2023-07-28,ST-15,P-46,6
OC-829203,2024-07-04,ST-37,P-82,2
SV-0364,2023-02-16,ST-28,P-88,9
VZ-13308,2021-09-20,ST-18,P-38,7
RO-87229,2024-02-20,ST-19,P-22,4
RK-95824,2021-07-16,ST-50,P-82,3
CI-06111,2020-07-23,ST-60,P-25,7
OT-88588,2020-09-15,ST-26,P-27,2
SN-4132,2023-05-24,ST-30,P-2,5
VB-42433,2022-07-29,ST-14,P-26,8
EV-24177,2020-08-08,ST-25,P-18,2
WP-554024,2023-07-04,ST-43,P-72,4
LP-4359,2024-03-14,ST-49,P-52,9
RZ-894990,2023-05-15,ST-6,P-69,2
IF-32676,2024-01-31,ST-37,P-19,6
ZV-052560,2022-12-21,ST-21,P-63,2
WW-435998,2024-03-28,ST-66,P-59,2
JB-0241,2020-09-09,ST-28,P-54,3
IT-197864,2022-11-25,ST-51,P-44,1
KD-613349,2024-09-29,ST-17,P-53,5
HO-93571,2021-03-26,ST-37,P-83,6
QV-94951,2022-08-15,ST-54,P-48,6
ZP-1514,2021-03-02,ST-42,P-85,5
DX-5647,2020-05-18,ST-67,P-27,4
DH-575590,2024-01-24,ST-60,P-59,6
SI-936175,2023-05-13,ST-17,P-54,4
EV-50017,2023-10-19,ST-55,P-57,2
HK-047358,2021-11-10,ST-15,P-73,4
WE-6721,2020-04-02,ST-14,P-63,5
BI-57488,2023-06-19,ST-60,P-61,8
XW-319669,2024-03-08,ST-2,P-74,8
GS-1738,2022-03-26,ST-40,P-9,6
NC-527577,2024-10-27,ST-30,P-43,10
II-97641,2021-02-15,ST-55,P-38,6
WO-642879,2024-03-26,ST-74,P-71,5
SK-4333,2023-12-16,ST-52,P-23,3
KQ-339557,2024-07-20,ST-38,P-45,2
DA-666577,2020-07-10,ST-41,P-27,3
PV-7960,2023-09-30,ST-59,P-25,8
LT-53900,2024-04-07,ST-25,P-11,5
FI-291124,2023-04-21,ST-60,P-35,1
YM-5699,2022-06-27,ST-34,P-87,4
EO-27701,2024-03-30,ST-25,P-20,1
WX-30274,2020-02-10,ST-2,P-86,10
AT-1590,2020-01-14,ST-27,P-83,9
NO-5155,2024-03-29,ST-60,P-57,6
BK-448575,2020-02-13,ST-48,P-55,4
LK-6440,2022-04-23,ST-30,P-56,6
OE-87444,2020-03-05,ST-27,P-18,7
CC-545042,2022-09-05,ST-72,P-80,7
HT-22023,2021-05-29,ST-28,P-28,10
AE-80298,2021-04-15,ST-40,P-56,7
WT-83319,2023-06-27,ST-56,P-12,8
BS-85548,2024-07-24,ST-19,P-11,10
TJ-76317,2022-02-10,ST-37,P-7,9
FF-282246,2023-10-02,ST-46,P-17,9
VG-982795,2020-05-14,ST-13,P-29,9
PU-76349,2024-09-13,ST-13,P-74,5
AR-4864,2021-07-22,ST-48,P-46,1
EZ-65270,2023-05-06,ST-56,P-15,2
MV-318287,2020-11-15,ST-35,P-21,2
ZG-2408,2022-01-01,ST-40,P-32,8
TL-94970,2020-03-07,ST-54,P-39,4
QL-261945,2023-01-05,ST-43,P-2,10
QK-1501,2021-05-15,ST-32,P-12,2
AC-08636,2023-04-04,ST-39,P-13,2
YL-72478,2022-05-10,ST-29,P-63,1
MD-234716,2024-08-18,ST-54,P-74,4
HM-877349,2020-01-07,ST-40,P-70,2
XI-31591,2022-05-17,ST-3,P-85,2
EB-6798,2023-05-19,ST-4,P-27,9
GJ-16612,2020-09-20,ST-6,P-50,8
RI-3934,2024-01-21,ST-40,P-77,8
FC-297722,2024-11-03,ST-1,P-33,6
XN-77179,2021-10-17,ST-50,P-58,4
ZE-14191,2023-07-01,ST-23,P-50,3
JU-6607,2023-02-26,ST-45,P-89,2
GD-43283,2023-10-24,ST-65,P-66,3
KX-4824,2023-09-04,ST-60,P-48,2
SG-5769,2022-11-12,ST-51,P-62,10
DK-249667,2020-09-03,ST-27,P-6,2
KW-548855,2022-03-18,ST-14,P-31,3
HH-230181,2022-10-20,ST-66,P-26,2
ZP-40679,2022-05-22,ST-55,P-25,10
MV-8933,2021-02-27,ST-58,P-29,8
LN-90574,2020-10-28,ST-39,P-84,10
LW-85432,2021-05-19,ST-16,P-17,2
ER-759299,2024-07-03,ST-18,P-19,2
JN-29059,2020-10-28,ST-74,P-17,3
VT-9784,2020-01-19,ST-42,P-34,5
HI-6899,2021-08-15,ST-22,P-24,3
GW-772758,2024-06-07,ST-18,P-42,9
HS-0872,2022-06-22,ST-68,P-49,2
TC-9857,2021-01-14,ST-33,P-84,5
DQ-91578,2022-10-31,ST-29,P-75,4
QT-4850,2024-07-25,ST-35,P-16,4
ED-010205,2020-06-08,ST-58,P-19,8
VG-737302,2023-03-22,ST-65,P-72,8
LA-769190,2022-04-21,ST-33,P-75,4
QW-4905,2023-08-25,ST-74,P-19,3
IT-29222,2024-01-29,ST-64,P-22,8
RQ-1794,2021-04-28,ST-60,P-44,3
KK-31800,2023-05-01,ST-48,P-72,8
UI-6659,2022-04-11,ST-69,P-85,1
BC-94837,2024-06-08,ST-8,P-35,5
MM-719459,2023-05-01,ST-35,P-32,6
OE-250328,2021-08-04,ST-17,P-51,5
MP-269586,2023-09-21,ST-48,P-49,3
ZR-2010,2022-02-23,ST-26,P-82,2
CZ-14945,2023-12-14,ST-50,P-66,4
GS-6912,2024-08-15,ST-51,P-47,7
RQ-33849,2024-11-01,ST-49,P-85,4
WY-49256,2022-03-01,ST-63,P-31,8
AX-3236,2024-10-21,ST-10,P-15,2
WW-675797,2022-03-31,ST-28,P-9,3
GH-833605,2022-07-26,ST-38,P-57,6
BU-431341,2023-04-15,ST-68,P-20,8
PR-0674,2023-02-12,ST-73,P-61,7
DQ-2185,2021-05-10,ST-74,P-31,4
IN-059059,2022-02-09,ST-20,P-57,2
VD-0097,2023-05-10,ST-35,P-18,7
MJ-8213,2021-09-07,ST-70,P-70,9
CW-73158,2024-05-23,ST-27,P-12,3
VR-077331,2021-12-23,ST-1,P-46,5
KB-2549,2022-11-19,ST-54,P-50,2
VR-42757,2024-07-23,ST-5,P-57,4
YX-411047,2024-07-15,ST-69,P-53,6
VE-347370,2024-11-05,ST-20,P-88,3
QM-01386,2022-06-20,ST-61,P-4,9
VS-193817,2024-03-27,ST-25,P-7,9
VB-1702,2022-02-07,ST-21,P-25,10
CC-784891,2022-02-20,ST-20,P-9,1
IK-66066,2021-06-14,ST-7,P-64,7
NP-36036,2023-04-30,ST-69,P-32,1
ZK-71912,2021-12-07,ST-52,P-3,1
DV-05265,2021-07-13,ST-49,P-52,4
LB-4806,2022-06-24,ST-41,P-7,8
BZ-5223,2023-04-07,ST-68,P-80,8
IK-391491,2024-01-11,ST-4,P-48,5
DV-316814,2022-12-09,ST-52,P-49,8
MY-87473,2021-07-05,ST-27,P-18,2
TN-8446,2020-10-07,ST-10,P-23,3
EP-91849,2023-10-15,ST-15,P-14,8
KR-4160,2020-03-11,ST-23,P-87,1
JT-707882,2023-09-14,ST-7,P-62,4
RS-162121,2020-11-21,ST-4,P-51,4
NH-567409,2023-08-06,ST-56,P-37,5
SU-20187,2021-04-15,ST-24,P-82,8
UO-35131,2021-07-28,ST-71,P-87,3
EV-9040,2020-02-15,ST-28,P-43,3
OH-28719,2024-09-30,ST-55,P-57,9
PL-3290,2020-04-24,ST-74,P-17,10
NE-95919,2024-08-09,ST-65,P-49,2
BQ-71617,2021-11-24,ST-49,P-54,6
TI-000507,2022-05-12,ST-46,P-89,3
SO-69687,2024-05-05,ST-3,P-4,9
EI-00921,2022-08-03,ST-63,P-70,4
LO-958940,2020-03-02,ST-16,P-12,4
HS-7319,2020-08-09,ST-1,P-4,1
GT-56629,2024-04-17,ST-33,P-41,2
SI-5337,2023-12-01,ST-64,P-36,2
JY-06003,2020-04-20,ST-57,P-25,2
OZ-1600,2023-08-07,ST-8,P-56,8
IR-735044,2024-09-14,ST-5,P-30,6
GH-0741,2020-10-13,ST-59,P-67,3
AY-288070,2023-07-14,ST-67,P-47,1
XL-854207,2024-02-04,ST-49,P-60,9
PD-94092,2022-11-04,ST-67,P-37,2
IU-866027,2023-04-01,ST-14,P-47,6
WN-888822,2021-02-11,ST-62,P-25,4
HD-3499,2021-08-26,ST-71,P-81,7
IA-209096,2022-02-21,ST-43,P-6,9
OZ-467951,2020-12-07,ST-16,P-65,1
BH-1277,2024-02-19,ST-47,P-77,9
ZV-1718,2020-03-12,ST-47,P-82,2
FG-764833,2022-01-07,ST-26,P-70,9
WQ-069586,2020-12-07,ST-50,P-85,7
WZ-7528,2024-10-30,ST-20,P-32,5
GY-87830,2020-03-26,ST-58,P-71,10
BV-35176,2021-05-25,ST-55,P-77,10
FV-9686,2022-06-05,ST-54,P-4,9
KW-15806,2023-12-15,ST-35,P-19,8
HM-74826,2023-08-26,ST-48,P-9,1
WU-4418,2023-09-08,ST-8,P-17,5
TE-094473,2023-08-30,ST-64,P-88,1
EA-283101,2024-10-19,ST-2,P-7,4
GP-849289,2022-10-19,ST-8,P-48,8
FW-869325,2021-08-24,ST-71,P-12,9
IM-80193,2023-06-26,ST-55,P-19,3
DL-235556,2023-12-29,ST-36,P-22,9
MU-984788,2020-03-21,ST-37,P-6,4
WQ-277929,2024-07-08,ST-16,P-24,9
TY-305110,2021-12-20,ST-60,P-49,4
HN-4892,2020-09-27,ST-40,P-65,2
YN-009119,2021-08-23,ST-24,P-4,8
BY-10488,2022-05-15,ST-7,P-84,7
US-187694,2023-04-18,ST-36,P-40,8
AB-8618,2020-11-15,ST-62,P-66,7
JV-19385,2021-05-26,ST-12,P-66,1
XJ-0575,2023-02-16,ST-73,P-61,7
ZU-179004,2022-11-10,ST-73,P-75,7
TK-6974,2020-01-18,ST-26,P-53,8
YT-8294,2022-12-13,ST-3,P-66,2
JY-68381,2021-12-14,ST-17,P-79,10
IE-956346,2024-10-28,ST-38,P-77,10
MA-61992,2021-01-15,ST-24,P-55,9
VK-971025,2022-11-08,ST-56,P-84,4
ZA-1885,2022-07-21,ST-30,P-76,1
FD-83407,2020-07-23,ST-49,P-51,1
SY-89460,2022-01-29,ST-15,P-25,10
HM-00350,2020-12-11,ST-2,P-43,3
ZC-65818,2022-09-14,ST-31,P-68,7
TL-1263,2020-11-11,ST-3,P-73,4
PN-10108,2020-01-13,ST-37,P-21,10
ZO-90998,2023-12-10,ST-53,P-62,5
OM-06215,2023-08-30,ST-37,P-57,10
PQ-270520,2024-05-25,ST-13,P-42,7
CB-08019,2023-01-17,ST-4,P-37,7
GW-6755,2021-08-10,ST-17,P-58,3
ZD-2638,2021-11-24,ST-13,P-11,6
KY-07433,2021-04-10,ST-29,P-57,4
JL-9655,2024-07-26,ST-1,P-54,7
TR-0303,2022-10-21,ST-12,P-51,9
KG-547756,2022-02-13,ST-47,P-77,7
OR-3777,2022-08-01,ST-14,P-26,6
JU-783211,2022-08-12,ST-12,P-51,4
WR-764602,2021-01-21,ST-35,P-68,8
VL-2250,2021-01-25,ST-43,P-86,6
DL-2432,2024-01-24,ST-24,P-69,5
QO-28075,2021-08-10,ST-36,P-17,4
US-12754,2021-06-06,ST-57,P-31,7
DN-057970,2022-05-04,ST-7,P-75,8
JG-85734,2022-11-30,ST-5,P-17,2
VI-9926,2024-09-25,ST-44,P-32,1
WT-70596,2021-02-07,ST-71,P-1,4
XW-65603,2020-07-25,ST-7,P-43,7
MM-54600,2022-06-09,ST-37,P-81,1
EF-267867,2020-06-10,ST-49,P-88,10
ZG-22703,2024-08-09,ST-41,P-77,3
CX-731349,2024-01-12,ST-46,P-56,8
ZB-7998,2023-01-18,ST-59,P-68,4
MN-017475,2022-03-14,ST-50,P-2,4
GL-490526,2020-04-14,ST-37,P-7,5
GM-146478,2020-12-15,ST-37,P-84,6
ZL-4510,2022-12-15,ST-11,P-37,9
AT-430908,2021-12-20,ST-23,P-81,8
FC-03277,2020-12-27,ST-57,P-72,2
OR-2305,2020-09-22,ST-51,P-37,7
OW-4832,2024-07-20,ST-22,P-79,6
XF-882594,2020-01-11,ST-7,P-35,4
YM-533140,2020-08-21,ST-19,P-21,3
MN-521715,2021-09-14,ST-42,P-15,9
ZE-8700,2022-07-21,ST-16,P-80,4
FV-3711,2024-05-18,ST-10,P-56,1
ST-07790,2024-06-10,ST-62,P-22,9
RS-98572,2022-01-02,ST-27,P-80,8
TH-37490,2022-02-17,ST-29,P-29,1
KH-011329,2020-04-16,ST-44,P-86,6
LO-8547,2021-10-03,ST-48,P-49,8
UB-623162,2023-01-26,ST-43,P-67,2
WF-07781,2022-12-29,ST-67,P-2,7
AU-028816,2022-09-21,ST-52,P-65,8
OM-02629,2023-06-07,ST-39,P-20,7
UZ-13589,2023-02-05,ST-72,P-10,4
WV-71682,2020-09-07,ST-72,P-40,8
RL-78433,2021-09-06,ST-60,P-29,10
JB-47640,2022-09-27,ST-27,P-59,8
FN-348461,2024-06-26,ST-27,P-6,7
NE-60478,2021-03-18,ST-62,P-3,10
ZP-134843,2023-05-10,ST-35,P-5,2
AS-0416,2023-11-20,ST-4,P-50,9
WK-478374,2020-12-25,ST-75,P-24,1
CZ-491981,2022-05-15,ST-64,P-31,8
MR-378709,2022-06-11,ST-24,P-87,2
KQ-1388,2020-01-29,ST-58,P-25,4
ZI-2169,2020-04-18,ST-72,P-16,1
GB-562282,2020-06-20,ST-35,P-3,9
SC-884509,2024-04-13,ST-12,P-3,8
CS-18052,2022-09-02,ST-29,P-3,5
UH-13701,2021-10-30,ST-61,P-30,7
OT-699720,2023-03-15,ST-57,P-18,3
JE-2928,2020-04-08,ST-46,P-56,5
OJ-0169,2020-12-04,ST-46,P-29,3
JZ-940720,2021-08-02,ST-64,P-37,2
MQ-44637,2024-01-22,ST-59,P-12,6
GR-641442,2022-03-24,ST-62,P-38,1
LG-26774,2022-12-18,ST-12,P-47,2
UM-4711,2020-03-03,ST-25,P-13,6
WN-3921,2022-04-16,ST-35,P-79,10
UE-5360,2024-11-02,ST-32,P-42,1
QS-1340,2024-10-29,ST-50,P-14,4
IZ-2913,2023-06-18,ST-63,P-59,9
TG-620381,2020-09-27,ST-29,P-57,1
MU-92696,2020-09-14,ST-3,P-79,3
TJ-1185,2024-07-07,ST-41,P-32,7
OI-16630,2021-11-05,ST-56,P-50,3
YR-1003,2024-08-21,ST-28,P-59,3
IH-810455,2022-06-28,ST-75,P-7,10
ON-7601,2024-06-02,ST-45,P-83,2
IC-4581,2021-05-15,ST-15,P-69,6
MB-786705,2021-07-25,ST-10,P-47,6
TI-2121,2024-08-20,ST-4,P-32,9
HI-315190,2024-02-16,ST-54,P-45,10
VH-0128,2021-06-06,ST-63,P-74,1
OE-41028,2023-01-16,ST-45,P-31,1
QR-495265,2024-06-22,ST-63,P-36,3
PP-797368,2023-08-06,ST-54,P-42,9
OX-9149,2020-07-03,ST-1,P-7,3
EJ-98402,2023-11-28,ST-8,P-68,3
GR-2775,2021-02-22,ST-65,P-51,8
ZY-9233,2023-08-21,ST-30,P-68,6
DB-659478,2020-01-16,ST-72,P-24,6
IB-554348,2022-02-10,ST-36,P-7,8
OZ-168934,2022-01-19,ST-30,P-76,9
MQ-9256,2020-03-24,ST-16,P-21,4
UW-255338,2023-11-21,ST-9,P-75,2
TR-88860,2024-02-14,ST-11,P-57,1
FO-3584,2021-09-10,ST-48,P-19,1
SG-86347,2021-11-07,ST-7,P-15,9
GG-60564,2020-02-26,ST-18,P-36,1
GT-320875,2022-04-06,ST-70,P-79,3
FC-54507,2023-08-22,ST-40,P-15,7
JL-617404,2024-10-09,ST-38,P-16,4
UH-418868,2023-11-07,ST-49,P-30,5
HG-86718,2021-12-17,ST-5,P-81,4
WO-3217,2020-01-10,ST-11,P-36,1
YP-38391,2021-12-11,ST-65,P-2,4
CJ-903727,2021-01-19,ST-62,P-74,1
IS-395292,2023-06-07,ST-22,P-10,3
HK-373397,2022-12-26,ST-58,P-55,8
WE-5300,2023-05-28,ST-34,P-89,10
WG-607896,2020-12-06,ST-31,P-17,7
DA-650818,2022-04-22,ST-2,P-78,6
LA-83328,2022-07-29,ST-47,P-88,1
NC-479881,2020-12-24,ST-46,P-16,7
IW-328083,2021-08-21,ST-38,P-64,5
WB-33803,2022-02-15,ST-71,P-74,9
RK-63495,2022-06-13,ST-49,P-28,9
UZ-04497,2024-04-15,ST-6,P-28,5
KM-215193,2024-10-28,ST-14,P-54,3
HA-3888,2020-11-09,ST-33,P-85,5
BJ-912143,2020-01-30,ST-14,P-8,5
RP-9528,2020-12-05,ST-71,P-42,5
HX-836780,2021-07-17,ST-8,P-30,9
KJ-8038,2020-11-11,ST-12,P-34,3
WM-57620,2020-08-03,ST-54,P-41,6
EQ-29403,2020-01-21,ST-72,P-41,6
PV-007082,2020-06-11,ST-23,P-27,4
DX-6366,2022-10-13,ST-69,P-29,8
CG-42711,2023-12-05,ST-43,P-74,10
YN-5241,2021-12-27,ST-48,P-83,9
JU-55576,2024-06-22,ST-25,P-46,4
OF-872902,2022-08-15,ST-43,P-14,8
ZY-490080,2024-10-10,ST-40,P-18,9
CE-605173,2024-03-05,ST-10,P-23,4
LJ-5114,2022-12-28,ST-45,P-9,3
OY-467138,2023-11-06,ST-45,P-59,9
MI-847508,2021-01-02,ST-35,P-38,3
OG-95101,2024-06-27,ST-28,P-65,10
VP-527947,2020-10-08,ST-39,P-31,1
WF-0311,2021-07-14,ST-65,P-69,2
VM-1122,2021-02-06,ST-62,P-66,6
CL-32126,2020-12-07,ST-37,P-79,10
KQ-5059,2021-03-09,ST-19,P-43,8
EI-8856,2024-08-05,ST-15,P-21,10
YT-185532,2022-08-20,ST-47,P-59,10
ER-38077,2024-03-08,ST-34,P-38,9
YS-982736,2020-02-08,ST-41,P-7,3
OK-8081,2022-01-03,ST-3,P-52,7
UJ-10585,2023-11-22,ST-45,P-65,3
XS-8663,2020-12-11,ST-4,P-30,3
PM-59102,2023-01-29,ST-1,P-11,9
UN-7320,2020-12-07,ST-24,P-59,5
XS-4007,2023-02-05,ST-75,P-30,4
XW-40282,2023-06-03,ST-41,P-55,10
FD-685962,2022-04-27,ST-68,P-48,4
VH-57867,2023-11-23,ST-61,P-56,9
JU-6520,2022-05-27,ST-9,P-47,6
NU-347472,2021-03-22,ST-11,P-77,1
NC-64719,2022-09-19,ST-18,P-70,4
ZF-54917,2020-05-19,ST-16,P-4,4
ZI-79103,2024-04-28,ST-48,P-38,4
OB-63957,2022-09-01,ST-24,P-56,2
MJ-100804,2024-06-16,ST-8,P-28,1
JJ-306628,2021-07-16,ST-52,P-57,6
FE-02596,2023-04-05,ST-34,P-1,3
BQ-92335,2024-02-19,ST-1,P-81,4
KL-0445,2020-01-17,ST-68,P-78,6
TH-1658,2024-09-21,ST-41,P-16,7
YB-98866,2024-05-02,ST-3,P-86,9
PI-11052,2020-05-18,ST-50,P-8,4
JP-643591,2021-07-22,ST-52,P-69,10
XG-846811,2021-04-07,ST-75,P-41,9
SK-047334,2024-09-27,ST-7,P-87,3
GQ-39420,2021-11-29,ST-60,P-14,10
KF-36276,2023-12-12,ST-60,P-55,9
IL-71264,2020-11-18,ST-28,P-56,9
XW-1699,2023-08-30,ST-36,P-85,10
AZ-251745,2020-10-02,ST-71,P-87,4
TB-316731,2023-07-30,ST-42,P-19,2
ME-6897,2023-12-27,ST-40,P-57,10
EG-25650,2021-06-09,ST-14,P-45,5
OW-5447,2024-07-19,ST-42,P-18,1
HR-8711,2020-10-30,ST-72,P-9,6
FP-64449,2022-11-29,ST-38,P-78,2
ZF-0815,2023-03-01,ST-34,P-75,3
QM-14515,2023-01-22,ST-60,P-82,2
GA-01652,2020-10-22,ST-71,P-10,8
CP-732029,2022-08-19,ST-28,P-4,2
VO-600971,2024-01-08,ST-66,P-40,9
LS-9611,2020-03-01,ST-49,P-6,6
AC-4341,2023-06-07,ST-51,P-76,4
TN-598380,2020-03-27,ST-27,P-75,9
FA-24688,2023-03-31,ST-46,P-5,2
FS-155125,2023-04-04,ST-70,P-41,7
NZ-82940,2023-10-06,ST-44,P-36,10
ZG-7747,2023-02-16,ST-41,P-3,10
HJ-23761,2021-04-26,ST-31,P-79,5
AL-96165,2024-10-07,ST-39,P-26,8
QI-08054,2024-09-14,ST-71,P-6,7
VQ-762058,2024-08-14,ST-57,P-27,2
YM-349948,2023-05-31,ST-73,P-1,5
CU-73939,2022-04-16,ST-43,P-81,9
GV-57767,2023-10-29,ST-43,P-63,5
NN-57104,2020-04-11,ST-44,P-81,7
YF-3636,2022-09-01,ST-47,P-58,3
BN-045664,2024-03-23,ST-28,P-10,10
UG-00721,2022-10-11,ST-15,P-53,3
FQ-3191,2024-04-13,ST-65,P-87,7
XD-835178,2022-07-02,ST-47,P-78,4
RM-137557,2022-05-04,ST-23,P-23,7
IR-464244,2020-01-24,ST-3,P-86,4
EJ-729434,2021-06-18,ST-8,P-54,4
WG-89615,2024-02-06,ST-16,P-73,8
PQ-109536,2021-02-24,ST-1,P-29,8
OZ-3185,2024-05-02,ST-20,P-24,1
EN-061014,2024-07-11,ST-75,P-37,10
OI-8163,2020-09-18,ST-3,P-79,6
VH-87227,2023-08-31,ST-9,P-39,8
AT-7962,2023-05-11,ST-43,P-2,3
AY-92568,2020-05-01,ST-36,P-85,9
DJ-88574,2024-09-11,ST-37,P-56,7
PY-0513,2023-04-08,ST-45,P-9,9
VL-0840,2023-02-02,ST-31,P-52,2
MR-1219,2022-08-27,ST-74,P-63,4
RA-70589,2024-02-14,ST-62,P-59,7
GA-4763,2024-02-02,ST-33,P-23,9
JG-252144,2024-03-29,ST-75,P-50,5
HC-2719,2020-12-11,ST-72,P-72,2
DR-541724,2023-08-09,ST-5,P-75,10
OQ-922348,2021-03-22,ST-55,P-62,7
SJ-509703,2021-04-28,ST-73,P-39,9
VF-84160,2020-01-12,ST-1,P-56,4
WU-8353,2023-11-06,ST-73,P-70,6
YC-31765,2020-08-07,ST-44,P-38,4
CH-67977,2023-05-10,ST-7,P-63,3
ZX-984383,2024-06-09,ST-69,P-37,6
JT-535562,2020-02-22,ST-73,P-34,4
LN-06229,2023-03-18,ST-42,P-73,5
LJ-121245,2021-10-22,ST-3,P-3,8
XQ-5765,2023-03-29,ST-8,P-53,3
CK-33245,2024-06-21,ST-75,P-74,2
EY-09471,2022-11-24,ST-12,P-40,4
KR-75944,2023-01-15,ST-13,P-67,8
LD-457065,2023-08-05,ST-2,P-53,6
TR-49838,2020-01-21,ST-22,P-84,1
QK-798325,2021-12-30,ST-44,P-41,2
GW-9397,2023-05-08,ST-12,P-44,1
CP-5435,2023-12-07,ST-51,P-62,10
QI-07594,2022-04-08,ST-8,P-20,6
CV-31875,2023-05-02,ST-63,P-67,6
EI-797830,2022-01-28,ST-73,P-58,7
GU-24109,2021-06-22,ST-35,P-55,1
XM-164275,2020-07-02,ST-11,P-82,8
NB-71758,2020-05-24,ST-3,P-59,5
RR-382812,2022-11-27,ST-1,P-83,1
FX-7370,2020-09-01,ST-15,P-34,1
CE-2835,2021-05-27,ST-29,P-63,7
UM-385625,2021-01-18,ST-14,P-44,4
BG-278122,2021-05-24,ST-39,P-37,7
WB-2922,2020-06-26,ST-62,P-30,8
BB-7616,2023-07-15,ST-48,P-5,1
GJ-2605,2022-04-30,ST-58,P-50,7
JH-94907,2021-05-03,ST-1,P-40,3
TX-38168,2020-05-23,ST-50,P-52,10
PC-902604,2024-04-03,ST-51,P-5,2
UN-583222,2021-08-10,ST-33,P-2,7
FF-6405,2020-07-07,ST-15,P-45,7
UB-83695,2020-02-18,ST-22,P-40,2
ZH-804552,2024-04-09,ST-48,P-38,6
PD-139084,2022-11-29,ST-44,P-51,9
JI-9331,2021-10-12,ST-8,P-61,3
QQ-154487,2021-06-07,ST-64,P-61,1
KD-64923,2022-04-23,ST-9,P-30,10
QZ-60083,2021-12-08,ST-53,P-61,7
JS-657188,2024-11-11,ST-43,P-63,7
JH-090827,2021-05-26,ST-70,P-40,5
ZE-02131,2022-04-16,ST-66,P-66,6
WZ-782901,2023-02-05,ST-56,P-71,9
MT-007602,2021-06-10,ST-32,P-12,2
RI-963471,2023-02-02,ST-42,P-88,1
DS-841433,2023-05-23,ST-54,P-10,3
LU-9199,2020-06-26,ST-3,P-30,10
XU-0044,2022-09-02,ST-49,P-55,6
XR-537840,2023-08-16,ST-30,P-6,6
AD-55075,2023-11-14,ST-14,P-7,8
FT-853314,2024-04-02,ST-52,P-76,8
VJ-2825,2022-05-07,ST-11,P-26,3
CV-90605,2023-10-09,ST-72,P-49,6
EO-60599,2024-08-31,ST-59,P-33,5
NW-31318,2020-03-11,ST-54,P-35,10
LY-2968,2023-03-01,ST-28,P-24,5
KL-184674,2022-09-19,ST-43,P-27,8
JO-647683,2020-12-02,ST-55,P-86,5
JA-6617,2024-01-30,ST-52,P-7,8
II-8831,2023-04-15,ST-57,P-42,1
JY-54233,2020-11-26,ST-29,P-62,7
OE-319900,2021-09-23,ST-42,P-56,9
JF-7354,2022-05-14,ST-44,P-59,10
YI-80528,2024-03-20,ST-68,P-31,7
KN-15730,2020-05-12,ST-34,P-12,9
CW-50379,2022-05-07,ST-6,P-57,10
IF-63921,2021-05-06,ST-42,P-13,7
JT-729246,2024-04-03,ST-58,P-79,8
BN-95091,2023-09-13,ST-56,P-44,9
PV-54501,2024-09-21,ST-3,P-88,9
GC-6500,2020-12-21,ST-36,P-66,2
DW-7272,2023-07-01,ST-51,P-16,7
GR-249418,2024-01-16,ST-56,P-76,10
KH-4835,2021-11-09,ST-9,P-37,5
KR-5957,2021-05-28,ST-44,P-13,8
DJ-0743,2023-10-03,ST-27,P-69,3
HI-57777,2020-10-04,ST-51,P-63,8
GW-358363,2020-01-27,ST-33,P-11,8
SH-5029,2021-04-03,ST-55,P-14,9
SE-901448,2020-03-09,ST-72,P-44,3
VS-977114,2021-02-13,ST-23,P-59,10
QV-21452,2022-10-27,ST-67,P-76,1
PF-4172,2024-08-15,ST-9,P-17,3
WX-89284,2023-06-20,ST-26,P-42,5
WS-588746,2022-03-12,ST-23,P-58,3
CX-134515,2020-04-06,ST-36,P-42,5
RR-95789,2024-09-06,ST-30,P-30,9
RU-25387,2020-04-10,ST-18,P-34,8
QX-71476,2022-06-21,ST-38,P-53,3
IB-0263,2021-04-21,ST-13,P-59,5
RI-354522,2023-12-31,ST-64,P-22,1
SF-0818,2020-08-31,ST-22,P-23,7
UB-68593,2021-05-17,ST-71,P-82,3
ZV-2539,2020-03-27,ST-67,P-80,5
OO-7517,2024-02-12,ST-1,P-5,7
TV-55700,2024-08-28,ST-29,P-85,6
HU-775376,2020-07-02,ST-22,P-40,1
ZT-590700,2023-11-30,ST-44,P-38,4
LW-4376,2021-10-31,ST-30,P-44,1
DU-51716,2022-11-10,ST-61,P-16,1
YH-7098,2024-07-16,ST-54,P-57,9
HL-6906,2021-08-20,ST-16,P-88,3
FY-9321,2022-10-18,ST-49,P-49,10
OP-7735,2022-02-08,ST-61,P-84,4
MC-6054,2021-06-12,ST-8,P-35,9
HI-45272,2023-02-04,ST-34,P-12,7
CW-265906,2024-10-25,ST-53,P-67,3
EL-752111,2021-03-11,ST-2,P-60,6
RY-50933,2020-10-03,ST-70,P-42,1
QG-082459,2024-10-18,ST-38,P-39,4
KL-1587,2020-06-20,ST-73,P-7,9
DO-36327,2020-11-12,ST-17,P-6,6
LI-4556,2024-11-06,ST-53,P-43,5
TT-372485,2021-06-11,ST-72,P-16,5
DF-47805,2021-06-15,ST-57,P-52,9
HA-43840,2021-01-28,ST-29,P-60,1
QV-38859,2020-06-03,ST-45,P-51,7
EQ-585922,2022-04-01,ST-4,P-22,2
HG-9996,2024-05-21,ST-3,P-41,3
DJ-1137,2024-10-19,ST-3,P-54,1
DG-51817,2022-01-13,ST-39,P-33,6
TT-168241,2021-06-30,ST-72,P-42,9
NE-7258,2021-07-28,ST-53,P-25,1
SI-82730,2022-04-02,ST-11,P-72,3
QM-807078,2024-09-09,ST-47,P-85,3
HQ-9207,2021-02-27,ST-66,P-33,2
IN-341719,2020-01-14,ST-47,P-53,5
RM-948271,2021-08-21,ST-4,P-46,5
IO-17931,2024-06-11,ST-3,P-58,3
LA-84150,2022-02-20,ST-1,P-65,7
OU-12801,2022-10-17,ST-56,P-66,2
EG-590409,2023-04-07,ST-71,P-63,4
UJ-97689,2022-07-14,ST-10,P-87,4
FG-49060,2024-04-29,ST-45,P-56,5
UU-610930,2021-12-12,ST-64,P-15,2
GH-59358,2024-01-06,ST-7,P-25,3
RY-84565,2022-08-18,ST-16,P-19,5
YR-775197,2021-12-06,ST-24,P-36,9
IN-50996,2023-04-24,ST-47,P-30,4
AB-0130,2021-02-26,ST-3,P-2,9
TX-4357,2021-10-20,ST-63,P-38,9
TV-2436,2021-12-17,ST-31,P-44,5
VO-46815,2020-03-17,ST-68,P-10,10
BZ-144315,2021-12-11,ST-39,P-17,7
WR-446161,2020-06-08,ST-30,P-68,7
UH-84366,2020-09-13,ST-40,P-3,1
CZ-3441,2023-07-03,ST-43,P-15,9
HK-8657,2024-01-03,ST-36,P-79,2
BH-149772,2023-07-24,ST-44,P-61,10
YH-8502,2020-02-17,ST-67,P-29,3
IT-09468,2022-07-13,ST-43,P-3,1
XO-1392,2024-03-18,ST-46,P-16,4
WA-722049,2022-05-29,ST-48,P-53,8
JB-76856,2022-10-24,ST-29,P-2,8
OO-575465,2024-03-21,ST-68,P-12,3
TN-108484,2022-04-13,ST-21,P-62,10
UE-59056,2022-12-10,ST-69,P-13,1
GU-8162,2023-01-25,ST-8,P-83,8
YA-248012,2021-08-12,ST-1,P-15,9
XV-08689,2022-10-11,ST-66,P-72,4
VQ-43097,2022-09-30,ST-72,P-22,6
AN-79451,2020-02-08,ST-13,P-64,9
EC-9338,2021-05-19,ST-24,P-13,7
XG-625718,2021-07-21,ST-63,P-16,5
NZ-607849,2022-03-23,ST-12,P-12,10
PV-26650,2024-04-28,ST-54,P-43,2
LD-75858,2021-07-01,ST-35,P-7,7
LZ-353893,2021-12-13,ST-9,P-36,8
MD-52074,2024-02-06,ST-36,P-4,9
AX-670096,2022-08-25,ST-28,P-24,10
YT-659263,2020-06-05,ST-64,P-17,4
RM-28061,2023-09-26,ST-66,P-30,1
AJ-67506,2022-12-19,ST-72,P-26,1
EQ-7686,2023-05-28,ST-45,P-69,10
ZX-53303,2022-09-25,ST-22,P-59,4
MT-8149,2022-10-14,ST-62,P-86,4
HK-08689,2024-07-06,ST-59,P-21,2
NH-846941,2024-10-25,ST-69,P-69,7
LY-5048,2021-08-06,ST-19,P-35,7
HF-521951,2023-01-29,ST-25,P-34,9
FU-88745,2022-10-18,ST-31,P-39,4
RV-3609,2024-07-09,ST-13,P-42,10
ZP-377303,2023-11-04,ST-23,P-67,3
WH-677340,2023-04-30,ST-3,P-27,3
AV-8749,2024-04-21,ST-41,P-82,5
BJ-54279,2020-05-18,ST-75,P-56,1
SJ-448463,2021-04-25,ST-23,P-45,10
AN-2293,2023-08-17,ST-28,P-20,8
XO-8610,2024-09-23,ST-72,P-66,8
HZ-33604,2021-06-02,ST-13,P-9,10
QW-761609,2024-07-26,ST-38,P-20,4
TB-3421,2024-10-03,ST-70,P-3,4
WL-8379,2020-02-26,ST-45,P-81,6
DF-42598,2023-08-03,ST-23,P-4,8
IH-8259,2022-09-21,ST-30,P-55,9
CJ-5154,2024-09-19,ST-36,P-58,3
ND-74771,2021-11-02,ST-27,P-40,3
EY-54837,2023-07-14,ST-27,P-75,4
PC-965014,2023-09-08,ST-28,P-21,10
QY-9837,2022-04-09,ST-9,P-17,1
UO-811551,2023-11-02,ST-57,P-24,5
EC-46139,2023-07-09,ST-26,P-60,4
CU-5972,2022-01-10,ST-8,P-13,2
NH-0492,2020-09-11,ST-35,P-41,6
LL-482838,2024-01-01,ST-50,P-27,5
LD-24279,2021-04-02,ST-31,P-88,5
RG-158689,2023-10-09,ST-42,P-40,1
OT-421671,2020-10-11,ST-21,P-57,5
MZ-89408,2021-04-22,ST-70,P-57,2
XX-2822,2021-03-20,ST-67,P-35,8
WK-7394,2024-01-01,ST-40,P-2,7
MC-62115,2024-05-05,ST-31,P-51,9
XX-49269,2022-04-17,ST-12,P-13,3
YW-03726,2024-06-27,ST-9,P-88,8
EJ-91680,2022-05-05,ST-22,P-55,1
YE-715804,2020-02-02,ST-9,P-84,3
RR-236683,2022-04-08,ST-27,P-39,8
XC-90720,2024-08-11,ST-58,P-1,10
HO-971882,2021-04-20,ST-23,P-89,4
OR-421979,2023-09-28,ST-69,P-5,3
IB-656836,2021-09-23,ST-58,P-8,7
WL-0254,2024-10-15,ST-21,P-36,9
PG-834013,2020-02-24,ST-61,P-26,5
XF-98429,2024-11-01,ST-67,P-30,2
IV-54804,2020-07-24,ST-30,P-50,2
GI-218728,2022-05-14,ST-33,P-31,3
RY-164925,2020-11-16,ST-35,P-70,9
UI-6776,2020-11-28,ST-40,P-3,5
FS-2362,2021-03-30,ST-37,P-76,2
KF-15196,2023-04-01,ST-52,P-33,4
NE-9753,2024-07-28,ST-70,P-45,8
BJ-375539,2022-06-12,ST-48,P-4,3
PH-51736,2023-11-13,ST-65,P-83,1
IN-01388,2024-02-28,ST-14,P-43,8
GB-19652,2020-10-25,ST-27,P-83,3
WE-95627,2024-07-21,ST-52,P-3,6
ZF-692096,2020-08-23,ST-11,P-60,3
QO-06059,2021-04-25,ST-39,P-21,7
VD-530084,2021-11-27,ST-54,P-30,4
ZK-7212,2020-10-25,ST-70,P-68,5
MW-112762,2021-03-25,ST-75,P-87,3
MO-228377,2021-01-15,ST-1,P-87,4
KT-341995,2020-02-29,ST-51,P-39,3
RQ-9176,2022-07-30,ST-41,P-78,6
RE-9231,2022-09-26,ST-36,P-10,5
VU-76608,2022-09-04,ST-57,P-34,2
EP-815304,2021-05-28,ST-6,P-82,8
HW-03942,2022-09-25,ST-48,P-22,1
KG-20302,2022-10-21,ST-15,P-80,5
MT-49020,2024-02-04,ST-50,P-49,1
XV-701664,2023-01-03,ST-54,P-81,1
TS-2839,2023-06-14,ST-6,P-5,10
ZE-8204,2021-11-09,ST-14,P-52,8
RN-99512,2022-10-13,ST-35,P-65,3
WC-77730,2022-02-11,ST-44,P-37,3
XR-189458,2021-04-29,ST-73,P-58,6
LM-7334,2024-09-27,ST-19,P-54,5
ZW-94684,2022-04-30,ST-68,P-47,9
NQ-6418,2023-01-25,ST-50,P-88,9
QC-4812,2024-04-14,ST-12,P-27,10
HS-88160,2020-07-19,ST-10,P-74,2
QL-89546,2021-08-30,ST-6,P-75,3
CB-237174,2020-12-10,ST-46,P-49,1
TU-3444,2022-09-18,ST-64,P-3,7
KH-02684,2023-03-03,ST-39,P-53,4
FK-5592,2021-08-14,ST-11,P-22,5
NF-2761,2021-06-14,ST-64,P-70,2
XF-442793,2021-02-18,ST-62,P-86,2
LP-6723,2022-05-14,ST-35,P-65,6
VJ-68284,2022-12-05,ST-15,P-36,8
FN-41371,2022-11-23,ST-36,P-23,9
JR-88334,2023-01-06,ST-33,P-77,5
NN-623727,2023-03-10,ST-34,P-35,3
YQ-75167,2023-05-05,ST-71,P-65,6
FI-66169,2023-05-06,ST-29,P-4,2
PM-9106,2022-02-08,ST-27,P-55,2
KM-152994,2022-12-27,ST-66,P-67,8
AT-7145,2021-01-23,ST-58,P-70,5
ST-3256,2023-06-10,ST-70,P-20,2
SX-8453,2022-11-22,ST-19,P-21,2
RT-43499,2021-10-24,ST-21,P-89,8
SF-1566,2022-01-15,ST-50,P-40,2
OT-64156,2023-09-14,ST-50,P-75,5
NX-14564,2024-10-07,ST-38,P-2,10
VH-4975,2023-06-10,ST-58,P-32,1
MT-9145,2023-09-18,ST-29,P-28,4
MG-0750,2023-01-20,ST-50,P-65,10
GW-3169,2020-11-02,ST-51,P-67,10
PL-618163,2021-10-02,ST-12,P-27,1
XY-40461,2023-12-14,ST-2,P-8,10
XH-05685,2023-09-17,ST-60,P-10,9
CH-7702,2020-12-31,ST-55,P-57,2
ZI-22294,2020-03-13,ST-52,P-37,5
AB-0324,2021-04-01,ST-61,P-71,1
TT-8387,2022-06-19,ST-9,P-35,4
LE-898357,2021-05-28,ST-71,P-62,4
AS-707249,2022-11-09,ST-34,P-20,10
HE-8592,2021-07-16,ST-14,P-64,1
CC-4747,2021-11-26,ST-22,P-60,1
PM-0988,2023-05-14,ST-46,P-56,2
VW-8485,2022-01-19,ST-73,P-9,2
AE-60618,2020-01-12,ST-10,P-30,4
IK-650369,2021-08-05,ST-13,P-72,8
ZF-547203,2022-07-23,ST-29,P-39,1
JS-28213,2020-06-18,ST-18,P-80,4
JQ-0732,2023-02-02,ST-5,P-83,4
VJ-8573,2023-12-27,ST-36,P-74,5
YB-2241,2023-03-25,ST-3,P-65,4
IY-1844,2021-09-14,ST-29,P-4,1
ZC-4667,2024-04-05,ST-44,P-87,8
BM-117939,2022-02-16,ST-5,P-71,8
AG-81786,2020-11-22,ST-14,P-25,3
CY-05332,2020-07-06,ST-4,P-11,8
AZ-0195,2021-12-16,ST-1,P-28,7
WA-009586,2022-03-28,ST-73,P-48,1
HK-2186,2022-10-28,ST-22,P-28,4
PE-7960,2024-01-30,ST-14,P-48,10
JB-366845,2021-03-08,ST-7,P-14,3
LW-1847,2021-04-14,ST-22,P-49,9
UW-310142,2021-04-21,ST-13,P-47,2
KC-003918,2021-03-05,ST-60,P-1,7
TO-714751,2023-10-28,ST-17,P-53,8
QS-6953,2022-12-05,ST-21,P-21,5
PK-894244,2021-07-20,ST-70,P-3,1
SU-7151,2020-10-02,ST-36,P-20,10
TY-71864,2021-07-21,ST-3,P-25,2
KB-214118,2024-02-25,ST-66,P-17,8
PM-01429,2022-06-17,ST-6,P-80,8
NS-0599,2024-04-12,ST-12,P-15,8
TX-9803,2021-06-12,ST-67,P-36,6
JJ-265534,2024-04-24,ST-2,P-83,3
LL-01330,2024-09-02,ST-74,P-15,7
DU-56575,2020-02-03,ST-22,P-50,8
AY-309397,2022-09-14,ST-6,P-72,8
BA-837177,2022-03-18,ST-27,P-89,1
WC-6529,2024-03-25,ST-48,P-83,6
JH-66611,2023-07-03,ST-23,P-2,4
KU-51179,2021-11-04,ST-63,P-45,1
KN-60968,2023-10-29,ST-73,P-55,1
LW-96059,2020-09-16,ST-12,P-48,2
KO-82177,2024-09-10,ST-16,P-56,8
LA-9575,2022-10-22,ST-45,P-42,5
DY-4492,2023-12-09,ST-21,P-70,6
LY-314710,2022-09-20,ST-8,P-39,10
KI-90500,2024-06-29,ST-25,P-49,9
TD-054918,2020-07-01,ST-40,P-60,1
IP-10461,2021-02-20,ST-73,P-53,5
NO-09665,2020-12-12,ST-23,P-22,8
QP-48081,2022-06-20,ST-20,P-68,3
UO-3922,2023-04-17,ST-6,P-27,4
BY-0254,2021-07-02,ST-71,P-15,9
VT-936431,2024-05-13,ST-46,P-9,7
YZ-160700,2023-04-01,ST-63,P-36,6
OG-034407,2021-03-29,ST-9,P-31,10
UT-4049,2024-03-30,ST-18,P-46,8
BV-14611,2022-04-17,ST-3,P-33,8
HU-856453,2020-08-09,ST-68,P-15,3
OF-0711,2024-04-28,ST-60,P-52,1
VF-07689,2021-08-06,ST-62,P-70,9
VU-544669,2021-07-15,ST-69,P-18,10
LW-412252,2020-01-19,ST-58,P-2,7
YG-0339,2020-09-29,ST-64,P-47,2
EW-8337,2020-06-16,ST-66,P-23,3
NH-5691,2020-10-09,ST-60,P-81,1
BS-90200,2021-12-05,ST-43,P-36,3
KM-3375,2023-02-24,ST-48,P-76,2
OK-5713,2023-06-14,ST-5,P-63,10
SH-553823,2023-12-14,ST-14,P-7,8
HM-13232,2020-12-03,ST-42,P-71,1
AB-84246,2021-08-30,ST-2,P-7,10
SN-853547,2020-07-30,ST-62,P-86,9
SI-36631,2023-07-19,ST-51,P-84,5
TT-864223,2020-08-05,ST-25,P-4,2
OB-743410,2020-11-22,ST-49,P-83,5
OC-900387,2022-02-19,ST-33,P-6,3
FN-50893,2023-09-22,ST-40,P-79,3
BB-90978,2023-08-05,ST-70,P-1,4
PV-0237,2024-05-01,ST-70,P-84,10
CL-8658,2023-10-20,ST-28,P-39,8
SN-456493,2024-03-13,ST-13,P-52,5
GD-58443,2023-12-10,ST-2,P-69,6
CB-4476,2024-02-23,ST-29,P-67,4
DF-17893,2020-02-21,ST-30,P-35,2
PK-21827,2020-12-28,ST-24,P-88,5
BT-0989,2022-03-31,ST-56,P-4,2
VV-3145,2020-05-01,ST-23,P-77,7
OT-559780,2020-07-30,ST-30,P-45,1
OV-19771,2021-02-16,ST-1,P-1,5
KE-24726,2022-11-26,ST-4,P-55,9
QZ-05359,2022-06-01,ST-26,P-20,10
BF-7235,2024-04-19,ST-7,P-71,5
NN-4288,2022-12-25,ST-42,P-8,10
LO-54635,2023-04-19,ST-25,P-65,3
TL-603960,2022-08-21,ST-4,P-44,6
AU-5005,2021-12-11,ST-17,P-22,6
XG-83304,2024-07-20,ST-1,P-23,1
WW-0588,2021-06-07,ST-61,P-33,9
EF-199013,2022-12-15,ST-11,P-27,3
VQ-54354,2023-05-03,ST-46,P-2,10
FF-5298,2023-10-23,ST-54,P-79,10
XQ-67932,2021-07-15,ST-70,P-39,10
BU-576277,2022-02-28,ST-50,P-46,4
CX-4766,2021-10-10,ST-25,P-76,3
KF-082448,2024-06-23,ST-8,P-62,2
CX-22491,2020-11-22,ST-10,P-67,5
NR-14080,2024-04-06,ST-75,P-87,3
WC-131196,2021-11-20,ST-67,P-77,3
LN-30308,2020-07-14,ST-50,P-66,7
YS-2668,2024-05-22,ST-51,P-67,9
MF-872577,2021-01-21,ST-40,P-9,2
EJ-793807,2021-06-27,ST-10,P-6,6
OY-16806,2023-06-20,ST-1,P-39,1
UG-412750,2024-10-04,ST-59,P-48,2
GO-2693,2020-11-10,ST-38,P-65,1
AY-53097,2023-03-12,ST-68,P-77,9
HC-1319,2022-04-05,ST-58,P-81,3
AT-032244,2024-07-17,ST-64,P-37,2
FU-67572,2023-05-24,ST-28,P-26,8
PF-565753,2020-01-16,ST-3,P-63,6
TL-6454,2021-05-21,ST-31,P-23,2
YZ-608929,2023-03-21,ST-57,P-75,8
UR-27406,2024-07-14,ST-56,P-31,2
ZV-927131,2020-07-17,ST-69,P-51,3
KW-16022,2021-10-20,ST-56,P-84,10
CV-927320,2021-04-02,ST-4,P-80,2
UJ-717528,2020-08-07,ST-39,P-9,3
JV-147028,2022-01-17,ST-20,P-55,10
IR-7517,2024-07-11,ST-42,P-24,8
PU-5213,2020-01-12,ST-58,P-38,2
MM-8115,2021-01-12,ST-60,P-83,9
CZ-3258,2024-02-15,ST-50,P-39,7
TB-584780,2020-04-23,ST-58,P-6,6
JU-3051,2024-05-31,ST-8,P-78,10
CH-38425,2020-10-20,ST-10,P-3,1
PE-17704,2024-09-15,ST-10,P-62,5
XT-60614,2020-01-04,ST-5,P-43,3
CV-97655,2024-05-15,ST-65,P-55,8
XL-327805,2021-07-11,ST-14,P-28,6
RR-322870,2022-09-28,ST-61,P-84,10
EG-6805,2022-08-02,ST-74,P-59,7
MD-64847,2020-08-09,ST-42,P-74,4
QM-8206,2020-01-07,ST-2,P-81,5
TE-182802,2022-08-17,ST-73,P-63,5
NQ-98988,2022-12-18,ST-72,P-26,2
VK-888042,2022-02-04,ST-60,P-32,10
SS-7740,2021-03-24,ST-75,P-29,2
OG-72679,2020-09-16,ST-36,P-41,4
UK-14762,2020-09-10,ST-25,P-5,3
MZ-6120,2021-12-15,ST-3,P-9,8
OA-579425,2022-11-07,ST-10,P-66,2
NM-0463,2020-01-07,ST-4,P-63,2
AN-072517,2020-02-18,ST-65,P-45,4
TA-8964,2020-10-02,ST-43,P-45,1
HC-145227,2021-09-02,ST-66,P-42,5
JT-283521,2021-10-01,ST-45,P-46,8
SG-5964,2020-09-10,ST-50,P-69,5
BK-4672,2023-07-03,ST-46,P-83,7
OK-10734,2022-11-29,ST-27,P-4,7
HK-4248,2022-03-07,ST-12,P-79,7
HZ-72655,2021-03-15,ST-32,P-86,9
ZV-6034,2024-02-06,ST-48,P-44,7
GC-50985,2020-05-24,ST-20,P-58,4
TX-352972,2022-12-15,ST-65,P-25,7
RE-06592,2024-08-03,ST-63,P-48,2
SN-0191,2023-09-01,ST-64,P-6,8
WX-5210,2020-07-17,ST-10,P-74,1
SC-13527,2020-06-19,ST-38,P-31,4
PN-31494,2024-06-15,ST-33,P-19,6
YH-7066,2023-06-28,ST-69,P-84,6
VB-9047,2023-07-09,ST-72,P-49,5
PD-2963,2023-06-27,ST-29,P-27,5
PR-1425,2024-01-10,ST-14,P-1,6
VO-010172,2023-02-05,ST-55,P-79,1
ZK-928374,2021-06-30,ST-38,P-81,2
AX-4201,2023-03-29,ST-53,P-34,8
AB-73342,2024-06-05,ST-43,P-48,4
WY-8319,2023-11-15,ST-45,P-23,8
RT-355582,2024-01-27,ST-44,P-42,10
HQ-5539,2023-02-14,ST-5,P-69,7
TR-3559,2022-07-01,ST-18,P-15,9
SJ-16753,2024-05-07,ST-53,P-44,2
MJ-8923,2024-05-27,ST-29,P-45,8
GQ-8156,2024-07-22,ST-18,P-50,5
OH-118568,2022-10-01,ST-50,P-33,7
EW-980480,2022-09-13,ST-35,P-35,5
RO-5969,2023-11-12,ST-52,P-84,10
QL-1401,2023-01-03,ST-10,P-44,1
PV-13179,2023-05-22,ST-27,P-87,7
KE-761596,2020-05-08,ST-33,P-75,3
EY-895330,2024-02-24,ST-29,P-2,7
PY-663314,2021-11-22,ST-45,P-31,6
XJ-69400,2023-01-29,ST-38,P-12,6
SO-0507,2021-11-27,ST-59,P-22,5
KR-81850,2024-05-22,ST-56,P-67,1
YJ-307917,2024-04-28,ST-3,P-53,3
YC-704732,2024-09-19,ST-1,P-37,5
ZQ-84341,2020-04-07,ST-23,P-21,6
EV-681490,2021-07-03,ST-10,P-20,6
KQ-50540,2022-01-06,ST-39,P-82,2
BA-81645,2020-10-16,ST-10,P-9,2
NU-7564,2023-01-20,ST-41,P-15,10
AR-2782,2022-06-19,ST-52,P-70,9
DB-84694,2020-09-29,ST-58,P-43,5
OB-1719,2024-10-20,ST-35,P-83,5
CF-0796,2021-08-05,ST-10,P-19,3
EA-9466,2023-05-26,ST-46,P-69,3
VZ-029687,2021-01-25,ST-67,P-89,10
UW-688195,2022-11-08,ST-71,P-33,1
JR-7538,2023-10-21,ST-75,P-31,3
GH-7738,2021-09-29,ST-29,P-34,5
WO-836156,2020-05-26,ST-61,P-55,1
QU-93958,2020-09-12,ST-34,P-49,2
MR-700741,2022-03-11,ST-38,P-83,9
QK-7848,2023-06-01,ST-50,P-12,4
SE-3430,2024-08-26,ST-3,P-52,9
XP-20612,2024-09-21,ST-37,P-57,4
GT-5819,2021-07-18,ST-43,P-40,10
PO-60817,2024-10-01,ST-40,P-81,3
KP-274116,2023-10-04,ST-11,P-54,8
NB-5988,2024-06-22,ST-33,P-27,10
MR-8021,2021-05-29,ST-44,P-16,2
JD-12067,2021-12-15,ST-27,P-39,4
EV-45437,2023-12-06,ST-31,P-68,1
LN-89362,2023-09-26,ST-49,P-7,5
GR-77828,2024-10-20,ST-50,P-68,3
GD-139399,2020-05-28,ST-36,P-81,4
UI-05081,2021-10-06,ST-73,P-34,2
FL-58057,2023-08-26,ST-27,P-50,10
KK-3127,2024-04-23,ST-26,P-36,1
TP-9924,2021-04-14,ST-55,P-4,8
TO-44286,2020-09-27,ST-1,P-5,5
OG-200562,2024-10-02,ST-71,P-79,3
VN-2203,2023-12-31,ST-17,P-69,10
YP-8192,2021-06-27,ST-31,P-87,1
XR-42496,2022-08-07,ST-29,P-78,3
XA-192278,2022-01-21,ST-23,P-36,9
TR-523177,2020-07-13,ST-17,P-68,9
FV-2967,2021-01-21,ST-38,P-4,1
JJ-33631,2022-03-11,ST-67,P-61,6
AN-49416,2024-06-28,ST-62,P-9,7
TY-04880,2023-04-22,ST-55,P-88,4
YW-588276,2022-04-26,ST-38,P-87,3
YV-294658,2021-05-04,ST-52,P-31,4
OM-3827,2023-05-20,ST-24,P-26,5
CZ-10335,2022-07-17,ST-48,P-54,1
HD-871802,2024-03-30,ST-28,P-44,9
JT-35368,2021-01-08,ST-24,P-78,7
IL-3644,2023-01-17,ST-18,P-80,3
MZ-166216,2023-03-22,ST-28,P-25,8
ON-3510,2022-10-03,ST-34,P-81,3
TM-0519,2020-05-11,ST-71,P-8,7
BJ-103977,2022-03-02,ST-68,P-45,9
EP-8672,2020-12-10,ST-9,P-15,2
WN-079616,2023-07-22,ST-71,P-54,2
NE-341146,2024-02-22,ST-35,P-18,2
XK-8236,2024-01-10,ST-60,P-37,8
IJ-2742,2020-06-14,ST-26,P-84,5
SA-992524,2020-08-06,ST-40,P-26,5
VL-055087,2022-01-31,ST-50,P-40,2
OD-006310,2024-07-01,ST-29,P-24,3
KE-2124,2023-06-18,ST-60,P-10,10
LM-443199,2021-12-02,ST-47,P-37,3
XJ-8782,2021-01-22,ST-53,P-15,9
TH-165345,2023-08-24,ST-31,P-24,6
UV-7777,2020-05-09,ST-63,P-82,1
OK-00751,2022-11-23,ST-69,P-75,5
NX-238917,2021-07-28,ST-16,P-3,4
UA-7077,2024-01-30,ST-62,P-41,8
ZI-489238,2021-10-17,ST-72,P-27,3
TG-9190,2022-11-30,ST-15,P-12,4
FI-644552,2020-01-26,ST-18,P-31,4
OA-3764,2020-05-07,ST-36,P-40,8
PB-5922,2024-06-04,ST-73,P-42,7
LD-535838,2021-09-08,ST-58,P-39,9
MZ-9099,2020-09-24,ST-6,P-51,10
BG-6786,2023-03-22,ST-34,P-71,7
CK-9859,2020-10-03,ST-59,P-85,9
YN-097773,2021-12-04,ST-38,P-55,6
VB-8848,2020-10-04,ST-19,P-11,1
TC-61660,2021-11-20,ST-48,P-24,2
JX-084119,2020-09-13,ST-65,P-69,9
AE-691674,2022-04-17,ST-69,P-83,6
PD-9794,2023-03-28,ST-27,P-11,5
DY-30582,2020-10-29,ST-72,P-74,2
SO-17542,2021-07-14,ST-52,P-3,8
EY-97091,2023-02-03,ST-66,P-16,1
ZD-922154,2020-09-27,ST-59,P-36,5
SD-6322,2021-07-05,ST-24,P-18,5
BZ-719517,2021-08-15,ST-24,P-4,5
BO-97557,2022-09-23,ST-40,P-22,7
NX-29634,2023-07-29,ST-5,P-63,10
TH-588414,2022-11-17,ST-47,P-69,7
YO-02860,2021-04-22,ST-70,P-24,5
JS-8177,2020-07-29,ST-28,P-65,1
UB-061420,2024-04-14,ST-12,P-27,3
HQ-41036,2020-03-31,ST-16,P-2,1
ZZ-360894,2023-08-07,ST-8,P-5,8
OJ-02293,2022-01-21,ST-20,P-49,7
IQ-64837,2024-02-18,ST-35,P-30,10
DC-4524,2020-06-17,ST-70,P-4,3
JN-654404,2021-08-24,ST-16,P-19,9
NK-3726,2020-03-24,ST-34,P-55,2
FB-555927,2023-04-12,ST-60,P-37,7
XX-840579,2021-11-04,ST-21,P-11,7
MT-7107,2021-01-14,ST-31,P-56,5
PY-95282,2021-05-26,ST-65,P-40,2
YT-15338,2024-09-14,ST-71,P-16,6
NR-0622,2023-07-06,ST-36,P-67,10
SY-24314,2022-05-12,ST-13,P-66,3
JP-7779,2021-11-30,ST-36,P-34,5
UH-17296,2022-10-30,ST-64,P-84,9
LH-738779,2021-06-29,ST-22,P-37,1
CB-627672,2024-05-25,ST-75,P-84,7
AR-19994,2023-05-24,ST-10,P-10,8
WZ-899130,2023-01-29,ST-66,P-79,9
VJ-091036,2022-08-24,ST-3,P-62,6
JM-1721,2024-02-19,ST-20,P-10,1
WJ-667015,2020-11-10,ST-46,P-75,8
RZ-160212,2021-12-11,ST-6,P-4,9
UB-8637,2021-11-08,ST-24,P-50,5
TF-6466,2024-02-08,ST-61,P-76,10
AO-1267,2021-01-08,ST-16,P-22,1
AP-12666,2024-01-24,ST-75,P-53,3
BY-1934,2024-06-05,ST-74,P-56,1
ZH-60199,2020-08-23,ST-45,P-35,6
BY-8930,2023-01-23,ST-10,P-39,9
ZJ-796958,2021-06-02,ST-40,P-40,5
CZ-54923,2020-09-28,ST-12,P-7,1
YF-5090,2023-01-23,ST-69,P-57,3
TS-32333,2020-05-20,ST-73,P-1,5
RX-5938,2024-08-13,ST-1,P-66,10
BC-693798,2024-08-18,ST-35,P-10,1
GJ-00871,2021-08-14,ST-18,P-3,6
LS-5696,2020-04-18,ST-25,P-44,4
ME-95390,2023-04-04,ST-56,P-44,4
CG-4075,2023-01-16,ST-29,P-51,4
OC-939243,2022-07-10,ST-35,P-29,5
CZ-191553,2023-10-09,ST-59,P-83,1
ZE-0525,2023-12-16,ST-58,P-13,4
VV-0234,2020-01-07,ST-52,P-61,5
SC-838034,2020-10-31,ST-50,P-2,6
SY-312876,2021-02-10,ST-39,P-33,2
MK-0148,2024-04-13,ST-21,P-86,8
ZW-1833,2021-08-20,ST-16,P-68,3
VC-85762,2023-04-10,ST-27,P-20,10
IY-3581,2021-01-14,ST-9,P-83,1
UT-810537,2024-06-20,ST-66,P-29,3
RJ-2774,2021-02-10,ST-45,P-39,5
RO-588700,2024-07-12,ST-75,P-49,10
ZV-1527,2021-03-02,ST-55,P-20,10
PG-7695,2024-04-23,ST-66,P-76,8
VE-28388,2020-02-04,ST-2,P-46,9
OK-025370,2023-08-14,ST-1,P-59,9
ZZ-57563,2024-08-27,ST-75,P-38,10
SX-93728,2020-05-29,ST-53,P-26,7
IF-42405,2021-11-14,ST-73,P-45,9
XO-020345,2023-07-22,ST-74,P-54,1
UC-1850,2022-02-01,ST-46,P-34,2
HL-856300,2022-04-01,ST-56,P-35,4
HP-3584,2023-04-24,ST-51,P-54,7
ME-6553,2022-04-13,ST-43,P-3,1
BT-9699,2022-12-09,ST-23,P-8,8
QE-6529,2023-04-16,ST-71,P-69,6
BD-987718,2024-09-28,ST-53,P-45,4
BY-61063,2023-11-30,ST-34,P-14,6
FN-668480,2023-11-15,ST-27,P-42,9
EC-3625,2023-06-17,ST-36,P-78,10
OT-2778,2022-11-06,ST-57,P-36,10
CM-6109,2021-02-27,ST-28,P-52,2
NJ-9709,2021-04-15,ST-27,P-13,8
DA-9667,2021-09-02,ST-16,P-25,4
MA-453735,2020-03-14,ST-46,P-67,1
CH-519725,2022-11-18,ST-21,P-13,9
LA-9449,2024-03-08,ST-4,P-4,9
FU-5437,2020-02-02,ST-54,P-44,9
QN-67048,2020-05-12,ST-63,P-17,5
VH-9958,2023-08-07,ST-21,P-34,1
LK-793394,2022-08-17,ST-52,P-5,5
SH-2843,2024-01-26,ST-16,P-2,2
WC-86718,2020-06-23,ST-59,P-8,4
RK-2556,2022-01-21,ST-41,P-21,2
VD-5123,2023-10-04,ST-40,P-77,8
KK-30350,2020-01-03,ST-32,P-88,1
MF-721157,2024-10-23,ST-42,P-67,9
KH-34132,2023-01-24,ST-62,P-76,10
TZ-1273,2020-05-03,ST-33,P-25,3
PB-74905,2023-12-03,ST-51,P-40,6
JR-6545,2020-07-20,ST-63,P-62,2
WS-15368,2020-04-10,ST-6,P-87,2
KR-466970,2022-07-25,ST-53,P-83,7
FU-7064,2022-11-30,ST-50,P-39,6
QZ-8875,2024-03-13,ST-59,P-41,4
TT-1225,2023-01-17,ST-61,P-56,3
NW-3302,2024-02-07,ST-73,P-69,6
YS-4916,2024-02-04,ST-73,P-51,5
JY-05351,2021-04-03,ST-18,P-24,9
CQ-3198,2020-12-03,ST-5,P-87,3
MY-0210,2022-04-17,ST-26,P-27,9
UE-0869,2023-12-03,ST-12,P-83,10
JF-89909,2023-09-21,ST-45,P-49,5
VA-641359,2024-07-02,ST-28,P-77,6
WN-57491,2022-12-17,ST-34,P-65,6
UP-36091,2021-05-24,ST-27,P-42,7
HR-07854,2024-05-09,ST-51,P-68,1
DX-578593,2021-10-15,ST-72,P-88,6
EB-35255,2020-02-20,ST-48,P-50,1
JB-00179,2022-10-10,ST-72,P-14,6
ZC-1976,2024-02-09,ST-75,P-18,8
VY-60292,2020-04-20,ST-73,P-82,3
UX-473140,2022-11-24,ST-38,P-36,7
UW-777992,2023-04-28,ST-33,P-63,9
WR-3365,2022-01-25,ST-61,P-3,8
ZC-290802,2021-09-27,ST-21,P-45,5
GP-0714,2024-10-04,ST-68,P-55,2
JV-371913,2023-01-24,ST-4,P-2,5
JJ-1897,2020-12-03,ST-34,P-75,6
GD-87172,2022-03-11,ST-35,P-59,6
NM-544734,2023-03-29,ST-17,P-13,5
KQ-2333,2024-02-16,ST-34,P-57,6
AN-177278,2023-12-11,ST-47,P-18,5
AM-6306,2020-09-14,ST-31,P-52,2
ZN-2978,2024-08-30,ST-4,P-47,4
EB-540287,2023-04-21,ST-51,P-20,7
UV-86531,2024-01-25,ST-44,P-79,10
AB-96468,2023-08-13,ST-49,P-59,4
RC-095930,2023-07-01,ST-9,P-22,2
EL-72363,2024-06-20,ST-12,P-48,3
IB-29169,2021-05-28,ST-41,P-17,8
RC-542677,2020-08-19,ST-26,P-28,4
JQ-3712,2021-02-20,ST-18,P-36,8
NZ-743027,2021-01-28,ST-46,P-15,9
US-7668,2024-06-25,ST-31,P-29,8
HS-9284,2021-03-16,ST-31,P-86,9
RH-11171,2020-05-28,ST-42,P-50,1
EV-2159,2020-05-09,ST-30,P-36,9
UB-8775,2023-12-22,ST-33,P-88,9
AS-1482,2023-09-11,ST-6,P-87,7
SZ-275407,2024-11-01,ST-65,P-47,3
XZ-62002,2023-04-22,ST-12,P-10,5
HW-731011,2023-07-17,ST-19,P-35,6
IX-063209,2022-06-09,ST-18,P-76,9
LT-7168,2020-01-15,ST-3,P-13,4
TJ-92161,2024-08-23,ST-64,P-8,6
HC-23607,2022-06-08,ST-49,P-30,6
UV-22532,2021-01-12,ST-29,P-86,9
YS-34451,2020-09-08,ST-61,P-75,9
LO-02338,2023-08-02,ST-12,P-35,5
TY-54333,2021-02-01,ST-35,P-3,7
PW-96870,2024-06-06,ST-14,P-2,8
BZ-334509,2024-01-31,ST-55,P-76,3
JJ-596063,2021-01-30,ST-62,P-89,2
SZ-01520,2023-01-05,ST-15,P-63,8
UF-315032,2023-03-07,ST-57,P-1,4
GP-91551,2020-06-26,ST-36,P-15,3
VN-0582,2024-02-01,ST-19,P-5,3
LJ-093266,2021-04-28,ST-10,P-48,1
VR-7877,2023-05-05,ST-10,P-83,6
DX-745597,2021-03-30,ST-63,P-77,7
AA-41296,2023-11-03,ST-11,P-85,6
FI-96278,2024-03-17,ST-44,P-62,6
VG-131636,2022-08-19,ST-53,P-87,6
ZI-65588,2020-06-14,ST-69,P-43,2
IP-1007,2022-02-20,ST-7,P-84,10
DO-9745,2024-01-29,ST-31,P-32,8
UX-5686,2022-10-18,ST-12,P-53,1
UW-4260,2021-08-21,ST-7,P-89,1
WA-536225,2021-08-18,ST-73,P-28,4
NK-238860,2020-12-31,ST-25,P-6,8
QZ-703602,2022-07-28,ST-20,P-21,1
TF-10394,2023-05-23,ST-56,P-31,1
VM-74472,2020-08-04,ST-20,P-41,4
UQ-6451,2022-02-28,ST-26,P-71,3
NL-84129,2024-08-07,ST-69,P-65,1
YQ-6258,2024-07-05,ST-40,P-81,7
OI-399192,2023-08-15,ST-15,P-2,7
GN-2923,2024-07-27,ST-72,P-83,7
CH-773764,2020-05-29,ST-8,P-38,3
GD-296753,2020-02-06,ST-16,P-38,1
JS-69351,2020-08-30,ST-34,P-72,10
WO-56683,2023-12-26,ST-31,P-37,5
BQ-9107,2023-06-01,ST-35,P-21,8
HQ-7795,2022-02-28,ST-12,P-22,8
VU-821070,2020-10-12,ST-45,P-27,3
MT-90733,2021-06-16,ST-43,P-52,7
OH-481381,2024-02-13,ST-65,P-70,5
YJ-960523,2024-09-17,ST-9,P-49,7
TK-742460,2024-05-05,ST-48,P-65,3
MH-77113,2021-08-08,ST-68,P-6,2
IC-7914,2023-10-06,ST-43,P-7,2
JQ-465917,2024-01-28,ST-43,P-45,6
WE-8033,2020-12-11,ST-17,P-14,9
NI-5144,2022-07-25,ST-73,P-35,3
SQ-85894,2023-04-18,ST-74,P-7,5
WP-164758,2023-09-25,ST-14,P-17,5
BD-6262,2023-08-08,ST-51,P-50,10
ND-62212,2022-03-02,ST-59,P-61,2
SW-23036,2020-08-18,ST-16,P-66,9
PX-3640,2021-09-25,ST-61,P-34,3
AY-17381,2023-04-30,ST-54,P-89,1
UP-562612,2021-07-03,ST-29,P-78,4
LB-35825,2023-08-12,ST-62,P-33,1
HS-91602,2023-09-01,ST-67,P-44,7
UN-401215,2024-11-04,ST-39,P-5,1
CE-3113,2023-01-13,ST-56,P-49,4
KJ-868782,2021-02-16,ST-15,P-38,4
JC-577422,2020-01-05,ST-37,P-65,4
OG-57385,2020-04-12,ST-49,P-80,4
YK-424323,2021-11-03,ST-33,P-21,9
EV-0257,2023-06-22,ST-61,P-48,3
RZ-568487,2021-06-29,ST-58,P-89,7
VX-0500,2022-03-09,ST-65,P-85,7
BB-39420,2022-08-20,ST-2,P-88,3
WY-254618,2021-02-01,ST-65,P-1,5
HS-10507,2024-07-29,ST-40,P-86,10
XP-94802,2023-07-08,ST-62,P-69,9
TQ-02787,2021-11-05,ST-7,P-22,8
AI-6347,2021-12-11,ST-53,P-54,8
RL-38739,2024-02-27,ST-73,P-85,3
QV-7056,2022-09-06,ST-73,P-42,8
AW-49418,2023-05-14,ST-35,P-62,5
GK-208392,2023-12-24,ST-59,P-56,3
KP-24452,2020-02-12,ST-46,P-30,7
YL-8482,2020-12-24,ST-57,P-14,7
IX-40894,2024-03-31,ST-53,P-45,1
EQ-96534,2021-11-16,ST-68,P-88,5
WT-3334,2022-04-13,ST-10,P-26,7
SF-258431,2020-07-20,ST-70,P-18,2
CU-36302,2024-09-24,ST-17,P-35,10
BF-32424,2020-12-09,ST-69,P-38,3
XV-881461,2020-04-30,ST-10,P-69,3
XB-80635,2021-11-15,ST-14,P-22,8
UG-632470,2022-07-24,ST-25,P-7,1
SI-6704,2022-05-10,ST-12,P-19,1
AD-928547,2021-05-07,ST-63,P-50,10
VG-3702,2024-10-26,ST-19,P-14,10
SL-626545,2024-06-26,ST-36,P-26,10
RB-66727,2020-02-06,ST-10,P-32,5
JL-358918,2023-10-30,ST-19,P-76,4
CF-5590,2022-05-12,ST-35,P-55,9
PO-380360,2021-02-06,ST-10,P-74,1
BN-400588,2021-12-31,ST-60,P-21,3
FY-91621,2020-12-18,ST-20,P-21,8
NR-67936,2024-07-15,ST-32,P-33,7
HJ-7690,2020-01-22,ST-34,P-80,9
KB-9541,2024-02-15,ST-21,P-54,4
YF-472690,2022-11-09,ST-72,P-19,8
ZS-44283,2023-04-21,ST-62,P-5,7
RH-268297,2023-04-08,ST-19,P-9,7
PS-78391,2024-02-01,ST-18,P-76,9
PQ-827453,2021-05-18,ST-11,P-10,5
EO-459432,2020-02-18,ST-72,P-85,1
TY-75221,2023-01-15,ST-11,P-49,1
XD-113816,2024-09-17,ST-65,P-39,6
VW-36274,2020-03-23,ST-54,P-70,1
WR-9790,2024-07-18,ST-69,P-32,10
LW-9706,2022-12-03,ST-61,P-40,8
VW-457651,2021-12-17,ST-46,P-33,4
PB-499097,2021-06-26,ST-11,P-28,1
PL-2673,2024-09-15,ST-41,P-11,10
UT-3626,2021-09-08,ST-54,P-55,7
TS-17262,2024-09-29,ST-59,P-52,9
TH-23222,2022-06-28,ST-15,P-66,7
SK-453208,2020-11-03,ST-21,P-33,5
LW-26731,2024-08-19,ST-24,P-2,1
JW-96252,2021-03-08,ST-46,P-73,4
UY-646212,2023-05-08,ST-4,P-12,5
WQ-569654,2023-01-06,ST-11,P-48,9
MP-47307,2021-03-01,ST-44,P-54,10
EV-760541,2022-07-31,ST-19,P-68,3
OR-9988,2022-10-16,ST-14,P-42,4
RS-44533,2022-09-16,ST-45,P-42,9
FD-4940,2021-10-14,ST-29,P-27,9
LP-98533,2024-02-13,ST-75,P-82,8
NW-0919,2023-10-01,ST-29,P-34,2
UN-63186,2020-01-26,ST-8,P-80,5
RL-10970,2020-12-06,ST-3,P-17,5
DN-2918,2024-08-31,ST-62,P-44,10
RD-5001,2024-10-11,ST-24,P-83,5
HZ-34228,2020-02-02,ST-30,P-42,7
VJ-7525,2020-09-13,ST-17,P-65,2
CB-28589,2023-03-23,ST-34,P-62,6
VU-06143,2020-05-13,ST-74,P-30,1
GN-5333,2023-10-12,ST-9,P-65,9
DJ-154560,2021-12-09,ST-29,P-8,5
GN-32566,2024-01-02,ST-17,P-6,5
JW-5460,2022-10-16,ST-8,P-15,10
PU-26311,2021-05-03,ST-75,P-66,2
ON-59133,2022-09-04,ST-52,P-13,5
QS-5919,2024-01-19,ST-20,P-15,1
MP-90533,2021-10-30,ST-41,P-32,3
JU-46989,2023-09-09,ST-10,P-75,3
WJ-8668,2022-03-26,ST-66,P-30,1
ST-477623,2022-12-30,ST-48,P-46,9
DN-158224,2022-05-31,ST-57,P-22,1
WU-6035,2024-01-04,ST-65,P-47,1
EL-142698,2021-05-28,ST-12,P-47,4
GC-9253,2021-05-05,ST-72,P-6,2
XE-03504,2021-11-07,ST-32,P-67,8
YW-12070,2023-06-25,ST-26,P-63,1
EU-5783,2023-05-16,ST-12,P-36,10
ZN-1508,2024-07-16,ST-15,P-7,9
WP-37376,2021-08-29,ST-39,P-81,7
RL-04172,2024-09-10,ST-7,P-19,2
TL-2733,2021-03-17,ST-57,P-64,7
FM-944809,2022-12-02,ST-42,P-61,9
ZX-67333,2023-12-06,ST-6,P-31,4
AE-553336,2020-08-01,ST-19,P-81,9
IO-8353,2023-08-05,ST-6,P-8,7
HU-546856,2021-06-23,ST-36,P-20,2
DW-738942,2020-03-30,ST-45,P-59,10
JQ-724092,2022-12-15,ST-29,P-67,5
PE-84484,2023-08-31,ST-2,P-55,10
LL-439199,2020-09-28,ST-66,P-31,6
PM-205025,2024-04-10,ST-2,P-20,8
JB-3428,2024-08-20,ST-42,P-4,2
IJ-486752,2023-11-26,ST-70,P-61,5
KF-7303,2020-11-15,ST-36,P-74,1
XJ-17178,2020-03-14,ST-45,P-74,8
TP-5992,2021-09-06,ST-36,P-20,7
EQ-30816,2020-07-08,ST-63,P-55,6
WR-1240,2021-11-06,ST-6,P-50,8
AP-6271,2021-04-02,ST-39,P-42,4
TV-76192,2022-12-31,ST-33,P-86,5
RX-2958,2022-06-30,ST-65,P-5,5
SI-3804,2024-08-17,ST-57,P-17,6
YH-485891,2020-08-12,ST-25,P-45,5
OB-17694,2022-12-13,ST-3,P-56,4
TT-96055,2021-02-06,ST-41,P-15,8
TR-267249,2022-10-03,ST-18,P-1,2
VL-763231,2024-07-23,ST-38,P-27,1
UK-69354,2021-01-01,ST-43,P-50,8
GO-279359,2024-10-04,ST-63,P-56,7
TC-3108,2023-07-19,ST-62,P-13,4
YA-1097,2020-11-11,ST-39,P-18,4
JO-19880,2020-08-23,ST-45,P-80,1
PT-4559,2022-04-04,ST-55,P-11,5
WY-402633,2021-01-29,ST-40,P-69,7
XK-74148,2022-12-24,ST-70,P-24,3
TR-8629,2021-10-24,ST-43,P-76,4
SW-66679,2024-02-26,ST-26,P-64,1
BO-08352,2023-03-26,ST-1,P-10,1
XV-639154,2020-10-11,ST-48,P-84,5
OY-75363,2022-08-13,ST-70,P-84,2
AF-37081,2022-02-02,ST-71,P-85,10
DO-5265,2023-01-30,ST-27,P-63,8
UE-3338,2021-05-14,ST-40,P-26,4
DS-5284,2023-10-11,ST-10,P-89,2
LD-25115,2022-09-25,ST-37,P-79,9
YP-01272,2024-03-25,ST-58,P-3,9
YY-1706,2020-08-20,ST-38,P-73,6
BE-84447,2023-10-28,ST-50,P-19,6
RJ-628907,2023-06-14,ST-64,P-11,6
DC-37783,2021-07-31,ST-20,P-86,3
YX-211363,2020-10-04,ST-64,P-44,2
VF-82407,2022-03-22,ST-10,P-88,1
RA-7452,2022-08-08,ST-2,P-40,7
GX-37933,2022-11-03,ST-26,P-77,6
XF-0107,2020-01-04,ST-14,P-15,1
AP-4907,2024-09-10,ST-11,P-68,8
EZ-585292,2021-01-20,ST-63,P-57,4
SD-8419,2023-08-23,ST-38,P-28,5
SU-048841,2022-09-18,ST-14,P-48,5
AQ-915665,2023-06-26,ST-3,P-32,2
MP-234298,2023-08-14,ST-25,P-57,5
OI-5435,2024-08-25,ST-32,P-70,10
FV-3734,2024-11-10,ST-14,P-71,6
ZC-8913,2024-07-14,ST-36,P-33,6
RR-72242,2023-04-15,ST-43,P-21,2
EK-34033,2022-03-26,ST-54,P-22,8
GV-133570,2021-03-07,ST-47,P-26,5
UK-4324,2021-12-24,ST-59,P-81,7
AO-6932,2022-10-17,ST-27,P-74,7
TR-3175,2023-05-20,ST-52,P-14,6
LM-65623,2020-04-05,ST-22,P-26,10
EG-2844,2024-02-25,ST-49,P-56,2
JA-16907,2020-03-07,ST-3,P-72,7
UO-50145,2023-02-14,ST-4,P-47,8
TH-3230,2024-05-23,ST-28,P-13,8
DN-9658,2021-11-08,ST-24,P-50,8
KZ-3391,2020-05-22,ST-59,P-8,4
JO-81110,2024-06-23,ST-16,P-34,8
QX-99330,2021-02-12,ST-72,P-56,10
FK-066533,2023-05-18,ST-26,P-72,6
LG-773437,2021-11-24,ST-29,P-60,8
LO-60433,2022-06-03,ST-14,P-24,7
TT-1895,2021-01-07,ST-71,P-35,5
AN-37974,2024-06-11,ST-28,P-55,2
BU-187710,2020-07-22,ST-9,P-64,3
DZ-1323,2024-11-01,ST-70,P-39,1
KW-1051,2023-10-29,ST-71,P-13,10
EC-048789,2021-06-23,ST-42,P-49,10
EW-552857,2023-09-20,ST-29,P-76,6
JR-21717,2023-09-05,ST-58,P-8,3
SY-11759,2020-12-07,ST-48,P-45,8
FC-2760,2020-09-09,ST-21,P-21,1
QG-84529,2020-12-21,ST-64,P-67,10
RT-55402,2024-06-19,ST-39,P-4,2
PD-8239,2023-06-22,ST-28,P-60,3
HP-4177,2022-06-27,ST-61,P-72,9
ZD-2449,2020-10-26,ST-46,P-45,9
FP-997518,2020-05-24,ST-53,P-71,2
BT-35566,2023-04-13,ST-40,P-60,9
BT-816814,2022-10-22,ST-46,P-51,7
HU-5959,2021-09-04,ST-33,P-58,4
QD-940001,2023-09-04,ST-69,P-86,8
HM-11118,2021-09-23,ST-69,P-61,10
ZR-3742,2024-07-07,ST-31,P-12,5
NS-29129,2023-03-07,ST-37,P-37,5
EV-69455,2021-01-21,ST-33,P-13,8
MX-5981,2021-09-03,ST-25,P-30,3
RN-60519,2024-03-29,ST-18,P-12,5
FH-768455,2021-04-15,ST-16,P-44,8
XC-052521,2022-10-14,ST-58,P-16,1
ZC-155564,2021-08-13,ST-19,P-28,4
XA-5433,2020-04-29,ST-16,P-63,6
CR-171159,2022-01-15,ST-56,P-72,9
EH-90511,2021-11-24,ST-43,P-13,4
GN-64790,2024-01-30,ST-20,P-86,5
ZM-5184,2021-05-23,ST-61,P-14,8
HA-89578,2022-07-30,ST-41,P-40,7
YL-2704,2020-02-09,ST-10,P-20,7
HY-59476,2024-09-19,ST-37,P-53,10
EZ-512507,2020-06-02,ST-24,P-74,3
IY-51396,2022-04-06,ST-32,P-20,2
VX-26651,2020-10-04,ST-50,P-27,10
MY-5429,2023-08-02,ST-44,P-22,8
NE-23393,2021-07-22,ST-23,P-31,1
ZJ-60380,2021-12-10,ST-7,P-10,5
NE-3997,2021-10-29,ST-41,P-9,8
BK-35233,2023-06-09,ST-63,P-20,1
JL-20272,2020-10-12,ST-45,P-52,9
BU-53289,2021-09-30,ST-7,P-35,5
EV-64909,2023-04-12,ST-12,P-69,3
QO-937086,2024-04-01,ST-65,P-86,2
GE-0459,2022-06-30,ST-5,P-34,10
BR-0263,2021-10-16,ST-8,P-70,9
VB-12238,2021-01-08,ST-15,P-84,10
XN-4909,2023-04-14,ST-57,P-16,4
HF-7357,2023-10-16,ST-63,P-26,6
BB-258888,2023-02-09,ST-53,P-65,1
UR-0718,2021-04-02,ST-57,P-75,8
FG-9274,2024-08-08,ST-45,P-27,10
RP-74917,2022-09-21,ST-63,P-83,7
OQ-689876,2021-11-21,ST-23,P-43,4
HJ-2925,2021-09-12,ST-43,P-59,2
DG-9302,2023-12-14,ST-52,P-51,10
FN-3656,2023-05-30,ST-18,P-15,9
XD-8617,2024-05-03,ST-50,P-81,3
EI-5764,2022-08-29,ST-28,P-33,7
GK-9933,2021-12-26,ST-59,P-25,3
WH-18368,2021-10-23,ST-32,P-6,10
AR-63007,2023-06-26,ST-40,P-5,10
EK-6058,2023-03-17,ST-32,P-11,6
SN-2496,2021-05-21,ST-45,P-28,9
IK-2991,2022-09-20,ST-71,P-73,4
HL-671733,2021-04-25,ST-28,P-45,7
UE-372437,2020-09-11,ST-37,P-87,3
MB-23660,2021-06-02,ST-48,P-29,1
VX-0131,2021-07-31,ST-27,P-88,9
FP-5894,2020-02-09,ST-12,P-30,1
MN-67669,2024-01-20,ST-17,P-23,1
BH-502645,2023-02-09,ST-25,P-40,6
IQ-00573,2023-07-11,ST-36,P-54,3
QE-85208,2023-07-03,ST-19,P-33,1
KG-46888,2024-11-12,ST-15,P-71,9
OV-856257,2022-04-27,ST-56,P-9,5
JB-35661,2024-10-08,ST-58,P-63,8
JN-50820,2020-09-17,ST-17,P-6,8
VZ-2036,2020-02-20,ST-54,P-46,1
HK-856180,2020-05-04,ST-73,P-3,8
XV-0609,2023-09-22,ST-64,P-66,2
CW-89149,2021-01-14,ST-52,P-42,10
XP-947505,2023-10-22,ST-1,P-70,7
QB-7117,2024-09-18,ST-9,P-11,2
LI-67199,2024-03-09,ST-23,P-16,1
CR-22846,2023-01-31,ST-14,P-87,8
VH-702520,2023-03-02,ST-51,P-43,10
GA-44502,2022-08-09,ST-46,P-33,6
OU-45120,2022-11-03,ST-37,P-37,9
XI-6588,2022-03-20,ST-68,P-28,4
ZM-55880,2023-01-26,ST-65,P-60,5
EN-56340,2020-05-31,ST-50,P-42,9
DM-0859,2020-12-06,ST-56,P-47,7
GO-9297,2022-03-04,ST-63,P-22,9
XE-721754,2020-07-22,ST-32,P-72,9
XP-9912,2021-08-22,ST-44,P-67,3
HL-777305,2020-01-06,ST-1,P-79,1
RW-60627,2020-02-27,ST-18,P-46,1
SL-8799,2020-12-27,ST-36,P-62,6
PZ-54914,2023-09-10,ST-34,P-77,4
IC-46580,2024-06-16,ST-68,P-60,7
VQ-9431,2022-06-04,ST-41,P-6,7
FN-774822,2020-05-25,ST-75,P-7,6
TI-56293,2023-01-30,ST-48,P-41,4
QZ-84114,2024-03-25,ST-74,P-23,6
BV-86933,2023-10-18,ST-27,P-56,7
KR-61663,2021-01-11,ST-57,P-24,5
BZ-44363,2021-10-02,ST-19,P-23,10
KH-64390,2022-09-28,ST-63,P-20,2
IZ-18082,2021-12-01,ST-27,P-24,4
CT-09069,2023-11-21,ST-46,P-78,4
DM-3859,2024-05-27,ST-19,P-21,9
FX-04967,2020-06-21,ST-30,P-60,5
XV-5431,2021-09-02,ST-62,P-46,6
CG-38784,2021-11-14,ST-59,P-42,4
CM-413584,2023-06-09,ST-59,P-60,10
DN-345341,2020-05-23,ST-30,P-66,2
CE-432986,2020-08-26,ST-21,P-68,5
KM-9824,2020-12-06,ST-58,P-47,10
CK-6613,2021-10-11,ST-56,P-68,4
VN-661645,2023-11-06,ST-67,P-53,2
DD-0841,2023-05-15,ST-16,P-18,6
LE-918039,2021-01-27,ST-25,P-4,9
DA-828677,2024-05-27,ST-37,P-36,2
XB-562859,2020-08-22,ST-74,P-87,10
YY-95776,2021-04-02,ST-58,P-31,1
AN-9709,2021-07-25,ST-15,P-26,8
AB-41985,2024-07-21,ST-37,P-47,5
NE-76639,2020-01-24,ST-72,P-28,4
QK-5515,2020-02-04,ST-14,P-7,6
TW-430559,2023-07-19,ST-3,P-43,2
YY-82712,2021-10-02,ST-48,P-55,6
WD-32720,2023-10-01,ST-12,P-10,3
TP-1698,2024-01-23,ST-30,P-8,7
OL-8524,2023-08-02,ST-54,P-83,7
XN-46732,2023-10-14,ST-52,P-21,3
KP-466539,2023-10-01,ST-32,P-56,2
LW-517034,2022-04-02,ST-13,P-57,3
SI-66058,2020-03-19,ST-14,P-69,5
AC-109651,2022-04-14,ST-23,P-88,4
CH-751798,2021-09-07,ST-64,P-69,2
AP-4996,2022-07-29,ST-18,P-79,10
DK-332663,2020-01-22,ST-65,P-2,9
DK-61916,2023-04-29,ST-68,P-77,6
BY-061588,2021-11-02,ST-27,P-15,9
OU-5087,2021-04-19,ST-60,P-19,10
DR-43550,2020-09-27,ST-43,P-29,3
HW-88841,2022-03-25,ST-69,P-21,4
ID-0520,2024-05-23,ST-21,P-54,2
WN-3570,2021-09-26,ST-4,P-73,8
HG-808213,2022-06-24,ST-74,P-1,10
ES-4153,2022-12-25,ST-72,P-10,6
LX-1240,2020-02-27,ST-28,P-45,2
TC-256278,2022-09-01,ST-18,P-32,3
DX-9404,2024-11-09,ST-55,P-60,2
KE-947865,2023-04-22,ST-32,P-80,1
RA-735919,2024-07-07,ST-45,P-74,4
GL-639399,2020-10-10,ST-24,P-60,4
DH-39247,2023-04-04,ST-19,P-24,8
XT-4320,2021-04-18,ST-62,P-7,8
HO-240870,2021-04-25,ST-51,P-3,3
MN-87389,2024-06-10,ST-57,P-54,3
EN-0079,2021-08-30,ST-17,P-19,6
HK-9895,2020-04-25,ST-59,P-6,10
XW-7071,2021-05-08,ST-71,P-63,6
AJ-320700,2024-10-11,ST-65,P-43,7
BX-80136,2024-01-02,ST-29,P-80,1
MR-98652,2023-06-21,ST-52,P-67,4
PL-902930,2020-05-19,ST-42,P-64,2
UJ-87162,2020-03-28,ST-24,P-47,4
SZ-240553,2021-11-02,ST-56,P-84,1
NV-1568,2024-07-20,ST-22,P-18,8
MS-59595,2024-04-18,ST-54,P-1,10
UP-0296,2021-07-08,ST-17,P-6,1
TT-3706,2021-06-13,ST-12,P-77,1
CT-676577,2020-03-15,ST-61,P-56,9
UF-9479,2021-06-07,ST-45,P-21,6
MT-128907,2022-01-26,ST-13,P-48,5
BX-18521,2021-04-01,ST-15,P-84,3
XN-113192,2024-10-10,ST-41,P-1,7
GQ-00443,2024-07-28,ST-27,P-17,10
CH-7711,2023-04-09,ST-52,P-39,2
RB-20303,2022-01-15,ST-46,P-22,10
OB-38286,2020-03-10,ST-62,P-41,3
MF-28463,2020-08-08,ST-53,P-33,4
NH-2682,2020-05-20,ST-53,P-71,7
DU-599687,2023-01-29,ST-25,P-58,2
GQ-2022,2022-07-12,ST-58,P-29,1
VC-976211,2023-12-31,ST-30,P-37,9
EC-1555,2023-05-20,ST-10,P-86,3
OX-698409,2020-10-15,ST-12,P-2,5
KV-26437,2021-02-24,ST-60,P-25,8
MA-99218,2020-10-31,ST-34,P-15,6
BY-3971,2023-07-29,ST-57,P-24,1
BX-0506,2021-07-19,ST-50,P-76,6
JL-675601,2023-11-04,ST-75,P-26,6
HO-84693,2024-05-01,ST-53,P-15,8
CM-2729,2022-09-08,ST-8,P-75,6
OB-09028,2021-06-17,ST-1,P-39,5
AO-1620,2022-07-17,ST-23,P-48,6
ME-2183,2024-01-26,ST-58,P-79,10
MI-7664,2022-10-27,ST-48,P-5,3
YO-338088,2022-11-22,ST-40,P-75,8
DX-79124,2024-09-14,ST-36,P-65,1
HJ-7268,2022-11-19,ST-63,P-19,6
TJ-83104,2022-11-27,ST-45,P-31,4
TF-625275,2020-09-28,ST-56,P-46,2
PK-30797,2021-08-15,ST-7,P-66,7
LJ-661600,2020-06-08,ST-57,P-46,4
BY-7938,2023-06-09,ST-55,P-11,9
ZI-632681,2022-04-10,ST-44,P-78,1
KG-566164,2024-05-08,ST-9,P-13,3
CO-0216,2023-07-15,ST-50,P-53,7
MB-402786,2023-04-20,ST-32,P-86,4
SF-875105,2022-05-02,ST-20,P-6,2
BH-003305,2020-05-26,ST-55,P-53,5
BX-452110,2024-05-10,ST-36,P-54,10
DQ-33960,2021-06-18,ST-68,P-44,9
DY-8092,2021-08-14,ST-48,P-63,7
XF-9886,2021-07-16,ST-7,P-80,4
RO-5145,2022-08-10,ST-22,P-47,10
TN-12981,2022-03-01,ST-51,P-75,9
RQ-550002,2022-11-11,ST-67,P-81,7
KJ-171146,2022-09-10,ST-27,P-74,7
ZU-6078,2022-04-20,ST-71,P-5,3
JE-8657,2023-01-18,ST-33,P-51,7
PB-341427,2024-05-04,ST-61,P-52,5
RN-37909,2024-01-12,ST-23,P-52,9
NM-745467,2022-05-25,ST-18,P-5,1
JY-8001,2021-02-22,ST-60,P-73,1
RD-50183,2020-08-05,ST-31,P-32,8
MC-09185,2024-01-14,ST-72,P-1,8
GL-14537,2023-11-13,ST-35,P-28,3
BO-8300,2022-05-23,ST-74,P-85,10
WY-399912,2020-05-07,ST-51,P-67,1
YG-40671,2022-05-22,ST-72,P-75,10
PI-588097,2024-06-04,ST-39,P-77,3
OY-53567,2021-02-17,ST-54,P-1,5
JY-660837,2021-07-28,ST-60,P-46,4
HE-1104,2020-09-30,ST-45,P-53,2
EK-35605,2023-10-11,ST-40,P-45,3
HM-1171,2022-08-02,ST-56,P-70,10
KL-85497,2020-08-29,ST-10,P-87,8
TS-69567,2020-09-28,ST-3,P-86,10
SW-294725,2022-09-16,ST-37,P-38,7
AI-165845,2020-04-02,ST-18,P-69,2
NY-555061,2024-04-02,ST-55,P-42,5
IS-75542,2020-05-26,ST-74,P-63,1
RT-691304,2021-06-20,ST-53,P-41,8
NT-4728,2020-06-04,ST-48,P-39,6
HG-013657,2024-06-17,ST-15,P-16,8
QN-382619,2023-10-07,ST-15,P-58,10
PY-955736,2022-01-29,ST-41,P-82,1
OH-7474,2021-06-29,ST-30,P-65,2
LY-923378,2022-04-16,ST-9,P-55,5
OR-0510,2021-03-22,ST-51,P-17,3
FP-817298,2024-06-23,ST-67,P-87,5
TK-04243,2022-08-15,ST-42,P-57,4
LU-0776,2022-12-07,ST-62,P-56,10
HS-18152,2022-10-06,ST-54,P-39,3
NB-5250,2021-07-13,ST-58,P-48,5
QJ-067809,2024-08-02,ST-43,P-67,10
EI-6150,2023-10-13,ST-10,P-21,1
BK-1470,2022-03-08,ST-1,P-60,8
TB-258649,2020-02-01,ST-1,P-78,6
UQ-06327,2021-12-18,ST-6,P-42,2
DQ-13213,2023-09-21,ST-73,P-81,7
DA-934642,2022-08-03,ST-64,P-25,9
ZW-8293,2020-06-06,ST-43,P-10,1
LC-398997,2022-05-19,ST-30,P-63,9
JO-60223,2022-02-07,ST-62,P-10,9
CU-529629,2020-10-04,ST-10,P-66,1
HQ-7913,2023-08-21,ST-70,P-2,5
PZ-136809,2023-03-17,ST-44,P-43,10
YQ-0647,2024-06-13,ST-12,P-58,8
YW-19645,2022-07-02,ST-8,P-3,9
KC-56487,2022-01-28,ST-22,P-9,5
AV-709509,2020-08-16,ST-71,P-54,4
ND-2551,2023-11-17,ST-57,P-7,2
TP-068275,2021-07-07,ST-40,P-50,2
SO-093623,2023-03-26,ST-38,P-7,10
MT-2147,2022-07-24,ST-8,P-60,4
XJ-710029,2023-03-24,ST-35,P-3,2
IS-3490,2024-09-21,ST-43,P-34,5
JL-4784,2021-10-24,ST-18,P-48,4
ZZ-1222,2021-01-17,ST-73,P-3,5
PW-777693,2020-12-26,ST-33,P-63,10
SD-90166,2021-05-08,ST-21,P-26,9
KJ-94937,2022-09-19,ST-9,P-20,1
OJ-64993,2023-03-03,ST-71,P-86,8
NR-39142,2021-09-26,ST-55,P-61,4
QN-0938,2020-11-28,ST-36,P-82,9
PN-027151,2022-05-12,ST-70,P-71,4
ZC-7767,2020-10-18,ST-32,P-11,1
LI-2143,2020-06-12,ST-51,P-49,3
JG-2363,2023-01-28,ST-68,P-10,8
UC-550721,2021-04-02,ST-54,P-74,1
HY-268723,2021-03-10,ST-52,P-39,9
TV-4396,2021-06-11,ST-75,P-67,7
SW-757847,2021-03-19,ST-45,P-79,10
NH-3021,2024-03-22,ST-66,P-46,5
IC-74552,2020-02-09,ST-26,P-52,8
HY-7210,2022-05-29,ST-46,P-55,4
VE-8903,2020-08-16,ST-42,P-79,1
XK-278880,2024-01-21,ST-49,P-35,9
CW-810343,2023-02-13,ST-13,P-30,5
DC-139242,2021-07-15,ST-17,P-37,6
BR-62055,2022-05-11,ST-31,P-31,6
SE-150826,2020-12-05,ST-33,P-12,10
QH-696790,2022-05-05,ST-36,P-70,7
OU-7771,2021-12-19,ST-5,P-7,2
JV-0727,2022-08-09,ST-61,P-55,10
UL-3871,2020-02-21,ST-5,P-24,2
LO-812310,2021-11-09,ST-33,P-75,1
ZH-4666,2023-11-28,ST-37,P-37,9
BA-369076,2020-03-14,ST-62,P-14,8
WS-06612,2021-04-28,ST-13,P-8,3
QQ-4892,2024-03-03,ST-34,P-14,4
FB-0680,2023-05-02,ST-36,P-74,9
ZM-992123,2022-07-20,ST-48,P-89,5
FK-9834,2023-01-15,ST-39,P-29,4
NH-6887,2024-04-27,ST-1,P-32,8
WH-4902,2023-03-10,ST-54,P-84,6
WE-2876,2020-04-26,ST-57,P-84,8
XK-96523,2023-10-27,ST-73,P-77,5
EM-97546,2023-10-28,ST-49,P-81,9
FK-628916,2020-12-13,ST-28,P-49,9
AE-4547,2022-07-03,ST-37,P-83,4
FN-255167,2022-10-21,ST-36,P-46,9
CS-3767,2020-12-20,ST-44,P-34,5
FG-767168,2023-09-23,ST-53,P-45,10
QX-4037,2023-12-05,ST-43,P-43,9
PQ-80299,2024-07-08,ST-72,P-61,1
FH-739110,2020-11-06,ST-37,P-20,9
GI-08353,2021-07-20,ST-37,P-60,5
TQ-5741,2023-04-13,ST-47,P-73,4
HF-4563,2022-05-13,ST-69,P-35,8
QR-80020,2020-12-11,ST-50,P-76,4
XH-641191,2020-06-20,ST-20,P-88,8
KK-92071,2024-06-07,ST-34,P-11,6
UK-0945,2020-09-10,ST-52,P-86,4
AA-261133,2021-08-11,ST-14,P-18,4
BR-9855,2024-07-24,ST-57,P-80,1
OO-054369,2024-05-11,ST-2,P-76,5
UJ-1389,2024-01-23,ST-24,P-38,5
UM-1412,2023-09-01,ST-48,P-12,8
WG-394165,2021-05-18,ST-24,P-50,4
QS-2263,2024-08-17,ST-67,P-61,5
NZ-3188,2021-06-21,ST-4,P-28,10
OX-968821,2023-01-02,ST-44,P-71,4
AB-0726,2023-01-06,ST-62,P-30,1
PM-44757,2022-07-17,ST-6,P-30,7
KZ-3162,2021-04-12,ST-23,P-3,3
MM-248374,2024-01-25,ST-21,P-81,1
BI-9878,2022-11-26,ST-24,P-14,3
XK-857167,2022-10-17,ST-24,P-40,7
KC-343333,2023-05-12,ST-4,P-28,4
FA-089073,2020-01-30,ST-41,P-48,7
BR-5447,2023-08-09,ST-32,P-40,3
AS-22629,2021-09-27,ST-53,P-43,6
PP-083116,2021-06-22,ST-48,P-59,10
NY-6350,2022-11-29,ST-46,P-85,3
IJ-3127,2022-03-26,ST-72,P-76,10
DH-11146,2022-04-23,ST-70,P-44,9
CZ-0839,2021-05-28,ST-45,P-80,4
SL-0296,2023-10-04,ST-15,P-52,7
GF-790219,2020-11-10,ST-31,P-39,4
BW-0141,2024-09-23,ST-71,P-38,2
QB-657832,2020-02-25,ST-17,P-53,2
MM-2296,2023-04-29,ST-70,P-21,7
KU-407198,2021-07-21,ST-28,P-31,1
ZC-102087,2024-10-21,ST-66,P-44,8
VJ-39834,2020-08-31,ST-74,P-21,5
RK-226823,2021-02-04,ST-54,P-64,5
VF-228286,2023-09-04,ST-3,P-67,3
HM-35805,2021-02-06,ST-16,P-25,8
QC-5372,2020-06-17,ST-28,P-23,6
GF-8312,2024-10-13,ST-6,P-39,10
CA-153745,2023-12-29,ST-44,P-38,4
OS-53183,2020-02-29,ST-29,P-1,1
XX-8165,2022-08-12,ST-57,P-72,6
HF-392132,2020-01-19,ST-18,P-83,9
OB-5298,2024-09-20,ST-13,P-5,4
GM-88970,2023-02-17,ST-42,P-10,2
BJ-683586,2023-09-16,ST-6,P-36,9
TP-660490,2022-12-08,ST-43,P-34,1
LA-4597,2022-10-18,ST-20,P-48,3
QQ-83222,2024-10-16,ST-43,P-64,9
NU-77792,2022-01-24,ST-18,P-77,7
DX-3798,2020-06-20,ST-67,P-73,1
LP-9516,2022-11-05,ST-23,P-87,1
NK-8353,2022-04-20,ST-33,P-45,1
FW-0124,2021-05-19,ST-64,P-39,1
EP-385320,2023-03-26,ST-19,P-86,4
XG-337079,2020-11-13,ST-14,P-44,2
YM-081830,2024-07-13,ST-42,P-60,10
OA-4853,2021-11-20,ST-9,P-86,8
BY-76179,2021-09-01,ST-7,P-33,2
TN-987039,2022-10-04,ST-14,P-26,8
MY-2985,2023-05-12,ST-75,P-25,10
XP-59016,2024-01-09,ST-57,P-60,5
XJ-9670,2020-05-28,ST-1,P-9,2
RH-4252,2022-12-28,ST-72,P-60,9
SN-634986,2022-05-30,ST-63,P-18,2
EC-775118,2023-03-11,ST-51,P-71,6
CW-030989,2022-05-09,ST-47,P-79,4
YV-841900,2022-12-21,ST-69,P-72,5
PM-1918,2023-07-13,ST-22,P-17,9
MA-165993,2020-05-01,ST-29,P-86,2
YO-39297,2023-11-26,ST-19,P-32,10
EJ-16966,2021-03-29,ST-53,P-71,5
NZ-48912,2021-01-27,ST-59,P-33,8
CO-93309,2023-11-27,ST-55,P-71,9
VN-30320,2020-09-04,ST-72,P-54,6
UB-35519,2023-10-28,ST-19,P-75,3
CD-5395,2021-10-24,ST-75,P-21,8
UL-5194,2022-12-26,ST-5,P-9,3
AT-729842,2022-01-26,ST-25,P-57,9
AF-780289,2020-08-17,ST-46,P-64,6
IF-4977,2024-06-13,ST-50,P-2,6
IN-9622,2020-12-11,ST-20,P-35,9
AA-84788,2021-02-17,ST-46,P-44,6
YF-24048,2024-07-30,ST-5,P-47,5
OE-1535,2021-12-10,ST-43,P-75,3
OL-11644,2023-05-12,ST-11,P-76,8
AF-28697,2021-04-08,ST-11,P-56,7
US-9406,2022-12-16,ST-26,P-82,8
TF-01170,2020-05-15,ST-33,P-68,3
BL-158746,2023-10-13,ST-52,P-39,9
XS-142421,2022-06-19,ST-13,P-77,5
YX-0914,2023-02-14,ST-13,P-7,3
EJ-5762,2020-02-08,ST-59,P-69,10
JU-872843,2024-02-21,ST-23,P-62,7
IC-858480,2022-02-28,ST-19,P-6,5
HG-338185,2023-08-18,ST-52,P-13,5
SD-638849,2021-03-27,ST-75,P-61,8
GA-34893,2022-06-02,ST-22,P-69,3
RC-8121,2021-09-14,ST-4,P-29,6
VN-38431,2021-06-10,ST-59,P-29,10
NE-22511,2023-01-29,ST-11,P-13,2
SI-296012,2024-05-28,ST-18,P-58,9
CS-43640,2024-01-10,ST-22,P-50,4
NR-217042,2020-01-03,ST-60,P-9,4
CY-27539,2020-04-17,ST-8,P-46,10
MJ-0640,2021-10-04,ST-58,P-21,7
CY-0029,2021-05-23,ST-31,P-55,6
LC-18598,2022-12-16,ST-11,P-7,7
KZ-27039,2020-12-22,ST-71,P-2,6
MY-0901,2020-09-28,ST-52,P-83,1
WF-130679,2022-07-11,ST-3,P-25,9
AY-23817,2024-06-03,ST-5,P-49,6
XV-180586,2024-03-28,ST-36,P-6,9
TB-44942,2022-10-07,ST-35,P-53,1
WE-7277,2020-10-31,ST-61,P-39,8
LB-1188,2024-04-27,ST-51,P-50,1
AK-358592,2021-03-09,ST-9,P-56,1
FC-882638,2021-08-19,ST-11,P-83,6
NQ-23218,2023-08-13,ST-24,P-54,9
FM-17662,2023-09-27,ST-39,P-51,9
VK-2954,2020-02-04,ST-56,P-42,9
AI-50788,2022-08-28,ST-15,P-43,7
MR-655695,2021-06-29,ST-6,P-36,6
QM-3975,2023-01-12,ST-21,P-86,3
TO-614889,2021-04-29,ST-4,P-46,4
NY-844077,2020-07-08,ST-73,P-2,7
ZX-3044,2021-07-11,ST-17,P-3,6
ES-1470,2022-04-21,ST-3,P-14,8
OD-40116,2024-07-07,ST-44,P-30,6
UP-9820,2022-09-20,ST-57,P-28,2
KP-25238,2024-06-09,ST-14,P-59,10
RB-507859,2021-04-09,ST-73,P-37,6
JO-04232,2023-10-23,ST-29,P-16,3
OX-39857,2024-05-03,ST-19,P-12,1
GD-95348,2022-05-03,ST-47,P-50,8
TB-92794,2022-04-19,ST-74,P-12,5
NJ-7771,2020-12-18,ST-14,P-86,1
HL-594926,2020-01-13,ST-42,P-20,9
BN-0035,2020-01-17,ST-64,P-35,4
VM-693852,2020-09-09,ST-68,P-48,2
CY-90096,2022-12-10,ST-20,P-28,6
QR-13560,2023-08-28,ST-31,P-66,3
ZS-7244,2023-07-25,ST-39,P-19,10
PS-5568,2023-12-15,ST-73,P-65,6
JI-0743,2022-08-15,ST-60,P-7,5
KS-91429,2024-04-15,ST-33,P-84,9
DX-902161,2021-06-19,ST-63,P-86,2
WX-2454,2022-10-02,ST-57,P-87,7
PX-467327,2022-05-05,ST-11,P-35,4
YO-78562,2022-03-16,ST-55,P-47,10
OJ-88827,2024-02-28,ST-56,P-5,5
NY-4594,2021-03-20,ST-47,P-27,6
LD-1047,2023-03-05,ST-37,P-79,5
MH-1996,2021-08-08,ST-13,P-42,10
SR-27321,2021-06-18,ST-64,P-71,9
NN-43023,2024-06-29,ST-46,P-71,10
VO-030554,2023-11-06,ST-14,P-34,8
GG-366863,2022-01-24,ST-15,P-44,9
JE-02978,2020-01-17,ST-67,P-87,4
EM-29656,2023-11-25,ST-1,P-13,4
AU-24496,2024-03-11,ST-32,P-28,2
BO-955643,2022-07-17,ST-61,P-56,10
TR-276827,2020-11-02,ST-52,P-21,9
YD-04907,2022-10-24,ST-66,P-13,8
ZB-52823,2023-11-23,ST-55,P-35,2
OH-5514,2021-05-20,ST-43,P-27,5
SC-58869,2020-08-15,ST-45,P-3,8
ZG-0172,2021-02-22,ST-45,P-48,1
RL-5804,2020-01-30,ST-11,P-37,7
VL-7068,2024-04-20,ST-21,P-15,9
RC-448302,2020-12-07,ST-41,P-19,9
IO-33127,2020-05-15,ST-60,P-66,9
WM-266655,2024-08-03,ST-12,P-45,8
CN-019248,2021-06-23,ST-29,P-38,2
FC-2351,2020-10-31,ST-27,P-52,9
ZQ-043488,2020-03-04,ST-52,P-8,6
UH-698748,2021-12-30,ST-57,P-31,3
ON-63452,2020-06-15,ST-44,P-23,3
CK-8352,2022-07-15,ST-45,P-41,9
UC-25961,2022-09-09,ST-35,P-64,4
MF-8598,2021-01-15,ST-43,P-56,2
FZ-45757,2021-03-27,ST-39,P-88,8
DL-4023,2022-12-21,ST-11,P-26,9
NM-853612,2023-05-10,ST-62,P-39,10
NE-56359,2023-05-01,ST-64,P-28,5
OM-1906,2022-10-19,ST-21,P-24,3
SC-40268,2021-03-17,ST-27,P-25,4
MS-9551,2022-05-02,ST-73,P-19,9
NB-968063,2023-04-13,ST-69,P-79,9
FD-7672,2023-06-24,ST-43,P-88,3
SD-7310,2024-10-09,ST-48,P-9,1
LA-1051,2024-05-14,ST-40,P-3,7
KK-418844,2024-03-05,ST-49,P-51,7
DV-0388,2020-03-31,ST-43,P-26,7
PT-7830,2024-07-21,ST-4,P-65,3
ON-080469,2020-03-01,ST-3,P-23,7
AV-9901,2022-03-29,ST-29,P-46,6
XJ-088325,2023-10-23,ST-34,P-29,9
KW-392685,2022-05-01,ST-20,P-17,2
MF-980611,2022-03-05,ST-45,P-51,7
YO-9909,2020-06-28,ST-70,P-56,6
YW-6910,2023-10-14,ST-59,P-58,6
GW-1777,2023-04-13,ST-15,P-21,9
UK-579222,2020-03-24,ST-56,P-55,6
HQ-10053,2021-01-23,ST-26,P-37,1
ZM-27467,2021-03-15,ST-18,P-14,8
OR-279710,2023-06-28,ST-8,P-84,3
SH-732877,2021-05-17,ST-33,P-56,1
ZE-9533,2021-05-21,ST-54,P-59,6
IN-5904,2020-01-27,ST-16,P-57,8
EB-205152,2024-10-20,ST-21,P-75,4
EK-9673,2020-10-23,ST-39,P-28,3
DW-2131,2021-12-20,ST-47,P-62,4
JX-4805,2023-09-23,ST-64,P-48,9
KJ-7682,2023-10-12,ST-67,P-68,8
FN-37150,2023-12-05,ST-53,P-19,10
FQ-226180,2022-06-25,ST-3,P-8,3
GB-10072,2023-10-09,ST-37,P-42,2
SP-5236,2023-10-31,ST-29,P-51,4
WK-81249,2024-03-06,ST-46,P-4,10
BS-43753,2023-06-30,ST-17,P-35,2
PI-631647,2020-07-30,ST-54,P-52,3
CW-144703,2020-03-15,ST-39,P-36,6
BW-9232,2021-02-07,ST-74,P-39,5
GI-98008,2022-04-16,ST-37,P-71,8
IR-8955,2023-01-05,ST-40,P-31,5
CL-395642,2021-08-25,ST-28,P-84,7
KB-209232,2023-08-21,ST-63,P-86,8
AG-04005,2021-07-10,ST-28,P-75,7
PB-2338,2020-01-07,ST-13,P-72,1
DC-6833,2022-03-03,ST-43,P-17,6
MO-753164,2023-01-25,ST-42,P-24,3
FF-35643,2022-11-28,ST-22,P-41,3
VP-61644,2022-03-18,ST-28,P-27,7
IT-26825,2022-01-25,ST-52,P-76,3
BN-64206,2024-04-30,ST-51,P-37,6
PY-918067,2024-07-14,ST-22,P-75,5
SL-9463,2022-09-17,ST-53,P-20,4
EM-493879,2023-04-04,ST-20,P-16,2
SY-0603,2021-01-31,ST-20,P-40,2
RY-46947,2020-01-05,ST-25,P-37,4
LM-4860,2022-06-15,ST-42,P-68,6
MH-1429,2024-06-15,ST-63,P-22,3
HU-37595,2024-01-27,ST-16,P-24,9
DS-702431,2024-08-25,ST-37,P-62,1
DL-20073,2024-05-03,ST-18,P-12,7
IP-984239,2020-12-13,ST-61,P-77,4
FH-0307,2020-10-20,ST-59,P-18,9
CO-05217,2024-06-12,ST-26,P-88,8
ET-3942,2021-09-11,ST-28,P-3,2
ZT-4044,2024-02-27,ST-25,P-26,5
VR-56286,2022-04-12,ST-59,P-76,3
JN-7144,2022-07-09,ST-4,P-88,9
LM-651743,2023-09-26,ST-29,P-10,10
EC-860223,2024-05-09,ST-31,P-15,9
SG-59676,2024-08-01,ST-22,P-28,5
HX-66044,2020-05-28,ST-21,P-53,4
PT-12834,2020-04-16,ST-12,P-62,7
BV-758886,2024-04-06,ST-37,P-14,4
HU-251309,2021-12-02,ST-8,P-83,4
SX-48468,2020-04-05,ST-60,P-38,10
IW-88828,2020-10-21,ST-19,P-69,6
RQ-63533,2022-01-07,ST-56,P-61,7
EF-81508,2021-09-02,ST-42,P-32,1
WH-5133,2021-12-13,ST-30,P-52,9
CX-0368,2022-01-29,ST-30,P-79,8
QA-293469,2024-03-30,ST-49,P-6,3
NY-23106,2023-09-25,ST-44,P-2,6
FC-027901,2023-12-12,ST-19,P-5,3
QT-642057,2022-04-24,ST-35,P-47,3
IG-09626,2020-05-09,ST-35,P-41,4
AK-7637,2023-07-20,ST-1,P-64,1
YV-57928,2022-05-08,ST-47,P-48,3
VH-45478,2022-03-01,ST-25,P-82,7
ZW-0274,2020-06-21,ST-31,P-53,2
ZC-1642,2020-06-16,ST-8,P-78,3
LP-81088,2023-11-27,ST-20,P-67,9
AT-369242,2020-04-16,ST-12,P-64,3
HP-260503,2023-07-06,ST-75,P-66,2
LV-4061,2023-12-10,ST-29,P-24,3
SD-57329,2024-05-15,ST-59,P-74,1
DJ-5816,2022-09-05,ST-40,P-1,9
ZZ-70819,2023-06-09,ST-30,P-22,6
AO-5931,2022-08-16,ST-16,P-79,1
BX-1739,2020-10-19,ST-71,P-80,1
VJ-170714,2022-12-23,ST-43,P-34,5
ZY-38093,2020-06-12,ST-9,P-5,9
RQ-5561,2022-08-14,ST-43,P-65,9
NO-1369,2022-09-12,ST-20,P-43,4
YL-20630,2022-11-17,ST-10,P-49,9
VF-448442,2022-01-02,ST-9,P-72,9
EI-8006,2023-01-15,ST-59,P-28,10
FB-672824,2024-04-19,ST-54,P-48,1
BA-0453,2022-11-25,ST-64,P-4,6
VB-2070,2021-06-02,ST-61,P-67,9
CU-685690,2022-10-02,ST-51,P-77,9
SZ-97932,2020-06-27,ST-38,P-37,9
JU-4737,2022-01-14,ST-52,P-27,3
HL-7253,2020-05-04,ST-12,P-48,8
FV-544714,2020-12-03,ST-61,P-77,5
SM-151971,2020-07-09,ST-9,P-46,9
YY-37832,2020-11-13,ST-55,P-3,10
MD-019869,2021-02-06,ST-49,P-76,8
YJ-3763,2021-10-28,ST-16,P-9,1
VK-914639,2022-11-16,ST-37,P-15,6
PV-2737,2020-12-12,ST-54,P-3,2
DP-92335,2024-04-18,ST-67,P-72,3
QX-8664,2024-02-18,ST-69,P-46,1
DK-747958,2021-11-09,ST-28,P-45,7
QT-217093,2021-11-17,ST-31,P-64,4
KY-68425,2022-07-05,ST-12,P-32,4
CL-3735,2023-09-09,ST-2,P-65,10
MS-62901,2021-07-20,ST-69,P-42,6
BM-149475,2021-04-13,ST-68,P-33,9
DD-185351,2024-02-24,ST-50,P-30,4
ON-271625,2021-07-07,ST-46,P-27,3
PC-0045,2021-03-31,ST-69,P-72,8
WD-275182,2023-09-18,ST-72,P-43,10
UQ-306329,2020-04-23,ST-60,P-13,3
YF-0461,2021-07-03,ST-44,P-26,3
AO-86939,2022-09-12,ST-29,P-50,3
MH-17958,2020-02-17,ST-40,P-11,7
DI-61872,2022-03-25,ST-40,P-61,8
BI-4643,2024-02-23,ST-70,P-59,2
QU-769289,2021-05-19,ST-42,P-46,8
SS-9273,2023-02-26,ST-47,P-73,1
AQ-224321,2024-01-08,ST-56,P-35,10
AB-28267,2021-01-01,ST-17,P-28,4
LH-367635,2020-02-02,ST-54,P-18,5
HT-1875,2022-11-04,ST-29,P-39,5
WI-156759,2022-03-31,ST-22,P-88,5
IY-53105,2022-11-07,ST-71,P-35,2
OU-7911,2022-04-01,ST-71,P-44,7
LB-353146,2023-08-07,ST-12,P-84,5
YW-339155,2023-10-20,ST-15,P-13,6
UD-047353,2024-10-06,ST-39,P-18,9
XX-066700,2022-03-02,ST-73,P-76,9
XF-5006,2022-04-21,ST-11,P-74,6
ZP-51820,2021-12-22,ST-61,P-31,4
DZ-12534,2024-06-20,ST-17,P-78,7
PA-816499,2020-08-06,ST-66,P-53,2
JZ-00133,2021-05-27,ST-12,P-32,3
OZ-3838,2023-08-17,ST-55,P-71,10
PD-97195,2020-09-23,ST-67,P-69,9
HB-25153,2020-03-30,ST-1,P-6,5
XY-236452,2023-12-26,ST-34,P-82,6
HW-54009,2021-03-05,ST-21,P-87,3
HN-37792,2020-07-30,ST-57,P-17,10
AE-4133,2023-09-15,ST-22,P-15,10
LJ-79915,2023-01-24,ST-11,P-87,4
LL-8900,2023-09-29,ST-38,P-26,2
PM-3334,2024-03-07,ST-41,P-55,10
DP-6845,2022-09-13,ST-62,P-8,6
YM-918440,2022-03-24,ST-67,P-69,3
OF-34308,2021-06-27,ST-30,P-7,9
VZ-55083,2021-10-14,ST-33,P-9,6
OS-656806,2021-09-25,ST-22,P-26,3
ZT-7040,2022-03-24,ST-75,P-66,2
OO-1006,2020-02-09,ST-44,P-44,3
VT-1458,2021-10-28,ST-7,P-27,7
BV-98078,2023-06-13,ST-14,P-54,8
BG-44623,2021-10-25,ST-45,P-45,5
BJ-4725,2021-02-25,ST-74,P-14,2
YW-076232,2023-11-19,ST-71,P-38,3
LC-80532,2022-03-11,ST-11,P-1,6
AW-0448,2020-11-05,ST-38,P-10,3
SV-8589,2021-02-27,ST-30,P-6,2
FS-4990,2023-12-29,ST-46,P-53,3
ES-7780,2021-06-21,ST-27,P-65,5
ON-7306,2023-01-01,ST-69,P-48,9
DM-36692,2021-08-20,ST-74,P-45,3
WM-733883,2023-02-27,ST-50,P-5,7
TI-5261,2020-09-29,ST-43,P-48,2
QV-290653,2023-01-25,ST-29,P-58,7
UR-694432,2023-11-19,ST-16,P-55,10
LJ-7855,2024-02-02,ST-71,P-22,8
VF-723179,2021-04-02,ST-18,P-29,4
AM-018313,2020-01-17,ST-63,P-55,6
BJ-694367,2023-10-14,ST-41,P-1,7
VW-61249,2021-06-16,ST-31,P-57,1
JG-766992,2021-01-27,ST-41,P-1,5
RG-31793,2021-08-20,ST-38,P-87,1
ER-74846,2024-10-09,ST-59,P-74,8
OQ-658798,2023-11-19,ST-46,P-70,4
KO-895420,2021-04-04,ST-40,P-63,6
EH-17699,2022-03-08,ST-61,P-24,5
EI-42670,2020-11-06,ST-1,P-38,9
RQ-60183,2022-10-01,ST-67,P-36,8
SW-8009,2021-03-22,ST-55,P-61,4
ST-947903,2023-02-02,ST-29,P-21,3
EQ-656496,2021-05-19,ST-66,P-54,10
XT-80874,2022-02-26,ST-20,P-87,5
YN-616704,2021-03-30,ST-23,P-60,5
WC-778426,2022-08-08,ST-9,P-83,5
RI-7753,2022-09-26,ST-73,P-82,8
LS-1563,2021-10-21,ST-56,P-72,6
JJ-541801,2020-08-02,ST-70,P-2,5
JI-45643,2020-03-29,ST-13,P-87,6
YZ-561764,2022-07-01,ST-50,P-47,2
RD-83210,2021-11-22,ST-32,P-28,9
LI-99565,2024-04-29,ST-10,P-2,1
OT-91435,2021-02-15,ST-9,P-10,4
KF-200925,2022-04-22,ST-14,P-18,1
OT-32734,2020-06-02,ST-60,P-30,2
GV-28710,2022-10-16,ST-54,P-49,4
LO-3179,2022-09-16,ST-15,P-42,8
QA-8449,2020-01-17,ST-61,P-79,3
ZA-5803,2024-10-28,ST-35,P-83,8
PQ-26607,2021-07-06,ST-65,P-60,1
GN-5652,2023-08-01,ST-26,P-4,4
IT-219204,2020-10-28,ST-44,P-39,6
VE-730782,2022-08-29,ST-6,P-20,10
LZ-1836,2023-04-20,ST-46,P-24,8
QN-8239,2021-06-27,ST-33,P-44,1
QJ-269831,2020-03-18,ST-19,P-16,9
TS-3921,2020-08-06,ST-6,P-22,8
UA-40722,2021-07-31,ST-42,P-3,4
GV-9840,2020-09-13,ST-40,P-58,7
WY-61301,2023-10-01,ST-49,P-85,4
FW-0960,2021-09-22,ST-19,P-69,9
TX-72218,2023-04-04,ST-72,P-20,5
XI-25913,2024-08-08,ST-19,P-15,6
JM-40207,2024-05-21,ST-38,P-79,5
PA-670427,2020-10-05,ST-22,P-2,5
OD-74219,2022-05-04,ST-42,P-81,8
RI-52983,2023-12-24,ST-75,P-9,10
NJ-76380,2020-05-20,ST-15,P-60,8
XS-720798,2020-09-21,ST-11,P-60,1
ZK-4850,2021-04-17,ST-73,P-58,3
YT-92710,2023-01-04,ST-43,P-27,5
XT-723533,2024-07-03,ST-69,P-12,5
QI-629789,2021-05-17,ST-46,P-56,8
EG-968763,2023-06-07,ST-9,P-30,4
KD-81003,2023-09-08,ST-4,P-47,5
DN-844039,2023-11-16,ST-27,P-10,5
YH-10503,2022-06-27,ST-35,P-5,8
GX-340701,2021-12-13,ST-60,P-79,5
XP-340039,2020-09-30,ST-50,P-3,6
PK-5492,2021-01-31,ST-45,P-59,5
UV-97020,2024-10-26,ST-58,P-55,1
AT-622457,2020-07-18,ST-11,P-11,2
CS-6707,2023-05-05,ST-29,P-14,5
BR-28058,2020-03-15,ST-33,P-9,8
YS-748400,2020-06-03,ST-54,P-19,9
LB-543970,2022-09-16,ST-57,P-56,9
FK-2008,2024-03-12,ST-74,P-34,5
JP-88198,2022-12-18,ST-24,P-30,7
MA-5627,2024-05-17,ST-72,P-45,2
YA-44565,2023-07-19,ST-57,P-19,3
SA-63385,2022-05-26,ST-64,P-38,10
EI-61054,2024-01-28,ST-2,P-33,6
FJ-64633,2023-05-01,ST-24,P-56,1
RE-6434,2021-09-15,ST-4,P-31,5
FN-667333,2024-08-11,ST-40,P-63,2
GJ-0900,2023-03-21,ST-22,P-58,3
MR-81279,2022-08-02,ST-18,P-3,7
JE-93372,2020-03-31,ST-41,P-16,9
HP-63569,2022-11-24,ST-21,P-77,9
EX-999538,2020-10-06,ST-63,P-27,7
KB-7765,2020-09-21,ST-27,P-76,10
QQ-7535,2024-03-04,ST-4,P-68,1
SJ-0741,2021-11-17,ST-1,P-12,4
II-99868,2024-01-28,ST-13,P-73,10
NF-45250,2024-01-03,ST-9,P-45,7
UG-845300,2024-08-27,ST-6,P-24,3
LV-8407,2023-09-12,ST-24,P-5,1
BU-7225,2022-05-29,ST-67,P-18,7
LL-00365,2023-03-08,ST-71,P-7,10
NS-88720,2021-03-11,ST-42,P-17,9
FT-075398,2023-04-03,ST-24,P-44,1
BW-371152,2022-03-25,ST-8,P-49,3
GG-70667,2020-03-30,ST-47,P-1,4
CN-21479,2020-04-28,ST-2,P-19,7
PE-45656,2022-01-13,ST-66,P-51,8
QA-7101,2022-10-18,ST-32,P-5,3
UU-146796,2024-07-05,ST-75,P-54,7
TJ-96526,2023-09-07,ST-58,P-60,8
YN-15390,2020-04-23,ST-50,P-17,10
HV-39062,2024-10-05,ST-53,P-34,8
RQ-85413,2024-09-11,ST-47,P-4,7
OG-344452,2024-09-06,ST-36,P-9,2
HQ-205860,2021-06-09,ST-20,P-66,8
PZ-02197,2020-06-16,ST-39,P-3,1
DI-9779,2024-10-31,ST-71,P-46,5
YX-1864,2022-05-28,ST-2,P-73,8
VZ-8991,2024-08-05,ST-11,P-12,6
IL-33839,2024-02-12,ST-20,P-52,5
RN-4533,2020-09-12,ST-18,P-69,9
VO-7952,2023-11-25,ST-36,P-55,4
JJ-94916,2022-07-23,ST-41,P-79,4
HL-21142,2020-09-27,ST-44,P-33,9
XR-5824,2021-11-09,ST-37,P-85,8
VS-06119,2020-11-22,ST-12,P-80,6
TY-44675,2021-06-13,ST-13,P-81,8
TK-868950,2021-09-02,ST-25,P-30,9
KU-6196,2024-03-27,ST-7,P-33,8
MB-878769,2024-10-26,ST-46,P-67,8
RK-2344,2024-02-18,ST-16,P-77,8
KM-67028,2021-06-29,ST-7,P-32,3
DU-328436,2022-08-05,ST-49,P-17,8
EB-8263,2020-12-05,ST-14,P-21,2
AP-0605,2023-12-25,ST-46,P-41,7
DM-1407,2021-07-16,ST-58,P-87,1
RP-878708,2022-03-23,ST-67,P-4,8
LX-88351,2023-06-29,ST-1,P-59,6
JE-1087,2023-05-14,ST-4,P-45,5
IJ-58649,2024-01-16,ST-11,P-77,9
NC-42560,2021-06-29,ST-58,P-30,3
EJ-446620,2023-05-13,ST-36,P-8,4
BB-00178,2023-10-10,ST-15,P-88,6
MB-72477,2021-07-25,ST-14,P-34,1
KY-790636,2023-04-11,ST-7,P-41,9
EC-61637,2020-12-18,ST-24,P-72,2
RT-528961,2024-10-17,ST-17,P-6,7
ZZ-413562,2023-09-03,ST-14,P-55,10
NI-26930,2022-10-23,ST-74,P-46,4
JC-4886,2023-01-05,ST-64,P-6,5
KB-03611,2020-10-28,ST-40,P-80,10
FV-40295,2023-08-05,ST-33,P-33,1
VJ-59716,2024-03-08,ST-6,P-43,6
PH-54573,2021-02-06,ST-57,P-60,1
BJ-669722,2022-01-19,ST-50,P-22,10
IW-9909,2021-02-10,ST-18,P-34,9
OL-5635,2021-11-02,ST-3,P-87,6
NY-9963,2021-06-18,ST-63,P-71,5
GF-267091,2023-10-16,ST-74,P-83,4
GF-789659,2021-06-29,ST-18,P-30,4
KG-029565,2020-06-15,ST-55,P-53,5
GH-0646,2020-04-12,ST-66,P-65,2
KU-6852,2022-04-12,ST-20,P-36,8
JS-074225,2022-09-14,ST-48,P-32,2
TP-6678,2023-11-29,ST-28,P-20,3
LA-478507,2020-12-01,ST-59,P-27,5
UH-3002,2021-11-15,ST-63,P-14,9
QO-5240,2022-07-06,ST-8,P-36,8
WS-87214,2021-12-15,ST-31,P-14,6
OX-51645,2024-08-05,ST-28,P-62,3
CK-44641,2020-04-21,ST-65,P-70,9
DV-14559,2023-09-02,ST-74,P-23,2
BB-1158,2023-07-24,ST-47,P-30,6
JR-3964,2021-03-08,ST-49,P-11,1
SY-76202,2022-02-14,ST-67,P-65,6
RA-5399,2022-12-17,ST-72,P-20,5
WG-07237,2020-06-14,ST-59,P-86,7
LW-9199,2023-04-04,ST-65,P-20,2
KV-21398,2020-04-16,ST-58,P-4,6
GC-050852,2021-03-11,ST-26,P-27,10
RE-6138,2020-08-26,ST-40,P-4,8
BB-18614,2024-03-17,ST-7,P-40,4
QL-4919,2021-04-28,ST-71,P-60,3
FH-61973,2023-05-05,ST-40,P-86,10
BN-541491,2021-06-19,ST-51,P-70,10
EZ-06692,2020-06-26,ST-9,P-72,9
PA-9225,2024-01-29,ST-26,P-34,5
OU-032598,2024-07-02,ST-49,P-52,4
SG-851273,2020-05-02,ST-30,P-2,1
KH-5203,2021-03-03,ST-26,P-6,10
WE-41146,2020-09-28,ST-13,P-20,2
SF-430926,2022-02-17,ST-35,P-9,3
FT-7301,2023-07-07,ST-45,P-80,9
LO-5215,2023-12-16,ST-41,P-87,10
XI-35439,2023-07-24,ST-10,P-39,6
WJ-9619,2024-05-13,ST-56,P-18,3
RH-616321,2022-06-10,ST-36,P-15,3
KT-1423,2021-12-27,ST-64,P-87,10
EZ-8796,2020-03-06,ST-46,P-27,9
ZD-300805,2021-01-04,ST-73,P-6,6
TR-68312,2022-01-01,ST-42,P-6,1
SW-464528,2024-03-26,ST-47,P-28,9
KM-193218,2020-04-22,ST-40,P-7,6
VR-80308,2021-07-16,ST-12,P-34,5
IZ-1781,2022-01-26,ST-44,P-5,8
FW-96493,2022-07-25,ST-31,P-61,5
SY-42390,2021-06-24,ST-73,P-74,5
RY-8402,2023-09-29,ST-18,P-50,1
IO-8794,2021-04-10,ST-27,P-79,9
QO-25587,2020-05-24,ST-70,P-14,5
FM-4810,2021-12-21,ST-67,P-9,7
OL-84251,2021-05-08,ST-71,P-77,3
XT-55751,2022-05-12,ST-14,P-21,10
QV-78820,2021-09-26,ST-72,P-4,9
CF-780840,2024-05-26,ST-24,P-26,6
OK-703878,2023-06-04,ST-19,P-39,8
GK-166305,2021-03-29,ST-48,P-31,8
BJ-9041,2024-06-26,ST-2,P-41,8
LN-8684,2020-08-23,ST-61,P-34,10
ZV-1088,2022-07-01,ST-58,P-85,10
ZQ-756923,2022-07-10,ST-30,P-72,6
GF-562707,2024-04-12,ST-23,P-71,2
NJ-533243,2024-03-08,ST-2,P-16,8
HA-3825,2024-07-30,ST-7,P-74,5
BA-30494,2023-12-07,ST-6,P-33,2
XA-74198,2020-06-21,ST-68,P-7,1
OP-2616,2024-08-29,ST-34,P-10,2
KX-86237,2020-12-11,ST-60,P-58,8
AQ-1608,2024-06-25,ST-4,P-28,9
EQ-561599,2020-12-02,ST-55,P-16,8
RF-641155,2023-05-02,ST-27,P-45,3
RY-232601,2022-11-12,ST-36,P-46,10
LE-890635,2024-10-22,ST-6,P-27,6
MG-71503,2022-06-24,ST-6,P-64,1
BE-6829,2023-10-10,ST-62,P-31,6
RV-963833,2020-12-22,ST-60,P-1,4
SV-0463,2021-04-25,ST-12,P-14,2
VW-5284,2020-11-10,ST-20,P-43,3
VB-31833,2020-03-14,ST-55,P-65,7
CL-975908,2022-06-27,ST-42,P-12,1
KN-7164,2023-02-09,ST-47,P-77,7
ZW-83286,2020-04-11,ST-50,P-21,8
FQ-937999,2021-08-21,ST-18,P-56,7
IB-494179,2022-06-02,ST-31,P-86,10
NQ-2089,2022-08-06,ST-52,P-24,7
GO-84981,2024-06-17,ST-14,P-34,10
WE-659964,2021-04-04,ST-48,P-85,9
HN-783740,2023-07-09,ST-35,P-22,2
GJ-590040,2021-08-18,ST-44,P-43,6
TR-6080,2024-10-16,ST-10,P-81,7
FX-499477,2021-05-04,ST-72,P-8,3
NJ-60956,2022-12-09,ST-48,P-80,4
TP-70129,2022-04-08,ST-26,P-49,9
LM-22712,2021-02-28,ST-44,P-62,7
KU-545600,2022-07-24,ST-9,P-18,7
ID-82849,2024-09-30,ST-30,P-73,8
KA-6365,2021-10-25,ST-23,P-55,2
AY-46663,2023-03-19,ST-42,P-15,7
YK-5317,2022-01-21,ST-61,P-39,10
NT-75157,2020-06-07,ST-29,P-80,7
TV-8660,2022-08-31,ST-18,P-21,3
MC-38296,2022-05-01,ST-13,P-43,9
RE-4321,2021-03-21,ST-11,P-83,2
XE-31263,2023-12-19,ST-45,P-46,5
AC-5396,2024-07-31,ST-51,P-84,10
DQ-6212,2020-06-05,ST-74,P-66,1
MX-3077,2020-09-17,ST-25,P-54,5
QA-5262,2023-05-14,ST-2,P-31,4
TV-24732,2022-09-17,ST-37,P-6,8
MJ-581422,2024-11-12,ST-20,P-24,9
FT-7983,2024-08-26,ST-3,P-24,10
LB-3032,2020-10-24,ST-66,P-88,4
GK-52311,2020-04-11,ST-18,P-59,9
MY-25407,2021-08-15,ST-20,P-81,1
MQ-3108,2023-03-20,ST-59,P-81,3
YX-699636,2024-01-24,ST-52,P-38,4
HG-60895,2020-11-19,ST-47,P-60,5
JO-87810,2022-01-31,ST-32,P-80,4
UC-350526,2022-05-24,ST-35,P-36,2
UE-4595,2023-04-29,ST-48,P-5,10
RN-932861,2024-07-22,ST-12,P-5,7
IH-5589,2024-11-04,ST-3,P-82,1
HI-89645,2020-08-07,ST-74,P-76,6
FT-9831,2023-05-05,ST-69,P-78,6
IM-030088,2023-12-23,ST-23,P-61,6
WW-2787,2021-05-12,ST-49,P-55,10
CG-987792,2023-07-25,ST-27,P-7,1
NU-733980,2022-09-06,ST-19,P-16,8
HO-1970,2020-10-29,ST-11,P-57,3
NY-818972,2022-05-20,ST-22,P-32,8
BJ-68717,2022-11-17,ST-7,P-30,2
ZH-012741,2021-03-07,ST-68,P-18,3
CM-6184,2024-08-24,ST-11,P-14,9
HS-490155,2021-06-19,ST-68,P-65,2
FT-538317,2024-10-17,ST-23,P-79,1
KY-3985,2021-07-13,ST-51,P-64,8
TM-462288,2024-05-28,ST-15,P-80,9
JL-72017,2022-06-14,ST-72,P-74,8
RE-9511,2023-03-22,ST-52,P-66,6
AE-817111,2020-03-05,ST-2,P-65,1
ZZ-89097,2023-09-12,ST-22,P-82,3
MK-29438,2020-02-19,ST-34,P-10,3
IG-531986,2021-12-14,ST-4,P-77,4
SA-774950,2023-01-30,ST-56,P-17,9
SD-7283,2022-01-15,ST-59,P-55,7
RT-266680,2023-10-21,ST-57,P-53,5
RL-13360,2020-09-23,ST-41,P-59,2
RW-96725,2022-11-28,ST-63,P-10,8
WC-798836,2024-01-03,ST-50,P-89,5
PF-422936,2024-10-11,ST-15,P-41,2
TQ-054065,2022-02-18,ST-8,P-36,7
OA-843181,2021-10-21,ST-54,P-54,8
LX-3740,2020-11-19,ST-4,P-38,8
IU-65068,2021-09-15,ST-36,P-45,8
UA-323259,2024-01-29,ST-71,P-51,8
HH-9533,2021-10-05,ST-75,P-37,9
JC-2872,2020-08-19,ST-46,P-47,6
ZZ-693114,2020-09-14,ST-67,P-16,4
UL-331878,2022-06-19,ST-50,P-8,2
OH-936461,2022-08-21,ST-36,P-42,4
OC-0915,2023-05-17,ST-73,P-72,6
UG-0676,2021-07-05,ST-75,P-61,1
PA-61784,2022-09-22,ST-57,P-29,8
GO-85136,2021-05-21,ST-54,P-38,6
TM-132996,2022-12-20,ST-69,P-89,4
MU-0909,2021-06-03,ST-8,P-16,10
NT-53767,2022-10-07,ST-46,P-21,6
VA-16941,2024-03-25,ST-37,P-41,5
GT-909727,2020-06-20,ST-44,P-87,8
BV-649500,2023-09-22,ST-15,P-43,7
IZ-952705,2021-06-11,ST-52,P-45,9
NJ-8414,2022-03-17,ST-75,P-79,9
QW-14404,2021-12-04,ST-73,P-18,3
WD-405799,2022-10-13,ST-54,P-88,5
LQ-15922,2020-03-26,ST-25,P-12,1
QM-98053,2022-10-01,ST-60,P-22,8
UJ-455428,2022-12-29,ST-10,P-52,8
DS-184394,2020-02-10,ST-62,P-24,6
PT-748225,2023-11-03,ST-57,P-85,10
AU-281912,2021-07-29,ST-40,P-40,10
FH-085313,2020-01-26,ST-64,P-3,7
WT-2647,2020-11-04,ST-73,P-82,6
KX-3782,2024-02-01,ST-42,P-35,7
QA-0642,2020-02-10,ST-17,P-32,1
RH-77800,2023-01-28,ST-63,P-78,5
KZ-3375,2021-04-06,ST-7,P-38,1
UF-48978,2021-06-03,ST-17,P-25,8
ZE-2075,2024-06-09,ST-46,P-16,6
EB-5520,2020-11-03,ST-8,P-54,4
NS-628315,2020-09-18,ST-25,P-55,3
SR-6638,2024-07-16,ST-17,P-7,10
XT-268913,2022-08-23,ST-59,P-30,3
XB-1735,2021-04-01,ST-41,P-2,6
RI-619308,2022-12-05,ST-36,P-40,4
XT-990643,2021-06-18,ST-54,P-44,1
VL-81262,2024-09-09,ST-50,P-23,8
JP-76985,2021-11-24,ST-49,P-12,10
NQ-43030,2024-10-19,ST-33,P-71,5
MQ-6606,2021-08-05,ST-31,P-73,8
AX-542733,2021-08-01,ST-61,P-27,4
PQ-129352,2020-08-20,ST-9,P-55,5
YL-974463,2022-01-18,ST-12,P-53,4
RK-4361,2024-01-26,ST-74,P-63,4
PC-6082,2023-06-19,ST-9,P-1,5
ST-2734,2024-06-26,ST-68,P-84,8
JP-240385,2022-06-04,ST-29,P-55,3
RC-09230,2022-05-19,ST-2,P-77,9
LR-1886,2022-09-03,ST-41,P-75,8
HJ-49100,2024-10-15,ST-16,P-85,9
UG-95327,2020-10-04,ST-26,P-46,3
IC-105819,2023-09-29,ST-17,P-6,6
AB-86823,2024-04-11,ST-63,P-42,2
MN-101586,2023-12-07,ST-24,P-3,9
NF-01477,2023-10-12,ST-65,P-87,5
DC-602601,2022-08-16,ST-14,P-51,2
YO-93579,2021-03-19,ST-54,P-71,9
SC-016781,2022-04-28,ST-72,P-62,4
WY-6834,2022-07-24,ST-61,P-20,7
OZ-382910,2024-10-16,ST-66,P-24,7
UI-2716,2024-03-10,ST-56,P-85,1
VU-794330,2023-04-15,ST-72,P-7,8
MM-8487,2020-11-19,ST-38,P-89,7
UE-90800,2024-07-16,ST-55,P-82,9
AN-8270,2021-07-20,ST-3,P-1,3
IS-3265,2024-10-21,ST-30,P-89,7
GG-277518,2022-12-09,ST-34,P-86,6
CT-41191,2020-03-17,ST-41,P-16,4
EA-942816,2024-03-29,ST-64,P-17,5
TK-653572,2020-05-01,ST-22,P-61,5
YO-492990,2024-03-04,ST-50,P-37,7
ZI-268491,2021-07-16,ST-58,P-78,10
DD-79169,2022-02-12,ST-9,P-81,9
GU-22194,2022-04-27,ST-22,P-10,9
WF-38225,2020-06-25,ST-46,P-88,1
BW-5186,2021-07-10,ST-40,P-32,1
EB-349682,2022-10-28,ST-62,P-65,5
PW-430455,2023-07-25,ST-48,P-18,6
KK-129355,2024-02-29,ST-64,P-67,7
AV-5161,2024-03-28,ST-67,P-56,2
LE-94759,2024-08-10,ST-63,P-86,2
CF-635355,2021-06-22,ST-6,P-43,6
CG-387125,2020-04-07,ST-41,P-28,1
JY-822071,2023-10-30,ST-5,P-13,3
XH-24189,2024-02-18,ST-35,P-3,4
GA-5271,2021-09-05,ST-62,P-13,8
AY-404135,2020-05-24,ST-26,P-20,6
IW-387938,2021-05-08,ST-25,P-75,4
WJ-814760,2021-01-31,ST-1,P-63,2
CN-2279,2020-11-21,ST-27,P-63,8
TI-55261,2023-06-16,ST-30,P-88,2
OL-6334,2023-11-13,ST-72,P-58,1
BN-0525,2024-01-04,ST-36,P-86,10
DQ-06736,2020-02-05,ST-1,P-47,4
AK-241695,2022-02-21,ST-71,P-35,10
OF-15614,2021-12-17,ST-47,P-31,8
TA-265286,2024-08-09,ST-72,P-18,3
RV-5094,2023-09-07,ST-62,P-23,6
GU-414443,2024-02-21,ST-74,P-20,3
YE-19128,2024-08-04,ST-73,P-24,4
YF-17903,2022-08-24,ST-9,P-17,7
EF-88531,2022-09-24,ST-19,P-12,6
IF-95806,2022-11-16,ST-22,P-57,7
NX-91117,2022-04-12,ST-74,P-64,1
HV-755554,2020-01-22,ST-74,P-59,6
LQ-1293,2020-05-10,ST-37,P-17,1
GV-210264,2021-06-21,ST-62,P-66,3
WD-20732,2023-12-14,ST-28,P-67,7
MC-511279,2021-02-12,ST-21,P-79,9
PQ-478234,2020-12-04,ST-15,P-36,8
YZ-608398,2023-04-17,ST-43,P-6,1
JH-329191,2020-08-26,ST-9,P-57,3
LQ-144160,2022-10-19,ST-36,P-65,2
XD-9791,2023-04-08,ST-72,P-43,1
AN-536554,2020-07-07,ST-59,P-5,9
XK-321469,2024-10-08,ST-36,P-51,6
KU-17042,2021-09-07,ST-16,P-85,7
EC-61415,2020-02-28,ST-54,P-83,9
DO-8036,2020-04-14,ST-14,P-38,8
VA-13697,2020-08-03,ST-6,P-39,5
ER-87976,2022-01-23,ST-60,P-34,7
HF-0220,2021-04-15,ST-48,P-82,5
MV-06819,2020-10-24,ST-68,P-25,2
UM-64528,2024-05-18,ST-26,P-4,4
JW-343858,2020-06-26,ST-2,P-48,5
TE-827899,2023-01-26,ST-74,P-59,8
CT-52118,2022-01-20,ST-21,P-84,10
LW-279430,2022-09-19,ST-55,P-61,10
RP-242549,2023-10-06,ST-55,P-17,6
IY-4534,2023-07-10,ST-4,P-68,7
MI-603924,2023-12-22,ST-5,P-8,1
KL-96811,2020-04-09,ST-75,P-39,8
UE-6732,2022-12-03,ST-60,P-67,10
FD-494421,2020-10-06,ST-72,P-4,5
KZ-491471,2021-02-14,ST-51,P-60,9
ZC-343868,2023-11-03,ST-8,P-41,4
WL-71686,2023-11-02,ST-53,P-79,5
EK-95035,2021-04-03,ST-6,P-82,7
FI-21447,2020-02-19,ST-14,P-36,6
TW-19985,2023-04-17,ST-39,P-29,2
EQ-81415,2024-04-02,ST-57,P-46,6
HN-8921,2022-06-15,ST-2,P-30,8
ZU-80238,2023-12-22,ST-9,P-34,10
HD-248030,2024-02-06,ST-65,P-70,8
YS-13262,2021-01-07,ST-55,P-48,2
OK-9898,2022-05-05,ST-11,P-15,9
HS-6774,2022-03-21,ST-31,P-2,10
LJ-991975,2020-01-26,ST-18,P-41,8
FA-4566,2022-07-11,ST-72,P-7,1
GP-71984,2023-06-15,ST-28,P-17,5
UQ-6827,2020-08-13,ST-32,P-35,10
PA-59109,2022-09-28,ST-72,P-44,7
GE-81988,2020-10-17,ST-65,P-79,10
EB-30286,2022-08-06,ST-66,P-16,5
KA-5151,2023-07-23,ST-72,P-14,7
TC-628502,2021-10-10,ST-49,P-12,9
JI-5218,2024-10-27,ST-73,P-24,9
CG-4789,2021-11-20,ST-31,P-58,6
DI-417643,2021-04-16,ST-26,P-87,5
NC-62150,2023-03-12,ST-17,P-9,3
VN-555555,2022-09-13,ST-61,P-88,7
SA-1827,2024-10-30,ST-31,P-49,1
RV-4057,2020-09-21,ST-7,P-26,5
ZM-32936,2022-07-27,ST-10,P-45,8
JH-783595,2021-06-18,ST-28,P-68,5
CH-3311,2023-05-30,ST-28,P-28,1
JC-3235,2021-09-08,ST-5,P-24,5
WG-981686,2023-12-26,ST-12,P-14,7
SU-3528,2023-09-11,ST-13,P-77,2
DQ-627090,2023-09-04,ST-43,P-3,7
JN-0574,2023-12-11,ST-47,P-7,2
ZZ-685717,2024-02-13,ST-56,P-6,3
AG-4337,2024-08-24,ST-33,P-59,1
IN-93876,2022-02-19,ST-64,P-33,9
LQ-7057,2020-10-22,ST-37,P-34,6
DG-500670,2024-11-09,ST-14,P-62,10
ML-26135,2021-12-24,ST-65,P-23,4
JU-678614,2024-03-21,ST-51,P-63,4
TI-72726,2020-06-03,ST-5,P-14,6
PJ-77044,2021-03-09,ST-17,P-76,3
RR-228735,2021-08-16,ST-59,P-82,10
NL-06066,2023-02-11,ST-12,P-73,3
LU-875030,2023-03-11,ST-8,P-87,4
LD-30201,2023-01-02,ST-57,P-1,9
EP-15850,2024-01-21,ST-1,P-69,4
KN-74302,2020-06-22,ST-13,P-41,4
OV-82050,2021-07-01,ST-50,P-57,4
RR-694799,2021-01-03,ST-41,P-78,1
OL-307591,2023-06-02,ST-5,P-45,2
GC-4680,2021-02-27,ST-13,P-53,2
OF-89500,2024-08-16,ST-8,P-85,4
FJ-384751,2024-04-24,ST-53,P-31,9
JP-53408,2021-02-22,ST-40,P-2,8
AX-7363,2022-12-06,ST-75,P-48,10
NZ-265133,2024-03-06,ST-73,P-31,10
VH-936906,2020-06-17,ST-33,P-84,4
HT-84930,2021-01-29,ST-7,P-35,8
IX-859522,2022-10-07,ST-66,P-70,7
VD-4356,2021-07-18,ST-65,P-4,4
ZA-6268,2021-06-05,ST-61,P-66,8
RA-21366,2023-08-16,ST-45,P-70,1
PK-9221,2021-04-08,ST-18,P-23,3
VE-518359,2023-07-01,ST-34,P-47,6
KT-68994,2022-01-17,ST-57,P-24,10
SL-243069,2024-04-25,ST-62,P-82,5
VQ-741421,2024-09-15,ST-27,P-6,6
HZ-632904,2021-08-12,ST-12,P-16,8
UM-3848,2024-09-11,ST-70,P-30,6
WT-39101,2024-01-18,ST-49,P-68,7
CT-69408,2023-01-30,ST-1,P-32,1
TK-70861,2024-09-01,ST-20,P-20,4
ZQ-636578,2022-11-15,ST-74,P-73,8
BG-831214,2021-06-17,ST-67,P-71,2
JD-719417,2024-10-16,ST-46,P-3,6
DA-110497,2024-05-14,ST-7,P-59,6
NU-8589,2020-09-20,ST-37,P-65,7
NL-5411,2020-02-24,ST-71,P-71,5
BU-585189,2021-07-16,ST-45,P-33,5
ZP-802900,2024-08-17,ST-55,P-70,2
BY-5994,2024-07-04,ST-1,P-33,10
SX-33629,2020-12-21,ST-8,P-50,3
FF-2559,2021-06-01,ST-6,P-73,3
AR-162114,2020-12-16,ST-56,P-84,6
VH-04854,2021-08-19,ST-74,P-64,2
OV-805073,2024-01-04,ST-26,P-82,1
KH-404872,2023-09-30,ST-63,P-80,5
XI-58539,2022-08-13,ST-55,P-82,9
IH-3150,2024-03-22,ST-22,P-62,5
GO-06383,2021-03-26,ST-71,P-89,3
GV-031817,2020-10-14,ST-59,P-33,9
YZ-735561,2022-03-13,ST-50,P-66,1
UP-77814,2023-02-15,ST-14,P-72,6
NW-09733,2022-11-22,ST-36,P-15,8
XI-061488,2021-03-03,ST-69,P-28,10
DZ-545690,2022-03-29,ST-39,P-28,8
TW-2354,2021-07-29,ST-49,P-25,1
CW-5296,2021-12-05,ST-45,P-1,9
CZ-6677,2022-04-09,ST-39,P-70,10
XK-914549,2021-07-17,ST-43,P-73,9
WZ-69007,2024-08-11,ST-6,P-43,3
KD-7375,2022-02-06,ST-38,P-32,4
GN-64419,2024-08-20,ST-14,P-17,6
ML-150191,2024-11-01,ST-69,P-27,6
DG-22316,2022-07-25,ST-55,P-4,6
DA-369638,2021-03-08,ST-56,P-27,3
YN-043941,2021-01-17,ST-5,P-79,6
TB-73320,2021-01-30,ST-15,P-83,8
YD-47113,2022-10-19,ST-24,P-86,3
CZ-50665,2021-03-26,ST-28,P-24,10
PP-6698,2022-07-25,ST-30,P-75,8
MG-138725,2023-06-10,ST-40,P-83,5
DP-15165,2022-07-06,ST-45,P-76,5
PH-73516,2024-09-08,ST-62,P-72,7
US-551124,2021-02-08,ST-55,P-60,4
LW-7371,2020-08-19,ST-43,P-27,9
IN-16283,2024-02-26,ST-73,P-20,4
LM-01119,2021-12-14,ST-12,P-24,8
DN-026328,2022-09-10,ST-1,P-27,10
GI-752612,2023-02-19,ST-71,P-11,1
HX-30585,2020-01-21,ST-23,P-23,2
JR-7034,2022-08-28,ST-70,P-78,5
NY-660382,2022-04-24,ST-8,P-33,2
NV-41478,2021-12-03,ST-2,P-65,3
HZ-41668,2021-10-15,ST-71,P-62,6
OR-94219,2022-10-27,ST-65,P-35,2
AH-740842,2023-08-26,ST-66,P-64,9
SG-48927,2022-04-10,ST-73,P-54,8
BE-72197,2024-04-16,ST-29,P-79,8
NG-621876,2021-02-05,ST-75,P-72,1
PC-7120,2023-12-26,ST-16,P-42,7
UD-591766,2022-10-01,ST-38,P-53,9
LA-90075,2022-03-15,ST-54,P-52,10
EO-45754,2021-08-08,ST-5,P-51,7
QX-192507,2021-02-11,ST-4,P-80,8
KP-670753,2021-08-15,ST-49,P-29,2
FB-5792,2022-02-28,ST-6,P-48,1
EQ-8040,2024-06-07,ST-58,P-14,7
WI-242021,2024-02-03,ST-15,P-70,1
UR-01639,2020-06-07,ST-20,P-79,9
GB-5111,2023-04-23,ST-69,P-56,5
UI-1908,2021-03-09,ST-30,P-83,2
SY-271914,2023-05-04,ST-13,P-63,5
UW-10551,2020-10-07,ST-70,P-60,6
XS-2698,2023-12-30,ST-6,P-14,5
ES-86867,2020-11-14,ST-61,P-83,4
VX-0482,2021-11-09,ST-2,P-5,8
RP-7476,2024-02-27,ST-28,P-27,3
HY-6355,2021-05-27,ST-26,P-21,2
ZD-4456,2020-08-10,ST-41,P-43,4
ZI-6306,2020-10-21,ST-50,P-77,8
PY-3176,2022-10-02,ST-63,P-36,7
XS-7915,2022-08-20,ST-23,P-63,6
RA-450258,2024-08-17,ST-37,P-64,6
EH-97338,2022-02-01,ST-69,P-55,5
PJ-2014,2024-05-21,ST-2,P-48,7
ZY-7679,2022-04-08,ST-75,P-48,3
OZ-8455,2023-02-17,ST-42,P-60,8
VH-585770,2021-12-01,ST-24,P-88,10
YC-41331,2022-10-27,ST-11,P-46,3
EX-608791,2020-08-15,ST-32,P-41,2
WA-196642,2024-06-17,ST-63,P-82,6
HB-826521,2024-10-14,ST-70,P-27,2
JV-476493,2021-02-03,ST-12,P-7,8
FR-538916,2022-07-18,ST-29,P-59,6
RM-66529,2022-11-06,ST-64,P-20,5
CW-180817,2020-05-17,ST-36,P-55,3
ZZ-0821,2024-01-28,ST-62,P-43,5
GK-043470,2022-01-15,ST-35,P-83,8
DK-381924,2020-08-22,ST-14,P-19,1
FM-841869,2023-05-30,ST-63,P-9,10
LO-9680,2021-02-14,ST-42,P-85,5
FI-787341,2022-02-04,ST-14,P-79,3
QB-1195,2024-06-27,ST-34,P-11,5
MB-714499,2024-02-29,ST-71,P-5,9
KM-6894,2021-02-22,ST-31,P-46,8
DO-2208,2020-01-18,ST-49,P-23,10
FC-60125,2022-02-05,ST-66,P-57,8
CP-53959,2020-06-21,ST-36,P-47,1
CG-3193,2022-04-23,ST-25,P-77,10
JC-24070,2023-07-20,ST-45,P-63,7
DJ-0053,2022-11-18,ST-34,P-49,1
FU-3302,2021-04-26,ST-55,P-26,9
MB-229958,2020-07-15,ST-22,P-46,2
JG-117752,2020-02-27,ST-49,P-25,3
MA-65889,2022-06-09,ST-21,P-23,5
IH-29070,2020-02-16,ST-4,P-51,2
RJ-491210,2022-11-13,ST-53,P-17,10
EJ-6304,2024-04-16,ST-70,P-11,8
YO-939799,2021-12-03,ST-67,P-34,6
FD-051004,2020-06-02,ST-18,P-79,10
LK-317569,2020-09-29,ST-49,P-69,2
OK-493413,2022-10-18,ST-64,P-88,10
HI-6315,2020-02-24,ST-29,P-5,8
EE-95629,2024-06-05,ST-24,P-3,6
HZ-971680,2024-03-14,ST-63,P-47,7
NK-490414,2021-03-24,ST-48,P-65,4
IQ-8615,2020-11-06,ST-38,P-76,6
HL-3055,2021-11-10,ST-46,P-1,2
BP-32713,2020-12-25,ST-42,P-19,3
ZQ-98755,2024-06-13,ST-68,P-70,4
NS-494702,2020-04-07,ST-27,P-33,5
QL-2288,2021-01-16,ST-61,P-68,10
YM-952618,2024-09-11,ST-4,P-87,8
EQ-967602,2022-12-09,ST-75,P-60,8
FM-191656,2021-10-03,ST-27,P-49,8
AU-9534,2020-11-18,ST-59,P-37,3
SY-56231,2021-05-04,ST-46,P-89,8
ZG-88867,2023-06-29,ST-49,P-59,9
HJ-05722,2023-09-19,ST-54,P-44,5
WT-55112,2021-07-01,ST-36,P-76,2
IY-1527,2024-03-23,ST-59,P-34,7
BL-42635,2020-08-18,ST-14,P-4,10
PB-6650,2022-07-05,ST-55,P-49,4
LF-301792,2020-02-13,ST-22,P-28,2
UV-4276,2023-03-31,ST-67,P-62,4
UJ-4602,2022-12-01,ST-20,P-27,7
PQ-35676,2022-04-04,ST-34,P-64,3
JQ-5873,2021-05-03,ST-74,P-39,3
TP-402700,2022-05-31,ST-29,P-72,6
XV-8654,2023-11-01,ST-70,P-17,6
VF-7349,2024-03-09,ST-66,P-28,8
NX-9998,2021-09-15,ST-32,P-66,10
FC-395585,2021-09-10,ST-49,P-79,5
MU-163627,2023-08-05,ST-29,P-86,7
CB-631424,2023-03-26,ST-48,P-53,5
EA-325211,2021-02-14,ST-49,P-13,1
CU-01848,2023-10-16,ST-4,P-78,6
XA-1893,2020-01-22,ST-67,P-89,3
LH-103330,2021-10-21,ST-71,P-19,8
TG-9370,2020-02-29,ST-5,P-34,4
EX-407272,2023-07-28,ST-50,P-52,3
OO-6284,2021-01-23,ST-16,P-82,9
QK-258316,2021-10-31,ST-46,P-42,6
LG-9675,2023-05-16,ST-59,P-28,10
YC-40986,2021-06-27,ST-9,P-18,10
GP-08239,2020-02-29,ST-20,P-70,2
LM-19307,2022-04-24,ST-4,P-15,5
OJ-88436,2024-09-30,ST-64,P-60,1
IE-566202,2022-11-27,ST-49,P-20,4
KA-353475,2023-10-16,ST-9,P-27,6
FE-66325,2022-07-19,ST-28,P-68,7
JK-7029,2020-07-01,ST-51,P-7,8
ZK-8015,2020-12-03,ST-50,P-18,7
DQ-0601,2022-10-25,ST-44,P-5,4
LV-047797,2020-04-17,ST-27,P-11,6
HA-928031,2024-05-18,ST-28,P-78,9
VL-637073,2023-02-14,ST-49,P-56,3
GU-02191,2024-10-16,ST-27,P-85,2
UC-648804,2024-09-02,ST-40,P-57,8
RU-95424,2023-01-06,ST-23,P-61,1
BZ-642684,2023-08-24,ST-40,P-37,2
CA-2574,2021-07-28,ST-17,P-31,8
OA-0123,2022-07-16,ST-9,P-46,1
WP-363407,2021-03-10,ST-40,P-44,1
WR-04446,2024-04-30,ST-35,P-68,4
YR-48642,2020-12-06,ST-48,P-88,8
PG-2682,2022-03-04,ST-54,P-34,1
TF-7331,2023-07-03,ST-21,P-47,2
EO-5725,2020-04-28,ST-75,P-54,8
PS-72344,2024-10-07,ST-11,P-47,7
LF-614832,2021-08-19,ST-55,P-84,3
SJ-10658,2022-02-01,ST-46,P-78,3
XO-74394,2022-10-28,ST-23,P-5,9
SW-0856,2024-10-13,ST-42,P-89,3
GS-1407,2021-10-21,ST-10,P-37,3
IE-8303,2023-08-08,ST-42,P-44,2
BX-34470,2024-05-26,ST-74,P-72,10
NJ-633054,2023-10-04,ST-1,P-85,10
FN-33498,2023-05-10,ST-71,P-17,5
QX-373572,2022-05-05,ST-42,P-1,5
IP-092465,2024-04-11,ST-23,P-44,7
RM-459246,2024-05-04,ST-12,P-12,7
XR-12961,2020-02-22,ST-66,P-82,2
IL-03475,2022-07-07,ST-70,P-71,9
FY-95686,2023-08-05,ST-3,P-9,8
YS-29549,2021-01-30,ST-50,P-30,4
NQ-5105,2021-05-21,ST-5,P-55,8
YI-566576,2024-10-24,ST-32,P-86,9
OG-24863,2020-06-20,ST-36,P-18,8
CH-1038,2020-01-20,ST-27,P-18,7
EO-10655,2021-08-22,ST-60,P-2,10
IM-8643,2021-08-20,ST-18,P-39,5
IG-89568,2021-10-19,ST-30,P-47,9
XY-6488,2021-04-02,ST-63,P-75,6
TT-713618,2020-06-17,ST-50,P-88,5
PZ-959409,2023-08-23,ST-44,P-3,1
TB-9479,2021-12-08,ST-27,P-86,2
FG-9264,2023-08-06,ST-8,P-5,4
GY-5686,2020-09-03,ST-68,P-80,1
BG-823060,2021-03-21,ST-19,P-15,10
XT-5695,2022-05-25,ST-57,P-67,9
ZB-724027,2022-09-17,ST-55,P-82,5
YL-13653,2022-03-14,ST-57,P-37,9
WC-95466,2023-07-27,ST-6,P-49,5
AO-041363,2023-12-14,ST-20,P-48,1
NT-92628,2023-01-02,ST-54,P-83,6
UD-3236,2023-04-07,ST-26,P-10,4
JB-7123,2024-01-31,ST-29,P-19,7
UL-61228,2021-07-11,ST-42,P-12,4
QL-9279,2024-08-19,ST-65,P-34,7
TE-0605,2021-10-22,ST-49,P-6,6
ZC-860534,2024-04-11,ST-49,P-59,9
FR-79554,2024-09-05,ST-68,P-7,8
NI-005087,2020-01-19,ST-33,P-32,10
SU-2590,2020-04-13,ST-54,P-76,10
ZY-54144,2022-01-21,ST-38,P-47,7
TN-82966,2021-04-06,ST-65,P-61,3
HY-43968,2024-06-23,ST-26,P-5,8
RN-12624,2020-11-04,ST-12,P-54,9
GN-79150,2022-01-25,ST-27,P-48,6
TK-069412,2021-05-17,ST-59,P-31,8
WO-618027,2024-03-23,ST-29,P-34,7
DT-974450,2024-07-17,ST-13,P-61,4
QX-487524,2024-04-09,ST-23,P-45,5
CT-5222,2020-12-05,ST-58,P-40,3
GT-3682,2020-06-18,ST-15,P-78,10
JK-118836,2020-02-09,ST-1,P-1,8
KU-939773,2022-01-25,ST-50,P-18,10
OM-331308,2021-04-29,ST-3,P-9,4
FM-9205,2022-07-04,ST-19,P-24,8
AR-45598,2023-10-16,ST-58,P-70,3
UR-011753,2022-05-29,ST-58,P-10,5
XT-256420,2021-11-01,ST-54,P-21,10
GN-4266,2024-06-28,ST-71,P-81,3
ZN-3159,2020-11-26,ST-37,P-55,5
YI-08245,2020-06-22,ST-19,P-43,1
CY-758477,2022-08-29,ST-27,P-84,3
KU-97231,2023-12-20,ST-9,P-78,8
JW-233410,2021-10-03,ST-1,P-28,5
DO-53082,2024-03-18,ST-47,P-20,4
YR-46143,2022-09-15,ST-46,P-67,2
FF-98290,2024-04-21,ST-47,P-87,8
QG-23042,2023-05-31,ST-16,P-52,5
CL-7607,2022-09-25,ST-27,P-75,5
EY-360384,2022-02-18,ST-55,P-60,2
LL-01576,2020-10-06,ST-18,P-84,8
XX-7867,2022-08-10,ST-55,P-28,1
BE-7213,2022-04-29,ST-62,P-76,9
UW-350767,2020-05-19,ST-10,P-62,10
MG-0180,2021-06-28,ST-27,P-22,4
JC-3338,2022-03-13,ST-18,P-8,3
AC-788199,2022-08-08,ST-58,P-18,2
EF-126944,2022-07-12,ST-8,P-51,5
TM-16926,2022-03-25,ST-75,P-31,8
XR-96058,2021-11-01,ST-36,P-15,7
GQ-5849,2020-12-05,ST-17,P-88,2
OQ-95648,2023-04-19,ST-31,P-8,6
JA-39274,2021-06-16,ST-40,P-66,9
GG-8856,2020-08-18,ST-16,P-27,9
WT-583316,2023-12-31,ST-48,P-84,6
TN-572456,2023-03-03,ST-53,P-23,8
DU-74517,2022-05-25,ST-53,P-14,10
IO-6163,2021-09-17,ST-17,P-35,9
IF-9934,2021-12-01,ST-22,P-15,4
JV-866870,2020-04-19,ST-27,P-73,2
SI-443142,2022-07-07,ST-68,P-72,7
NI-678533,2022-12-11,ST-68,P-77,3
CL-323096,2020-07-30,ST-65,P-32,4
HT-15493,2023-04-23,ST-26,P-1,3
FR-6946,2022-01-10,ST-41,P-44,9
KI-508015,2023-01-25,ST-60,P-59,6
CG-39921,2022-03-21,ST-31,P-42,4
KV-716751,2021-09-12,ST-67,P-86,10
KQ-7665,2022-10-24,ST-15,P-63,10
OC-349955,2023-11-13,ST-8,P-59,7
NS-501675,2024-03-02,ST-46,P-51,2
GK-44253,2022-04-26,ST-71,P-76,9
BS-8462,2022-08-06,ST-5,P-69,5
MM-444731,2020-03-05,ST-25,P-55,9
IQ-435307,2024-07-29,ST-22,P-74,1
KS-28295,2020-11-29,ST-6,P-60,10
KH-571454,2023-02-04,ST-42,P-39,5
RK-029999,2021-03-08,ST-61,P-69,5
OW-11766,2022-10-04,ST-59,P-24,1
LV-44672,2023-12-01,ST-30,P-33,9
YG-232300,2024-06-22,ST-61,P-27,8
BY-810403,2024-07-20,ST-35,P-30,3
LN-7225,2022-09-05,ST-70,P-80,6
ZN-698622,2021-09-23,ST-4,P-6,2
RB-21542,2023-12-13,ST-24,P-30,10
FM-847946,2021-11-08,ST-9,P-65,5
BR-501075,2020-03-26,ST-38,P-85,4
WS-7379,2024-03-21,ST-50,P-65,6
CM-26620,2023-11-18,ST-35,P-32,2
IK-4132,2021-08-09,ST-48,P-78,8
BE-9810,2020-12-16,ST-35,P-83,6
SC-72250,2023-04-27,ST-23,P-87,1
QC-57059,2020-10-30,ST-16,P-15,7
MV-4972,2022-08-19,ST-18,P-32,4
FK-5679,2024-02-15,ST-42,P-50,3
SD-92019,2020-05-16,ST-62,P-33,9
GA-379299,2021-09-04,ST-28,P-80,7
NI-46366,2021-03-31,ST-28,P-35,8
PI-5619,2021-07-24,ST-3,P-27,6
VR-85996,2023-08-11,ST-12,P-27,7
OG-44754,2024-02-06,ST-64,P-59,6
LL-5850,2023-03-14,ST-1,P-75,1
HN-93824,2020-01-28,ST-52,P-26,9
FB-45638,2020-06-07,ST-25,P-19,5
RL-879178,2020-05-28,ST-60,P-28,8
IR-0974,2023-03-06,ST-3,P-77,2
QX-801711,2024-01-03,ST-17,P-20,1
EK-1058,2021-11-04,ST-9,P-51,8
IW-61221,2020-05-24,ST-51,P-76,1
TP-274824,2021-04-10,ST-45,P-35,2
BN-0206,2023-12-11,ST-66,P-35,10
NS-5734,2020-08-10,ST-13,P-4,2
HZ-7098,2024-08-29,ST-45,P-60,7
OD-97435,2021-03-29,ST-7,P-50,6
UO-718793,2022-04-19,ST-58,P-49,6
PI-520384,2020-01-17,ST-33,P-53,2
OP-909274,2021-07-11,ST-75,P-84,4
HY-099954,2023-05-04,ST-18,P-17,3
HX-49758,2020-02-06,ST-43,P-7,3
QI-16202,2023-12-20,ST-52,P-25,10
WB-18568,2022-06-24,ST-55,P-89,5
VY-19758,2020-06-27,ST-66,P-38,1
SK-872466,2024-01-12,ST-67,P-44,10
FG-055899,2023-10-07,ST-14,P-5,9
BU-36614,2024-01-26,ST-2,P-63,10
UZ-963105,2020-07-24,ST-48,P-33,9
IU-12187,2024-09-29,ST-52,P-9,1
VI-60458,2023-01-03,ST-9,P-67,10
UH-84952,2023-08-21,ST-18,P-84,2
XU-18488,2022-05-19,ST-62,P-9,9
GP-8987,2023-12-03,ST-49,P-35,5
FO-022820,2020-10-17,ST-72,P-38,8
ER-96100,2020-01-04,ST-45,P-56,9
ED-5671,2023-04-25,ST-18,P-23,8
BU-9703,2023-11-04,ST-72,P-72,9
QB-04338,2023-09-25,ST-26,P-27,5
LX-58777,2022-07-27,ST-11,P-11,4
MP-05772,2024-04-28,ST-51,P-31,5
OL-82353,2021-01-12,ST-44,P-29,10
YO-75028,2023-10-28,ST-21,P-5,3
TF-3256,2021-12-03,ST-3,P-78,5
OP-5924,2021-08-02,ST-71,P-38,2
NS-9662,2020-05-14,ST-13,P-10,7
YN-918663,2024-09-08,ST-25,P-4,7
XJ-655610,2021-04-19,ST-29,P-32,3
KU-9433,2021-05-14,ST-57,P-82,10
JC-505553,2023-04-30,ST-13,P-89,4
JB-154070,2021-11-02,ST-45,P-49,2
UI-506595,2020-10-26,ST-46,P-40,1
DN-71583,2024-04-20,ST-28,P-11,6
MC-4667,2023-02-12,ST-13,P-5,10
PD-188132,2020-09-21,ST-46,P-13,1
RY-517504,2021-03-30,ST-38,P-13,2
UG-266653,2020-11-07,ST-19,P-22,1
KI-29626,2021-04-23,ST-72,P-44,8
ZG-3695,2021-09-23,ST-42,P-87,2
JB-80476,2023-06-10,ST-24,P-36,3
PU-0669,2020-10-09,ST-6,P-36,2
XI-4698,2020-03-30,ST-10,P-27,9
SM-19928,2022-07-30,ST-36,P-34,9
YO-37210,2020-10-21,ST-45,P-15,4
DB-637214,2022-07-27,ST-17,P-82,10
RM-4248,2021-11-17,ST-46,P-45,3
WN-243344,2024-09-09,ST-64,P-28,10
PC-749983,2023-03-02,ST-31,P-30,7
TJ-1264,2023-08-02,ST-21,P-54,6
NF-48915,2021-12-11,ST-65,P-47,9
VZ-35139,2022-03-22,ST-9,P-29,5
BE-1900,2023-06-11,ST-51,P-89,5
PQ-052210,2020-08-13,ST-45,P-22,10
VO-67157,2022-07-09,ST-14,P-42,8
QU-24531,2022-02-07,ST-1,P-72,9
FO-609427,2020-01-26,ST-18,P-43,3
MX-85488,2024-11-09,ST-41,P-11,10
AL-4046,2022-11-02,ST-41,P-65,7
QF-970655,2023-10-20,ST-64,P-74,2
QC-1226,2020-11-18,ST-1,P-50,3
PD-04196,2024-02-23,ST-30,P-22,2
TP-8358,2024-06-25,ST-57,P-33,9
AG-90798,2024-05-31,ST-32,P-36,8
BR-2440,2022-09-15,ST-69,P-39,6
SW-671095,2024-01-29,ST-59,P-13,4
FU-6059,2020-06-11,ST-19,P-37,4
FK-22773,2020-05-27,ST-26,P-38,8
AB-79163,2023-07-28,ST-73,P-30,2
SZ-8900,2023-07-24,ST-31,P-41,3
SG-980745,2020-02-15,ST-69,P-57,9
PO-383894,2020-10-23,ST-25,P-10,5
MX-3691,2021-04-20,ST-54,P-33,2
HP-435422,2022-12-03,ST-59,P-5,8
XB-9498,2022-11-07,ST-12,P-78,2
HS-2462,2023-01-24,ST-70,P-87,9
HY-2994,2021-02-14,ST-56,P-58,6
XJ-19673,2020-06-08,ST-20,P-37,3
IJ-34923,2022-01-29,ST-51,P-72,10
FJ-31725,2020-07-19,ST-20,P-3,3
TZ-44766,2022-12-22,ST-9,P-83,4
XC-32430,2023-05-16,ST-66,P-56,1
GE-860916,2023-04-16,ST-50,P-30,10
QE-618385,2020-08-20,ST-12,P-75,7
ZE-111176,2021-08-11,ST-38,P-59,6
YE-158375,2023-02-07,ST-73,P-23,2
QR-88697,2022-05-16,ST-54,P-11,5
VC-5900,2024-04-16,ST-34,P-28,4
YO-7771,2024-02-08,ST-4,P-64,10
AI-485578,2023-05-30,ST-34,P-82,7
XL-48109,2021-10-15,ST-30,P-4,6
LY-9823,2023-04-04,ST-12,P-54,5
ZI-030070,2023-11-10,ST-20,P-23,2
CI-18531,2020-04-03,ST-75,P-63,9
VB-5435,2023-12-31,ST-31,P-87,6
NX-0002,2020-02-24,ST-56,P-65,8
VU-4811,2021-05-13,ST-35,P-2,2
BE-390343,2021-12-29,ST-37,P-85,2
SE-2503,2024-04-12,ST-1,P-50,8
ZZ-10130,2024-04-03,ST-49,P-13,7
JS-09754,2023-07-24,ST-8,P-35,3
WD-01846,2020-03-07,ST-63,P-78,9
CQ-072418,2020-07-30,ST-14,P-64,1
YP-35733,2024-09-24,ST-45,P-14,3
PL-86357,2020-02-23,ST-24,P-29,9
QA-67773,2021-11-14,ST-60,P-64,9
EU-75899,2022-03-07,ST-28,P-32,3
AU-5307,2020-05-30,ST-55,P-30,3
HK-491632,2022-09-12,ST-12,P-12,1
JG-419876,2020-03-06,ST-15,P-42,10
WX-69992,2020-05-26,ST-48,P-77,9
NJ-37827,2021-11-28,ST-67,P-65,1
BM-502913,2022-06-24,ST-53,P-47,7
SD-204957,2024-03-12,ST-74,P-24,8
BU-01822,2023-07-30,ST-71,P-57,10
IY-55783,2023-10-02,ST-2,P-13,5
GW-40068,2020-04-07,ST-72,P-74,10
ZE-0011,2021-11-09,ST-11,P-25,10
SV-00023,2020-07-31,ST-59,P-73,5
VF-7275,2021-06-08,ST-66,P-80,7
EL-178941,2021-08-16,ST-15,P-51,2
KU-1015,2021-08-20,ST-51,P-63,8
RY-4021,2022-02-17,ST-15,P-67,9
AB-79284,2021-08-07,ST-33,P-49,9
HZ-57509,2021-09-30,ST-11,P-27,4
KS-96009,2021-07-03,ST-33,P-16,7
BP-133191,2022-11-05,ST-30,P-22,1
IY-27903,2023-04-01,ST-47,P-21,10
EY-48836,2022-10-21,ST-6,P-26,9
QY-94628,2020-05-27,ST-71,P-20,6
BC-918072,2023-12-27,ST-43,P-46,6
KU-1769,2023-10-05,ST-25,P-14,5
WO-974897,2021-04-18,ST-15,P-6,8
BK-598511,2021-02-01,ST-45,P-14,9
CG-813202,2023-01-18,ST-54,P-24,5
WK-39454,2020-03-06,ST-36,P-53,10
EE-2058,2020-09-12,ST-72,P-11,8
DK-52629,2020-05-15,ST-24,P-49,8
OJ-872896,2022-03-15,ST-22,P-22,8
FV-4043,2024-02-13,ST-29,P-32,8
OW-74999,2021-07-19,ST-61,P-40,8
ID-7835,2023-09-27,ST-46,P-41,2
US-86669,2023-01-09,ST-62,P-86,3
GL-9273,2023-04-18,ST-18,P-74,2
IO-66758,2020-07-19,ST-38,P-84,2
RG-0742,2022-07-31,ST-26,P-38,10
FF-700838,2020-02-12,ST-11,P-87,3
MZ-87948,2020-10-25,ST-9,P-22,2
ZU-7892,2024-04-10,ST-75,P-60,5
FS-71206,2024-06-20,ST-37,P-80,1
ZB-789513,2024-09-20,ST-60,P-14,5
LU-0937,2024-09-24,ST-46,P-41,9
BP-636462,2020-06-26,ST-70,P-54,6
VZ-60766,2023-08-01,ST-59,P-52,7
SO-76395,2020-01-06,ST-24,P-8,8
WV-96956,2024-05-06,ST-64,P-41,5
HK-6648,2022-02-08,ST-63,P-1,7
NM-21410,2021-09-14,ST-59,P-53,8
NU-30500,2021-12-26,ST-54,P-75,8
WQ-712571,2022-10-18,ST-10,P-5,3
FW-17096,2022-04-01,ST-20,P-13,10
AT-20842,2020-03-06,ST-69,P-66,9
YD-030389,2020-03-21,ST-44,P-18,8
HC-4878,2022-08-06,ST-63,P-39,8
PX-8121,2023-08-15,ST-58,P-27,6
ZD-85886,2021-12-04,ST-35,P-9,9
RK-13207,2020-09-02,ST-55,P-14,10
ND-477420,2020-08-04,ST-10,P-30,1
FY-5018,2022-12-23,ST-70,P-7,6
OS-2776,2020-10-01,ST-25,P-66,10
FB-7679,2020-09-26,ST-18,P-87,3
LM-03697,2022-08-21,ST-20,P-29,3
GP-317619,2020-07-16,ST-35,P-51,8
ZL-63441,2023-05-22,ST-45,P-8,1
CG-1666,2024-01-28,ST-61,P-51,1
LT-5670,2021-11-01,ST-30,P-66,4
SB-6025,2024-02-20,ST-72,P-20,10
PJ-359663,2022-11-21,ST-59,P-47,1
IA-062257,2020-06-24,ST-13,P-5,4
IG-85119,2024-10-05,ST-31,P-35,4
PK-620798,2021-01-23,ST-21,P-12,10
MW-636666,2022-12-03,ST-4,P-12,9
YR-7600,2022-03-15,ST-4,P-30,10
OZ-8525,2024-08-02,ST-18,P-20,10
AL-02299,2021-02-22,ST-9,P-61,8
SI-015762,2020-01-21,ST-12,P-45,8
CR-03178,2021-07-09,ST-74,P-47,7
AO-33839,2021-12-19,ST-56,P-26,2
FS-48007,2023-07-11,ST-8,P-36,3
LK-349181,2023-05-10,ST-49,P-73,10
OH-776872,2023-04-11,ST-25,P-83,1
NI-87612,2023-11-13,ST-39,P-42,7
SR-635980,2022-05-01,ST-46,P-11,1
IP-90631,2020-04-21,ST-8,P-35,4
FZ-228323,2021-10-02,ST-53,P-51,6
PR-3081,2021-09-21,ST-67,P-70,2
UF-832161,2024-01-03,ST-61,P-23,1
FW-493464,2024-07-19,ST-32,P-21,10
WU-356522,2024-04-03,ST-52,P-75,8
DD-6857,2023-12-07,ST-13,P-51,10
MD-6616,2023-01-01,ST-45,P-47,5
II-7550,2020-01-31,ST-2,P-5,2
HG-405162,2024-05-06,ST-1,P-25,8
FH-545933,2023-04-23,ST-61,P-12,5
QI-26313,2022-02-27,ST-29,P-83,4
CM-87411,2024-08-11,ST-45,P-7,7
FO-0544,2021-07-07,ST-57,P-46,6
FY-4721,2020-04-28,ST-62,P-58,10
IW-57772,2020-09-18,ST-62,P-48,8
ZD-005454,2022-04-27,ST-42,P-65,10
DK-48885,2024-05-23,ST-8,P-32,3
VS-423112,2023-01-17,ST-71,P-26,10
SQ-848425,2023-03-17,ST-1,P-78,8
KK-96113,2021-08-20,ST-60,P-86,3
VW-3937,2021-04-24,ST-61,P-12,1
YT-6334,2022-02-13,ST-34,P-33,8
DV-0499,2021-07-07,ST-71,P-45,5
SI-39542,2021-01-02,ST-30,P-23,2
FB-3029,2023-03-27,ST-15,P-48,6
FS-95088,2023-09-06,ST-59,P-7,8
FX-932316,2020-12-09,ST-40,P-27,5
HT-095242,2024-05-19,ST-8,P-65,6
GP-48693,2021-10-25,ST-48,P-86,5
RO-266242,2024-04-16,ST-17,P-52,9
CI-08447,2021-06-12,ST-37,P-82,2
RX-225854,2023-02-26,ST-71,P-54,1
UK-5984,2020-02-17,ST-72,P-82,4
HS-65397,2024-03-26,ST-29,P-63,1
IJ-87032,2022-02-05,ST-64,P-17,2
QQ-841755,2022-10-25,ST-45,P-65,6
QK-889245,2023-10-15,ST-33,P-59,6
WP-736450,2020-02-19,ST-29,P-83,4
PW-096217,2023-07-04,ST-54,P-8,4
RA-65926,2023-04-21,ST-23,P-50,8
EE-9438,2021-06-20,ST-55,P-80,7
RS-407435,2023-06-04,ST-31,P-21,8
ZE-20102,2020-12-18,ST-42,P-73,5
VX-0621,2024-04-20,ST-62,P-60,1
MX-309042,2023-03-16,ST-19,P-67,4
PC-3140,2020-03-29,ST-27,P-66,7
YC-2326,2024-11-06,ST-30,P-47,3
FK-573136,2023-09-23,ST-63,P-68,6
XH-8199,2022-06-06,ST-58,P-82,9
KD-28484,2022-11-23,ST-37,P-55,4
FH-086454,2020-05-12,ST-59,P-1,8
QA-131766,2024-01-08,ST-44,P-41,6
AL-89372,2024-10-21,ST-41,P-26,6
ES-74355,2023-01-26,ST-32,P-55,3
CT-7519,2023-11-20,ST-50,P-38,3
SC-170421,2024-07-01,ST-35,P-52,4
MR-624505,2022-08-16,ST-7,P-34,4
EO-76326,2024-03-08,ST-41,P-89,3
KV-8419,2020-03-25,ST-29,P-17,6
RJ-047565,2021-07-05,ST-29,P-39,9
PN-78995,2021-03-12,ST-33,P-35,6
BM-8274,2022-12-26,ST-20,P-22,10
GV-344120,2022-10-29,ST-50,P-37,7
MG-19058,2022-10-12,ST-42,P-88,10
TJ-956338,2021-09-22,ST-37,P-11,9
DU-80193,2020-10-30,ST-9,P-52,7
YS-90665,2022-09-13,ST-66,P-27,3
HP-18956,2023-09-22,ST-65,P-6,5
FP-7219,2023-11-23,ST-30,P-27,5
NW-75534,2021-12-09,ST-10,P-15,7
VE-3718,2020-06-02,ST-31,P-42,4
LK-38451,2020-03-06,ST-56,P-30,6
HB-21382,2024-02-03,ST-9,P-30,8
PP-217155,2024-08-29,ST-50,P-13,10
WU-94780,2022-03-28,ST-3,P-52,7
DZ-1458,2020-04-06,ST-39,P-46,2
JI-7605,2022-01-03,ST-69,P-23,1
HJ-793893,2022-03-02,ST-17,P-45,5
TY-03146,2024-03-24,ST-15,P-5,4
JW-802617,2022-06-20,ST-17,P-1,9
TH-4539,2023-03-09,ST-46,P-68,2
QQ-657267,2023-09-01,ST-33,P-40,6
LS-563318,2021-07-09,ST-7,P-26,3
SA-1385,2021-08-02,ST-65,P-33,8
OB-00793,2023-02-01,ST-53,P-15,6
CZ-946392,2023-09-24,ST-19,P-23,10
YU-7998,2022-09-30,ST-12,P-33,6
HT-404320,2022-04-27,ST-5,P-79,5
XF-709182,2022-09-15,ST-10,P-23,10
HK-41230,2020-08-18,ST-27,P-59,8
AY-1652,2022-06-02,ST-74,P-68,9
TA-20246,2021-02-13,ST-50,P-42,5
VK-88308,2020-07-25,ST-25,P-77,7
OF-2521,2021-12-24,ST-71,P-22,7
UJ-745126,2023-05-19,ST-62,P-32,8
FY-4250,2024-02-06,ST-72,P-67,9
BZ-696183,2023-06-12,ST-35,P-44,1
VM-0848,2022-02-25,ST-61,P-76,8
IJ-95379,2020-01-20,ST-65,P-58,3
HQ-8678,2023-03-26,ST-32,P-35,1
HG-3923,2020-09-27,ST-50,P-49,7
SI-17720,2023-10-17,ST-11,P-67,6
GB-19569,2023-03-24,ST-64,P-23,10
XA-139055,2024-08-09,ST-20,P-35,2
XB-1989,2022-06-23,ST-64,P-10,3
RF-1265,2020-01-24,ST-68,P-37,5
NX-0309,2023-12-15,ST-29,P-42,3
VN-964814,2020-09-30,ST-39,P-52,3
IL-5437,2023-01-12,ST-20,P-7,5
FH-3205,2024-04-06,ST-41,P-3,9
KE-623944,2020-01-09,ST-33,P-37,7
DM-444047,2024-01-31,ST-74,P-47,9
UT-038139,2020-05-14,ST-65,P-45,7
MI-51238,2022-07-04,ST-74,P-16,4
AE-163943,2022-03-03,ST-7,P-57,2
JT-302823,2024-04-01,ST-72,P-38,1
IC-079587,2020-02-05,ST-15,P-61,2
PV-85619,2023-02-25,ST-12,P-82,3
EJ-10255,2021-08-27,ST-73,P-2,4
TO-65348,2021-03-28,ST-31,P-22,10
GQ-136809,2024-10-08,ST-41,P-86,7
SY-764625,2023-01-20,ST-73,P-52,3
KQ-06563,2020-07-25,ST-38,P-34,8
BN-75411,2022-10-01,ST-26,P-46,10
VY-10303,2023-10-01,ST-50,P-3,10
UC-6997,2020-11-23,ST-7,P-24,3
HD-3992,2024-01-17,ST-19,P-74,5
RN-18355,2023-04-13,ST-43,P-55,7
CH-5557,2020-06-17,ST-66,P-30,2
YH-7701,2024-04-02,ST-23,P-16,3
EQ-451703,2022-11-29,ST-44,P-72,4
IR-7853,2023-12-16,ST-60,P-38,3
GU-9018,2020-11-22,ST-50,P-3,8
IF-11097,2022-06-19,ST-39,P-26,2
PI-1020,2021-08-07,ST-34,P-40,7
KP-527210,2023-06-03,ST-65,P-37,10
DG-37801,2022-02-12,ST-29,P-70,7
EM-228665,2020-08-29,ST-16,P-86,5
DP-110098,2023-05-18,ST-41,P-68,5
KS-9411,2021-12-24,ST-14,P-62,9
NP-34279,2022-03-01,ST-61,P-77,10
KW-115098,2021-11-28,ST-42,P-27,2
FN-86206,2020-09-22,ST-73,P-56,1
AF-0066,2023-01-19,ST-48,P-62,4
VN-01612,2023-03-18,ST-13,P-27,3
KQ-041193,2023-02-06,ST-66,P-88,4
CG-915217,2021-05-06,ST-40,P-44,9
HQ-694914,2024-03-24,ST-58,P-75,4
XJ-048998,2020-04-29,ST-66,P-30,7
DP-61303,2022-03-13,ST-73,P-32,7
GF-090176,2023-11-01,ST-53,P-63,4
LN-576326,2024-05-23,ST-34,P-51,1
NC-760507,2022-04-29,ST-4,P-29,9
WJ-6211,2024-09-01,ST-71,P-65,4
IN-5899,2020-11-18,ST-11,P-18,7
MO-643993,2023-02-09,ST-9,P-67,6
SH-8109,2023-03-18,ST-28,P-32,2
KC-587864,2020-07-06,ST-31,P-84,9
NU-887539,2022-02-12,ST-13,P-83,7
YS-738653,2020-02-17,ST-24,P-23,7
AE-910262,2020-06-13,ST-69,P-27,1
RI-17426,2023-11-28,ST-44,P-68,1
PO-09976,2022-08-20,ST-7,P-62,7
SE-1800,2022-11-30,ST-5,P-47,10
BS-436771,2020-09-12,ST-52,P-45,5
XF-6519,2024-03-26,ST-34,P-54,7
FK-146923,2021-07-07,ST-52,P-41,6
CL-319492,2021-05-14,ST-63,P-88,10
ZC-25689,2021-03-03,ST-53,P-89,9
OJ-51214,2020-01-31,ST-73,P-58,3
MQ-772458,2020-05-29,ST-19,P-32,4
CW-63595,2023-06-11,ST-30,P-2,4
KK-4191,2023-01-13,ST-43,P-79,4
FX-4917,2021-10-26,ST-34,P-8,5
ON-23032,2021-06-06,ST-31,P-26,3
GD-639018,2023-07-30,ST-40,P-46,8
PD-7746,2024-03-24,ST-41,P-65,3
PY-985811,2022-07-03,ST-3,P-58,3
PJ-8311,2020-10-24,ST-12,P-85,10
JP-04629,2020-07-22,ST-17,P-16,5
OS-390664,2023-07-05,ST-45,P-41,5
SX-99323,2022-02-16,ST-20,P-30,5
GU-894162,2022-08-19,ST-45,P-69,8
ZY-438330,2020-12-04,ST-20,P-21,10
MF-5014,2024-07-06,ST-21,P-15,3
RF-328882,2023-12-08,ST-2,P-48,2
CK-2900,2024-01-18,ST-35,P-88,3
CD-60399,2024-01-11,ST-37,P-74,9
LS-8905,2022-12-25,ST-70,P-32,7
WX-2513,2020-02-03,ST-24,P-67,2
EE-11388,2022-09-20,ST-29,P-18,6
OO-99168,2024-02-24,ST-40,P-31,2
PM-62835,2020-08-08,ST-55,P-26,9
QU-76864,2020-08-03,ST-33,P-40,4
II-1075,2024-11-06,ST-32,P-52,10
FW-561960,2022-02-24,ST-19,P-50,4
TT-151944,2024-08-21,ST-22,P-19,9
QP-32841,2022-03-24,ST-56,P-83,1
JO-3864,2020-03-07,ST-31,P-80,1
XV-2357,2024-04-03,ST-43,P-22,7
FT-071984,2023-12-08,ST-55,P-72,3
YC-14721,2021-05-05,ST-70,P-17,4
WS-7485,2021-06-25,ST-13,P-87,5
AB-17822,2020-04-26,ST-23,P-36,6
XV-546348,2020-06-07,ST-56,P-73,7
IT-22135,2024-09-30,ST-11,P-19,4
CB-330596,2021-07-24,ST-60,P-67,2
VK-52094,2024-09-04,ST-26,P-61,4
HV-434909,2020-04-16,ST-66,P-89,5
YG-7742,2021-06-21,ST-26,P-7,9
EJ-6872,2022-10-10,ST-34,P-69,6
AZ-2830,2022-06-21,ST-73,P-29,10
VZ-339182,2023-01-01,ST-45,P-71,5
VA-11971,2020-12-12,ST-49,P-87,8
ZW-87933,2022-06-24,ST-34,P-52,10
CX-4916,2023-03-07,ST-44,P-88,7
YY-2109,2024-09-06,ST-45,P-46,8
NC-98751,2021-11-06,ST-35,P-72,5
UR-703823,2024-07-25,ST-74,P-76,9
SU-1294,2022-03-18,ST-2,P-28,2
FO-279291,2022-02-22,ST-20,P-83,8
UH-5177,2023-10-06,ST-30,P-17,1
KD-9474,2020-02-02,ST-29,P-29,10
JF-249391,2021-05-22,ST-63,P-39,3
DU-85138,2022-08-21,ST-44,P-6,1
FX-85387,2021-10-13,ST-32,P-54,1
ZV-46605,2022-12-31,ST-71,P-45,8
XK-17223,2022-06-19,ST-40,P-85,9
UV-143651,2020-03-07,ST-2,P-41,5
SU-979183,2023-11-02,ST-70,P-34,1
EL-6963,2022-05-30,ST-14,P-41,8
AC-666377,2021-12-11,ST-13,P-21,1
TK-619780,2023-09-06,ST-30,P-24,9
KN-1119,2021-03-24,ST-5,P-70,3
VC-158656,2024-08-25,ST-5,P-1,1
MF-5027,2024-04-01,ST-27,P-68,3
TS-81525,2020-08-08,ST-44,P-53,7
NG-216547,2024-06-28,ST-60,P-11,2
TD-224320,2024-10-12,ST-2,P-71,3
LQ-293677,2021-04-05,ST-17,P-31,7
CI-109702,2020-11-17,ST-72,P-65,2
EI-298268,2022-07-09,ST-40,P-11,5
UR-4579,2023-11-30,ST-40,P-27,10
FT-252504,2024-10-27,ST-49,P-72,2
XW-7336,2022-02-25,ST-68,P-69,10
AJ-6943,2024-10-12,ST-22,P-35,9
PM-840146,2022-10-13,ST-23,P-1,3
VR-6150,2020-09-24,ST-11,P-24,1
KJ-38498,2022-09-08,ST-50,P-25,4
MN-524366,2024-02-28,ST-12,P-75,3
IT-0667,2020-12-30,ST-26,P-75,10
NO-371951,2021-11-23,ST-29,P-43,10
DP-5930,2022-01-13,ST-28,P-32,1
FD-7638,2021-07-23,ST-73,P-23,10
EC-45118,2021-09-23,ST-38,P-70,6
JO-890114,2020-01-05,ST-74,P-37,6
GC-995112,2023-08-26,ST-25,P-77,6
AK-7555,2020-06-25,ST-74,P-60,6
JV-8059,2021-09-13,ST-5,P-15,8
UY-929936,2022-09-11,ST-24,P-23,7
CF-05277,2020-12-03,ST-71,P-22,8
FX-84248,2021-11-25,ST-49,P-7,6
IM-766412,2022-10-21,ST-60,P-21,9
KI-9218,2023-10-01,ST-68,P-25,4
OI-6492,2022-12-17,ST-5,P-15,4
XH-999510,2023-12-13,ST-58,P-72,8
ZD-80277,2023-12-05,ST-1,P-49,4
OW-2319,2024-07-17,ST-34,P-83,9
LQ-436872,2021-10-31,ST-34,P-78,3
JH-895439,2023-06-25,ST-35,P-45,7
HU-6763,2022-06-14,ST-18,P-18,10
UA-547037,2024-02-22,ST-71,P-28,8
CO-023605,2024-01-07,ST-72,P-76,2
TQ-301045,2021-12-15,ST-72,P-37,8
EG-633146,2022-08-24,ST-50,P-9,10
JV-940100,2023-06-29,ST-27,P-26,4
RS-645540,2022-08-26,ST-64,P-41,10
YG-75172,2023-09-18,ST-49,P-33,2
FH-739941,2024-09-26,ST-70,P-43,9
CK-6552,2023-11-16,ST-18,P-19,5
VF-662074,2020-08-13,ST-59,P-55,9
UZ-558441,2023-09-30,ST-18,P-33,5
OV-235032,2021-12-04,ST-62,P-48,6
PU-561485,2023-10-25,ST-60,P-32,9
SR-8986,2022-02-16,ST-10,P-73,8
VN-81524,2024-03-15,ST-51,P-33,5
VN-46473,2023-01-31,ST-19,P-33,4
SI-9297,2023-06-17,ST-58,P-45,8
VQ-0906,2021-05-19,ST-70,P-22,10
LW-868169,2020-12-09,ST-59,P-84,6
VI-121098,2024-08-21,ST-2,P-50,9
UC-3252,2022-07-09,ST-32,P-49,8
EJ-866379,2021-02-02,ST-6,P-46,1
DS-471579,2021-05-19,ST-56,P-71,8
TS-0723,2023-09-27,ST-61,P-66,2
RU-2544,2023-07-01,ST-69,P-77,3
WS-33152,2020-10-20,ST-45,P-61,7
DL-73171,2022-03-09,ST-57,P-6,9
LF-158536,2022-12-29,ST-44,P-31,4
CG-242664,2024-09-04,ST-27,P-16,1
KH-59814,2023-01-14,ST-64,P-64,2
IX-69927,2023-12-02,ST-8,P-78,8
JZ-1510,2024-05-10,ST-29,P-26,7
LJ-5477,2020-06-24,ST-27,P-18,10
FQ-827739,2024-02-06,ST-62,P-47,8
NW-79522,2021-05-20,ST-45,P-11,7
UV-153529,2020-07-17,ST-52,P-53,8
BV-3621,2020-02-10,ST-68,P-57,6
SL-9765,2020-06-21,ST-19,P-65,1
RF-34958,2020-10-12,ST-45,P-6,7
SZ-68475,2022-04-12,ST-17,P-57,8
FA-718151,2023-03-03,ST-4,P-60,7
EP-9051,2024-05-26,ST-58,P-67,5
AM-1801,2022-08-23,ST-1,P-6,1
WG-57888,2021-05-10,ST-47,P-49,1
AS-0999,2020-10-02,ST-6,P-23,8
PW-288689,2023-12-20,ST-2,P-27,5
QL-254565,2022-12-09,ST-9,P-2,5
TN-427454,2023-06-21,ST-40,P-62,9
KZ-7402,2024-07-27,ST-28,P-26,9
WN-651017,2022-06-04,ST-18,P-6,1
BD-60166,2023-04-22,ST-24,P-7,9
YI-6352,2024-10-17,ST-47,P-34,9
FA-31959,2021-08-17,ST-24,P-73,1
RW-81133,2022-04-10,ST-50,P-3,7
BA-6341,2021-12-12,ST-26,P-62,2
EQ-899947,2021-06-27,ST-47,P-3,4
QN-022117,2021-08-22,ST-27,P-44,9
SD-894716,2022-01-18,ST-64,P-56,9
PP-66982,2020-01-11,ST-30,P-49,10
CK-1631,2021-09-14,ST-30,P-77,4
GK-996834,2020-05-17,ST-4,P-37,6
HP-29835,2023-09-21,ST-43,P-43,1
JM-364855,2021-08-09,ST-55,P-87,5
DN-3449,2021-07-10,ST-53,P-32,2
UH-243170,2021-06-04,ST-16,P-55,4
NY-9035,2023-10-14,ST-6,P-28,9
YJ-960080,2022-05-10,ST-14,P-29,2
AQ-286749,2023-03-25,ST-27,P-55,5
PT-52658,2022-12-29,ST-24,P-52,7
VE-6424,2024-02-04,ST-74,P-36,9
AB-1269,2024-04-23,ST-70,P-8,3
PA-59819,2024-03-27,ST-12,P-79,2
CW-41068,2021-01-31,ST-22,P-40,4
EQ-1664,2020-01-22,ST-18,P-15,5
RZ-2638,2021-09-22,ST-30,P-9,2
ZK-8859,2021-07-15,ST-40,P-71,8
XT-8220,2024-03-13,ST-26,P-72,9
US-8110,2023-08-21,ST-7,P-88,6
LQ-384393,2021-02-07,ST-48,P-67,2
QB-154186,2024-06-05,ST-19,P-66,9
XP-2259,2022-06-16,ST-72,P-57,2
VP-5956,2023-01-30,ST-42,P-68,5
KU-24450,2022-06-08,ST-11,P-89,4
PF-815151,2021-04-14,ST-70,P-34,1
QP-7019,2023-10-03,ST-39,P-44,6
FB-00703,2021-04-13,ST-41,P-77,7
TM-56513,2020-06-10,ST-42,P-85,7
SS-892570,2024-03-25,ST-4,P-64,5
QO-1022,2021-11-18,ST-49,P-34,7
DA-4035,2022-11-19,ST-23,P-51,1
QH-229051,2021-12-10,ST-51,P-33,1
AK-928291,2024-05-26,ST-56,P-23,2
FT-2907,2024-07-30,ST-73,P-56,9
DD-03027,2022-02-05,ST-9,P-28,1
HQ-669225,2022-10-12,ST-55,P-9,9
DU-850403,2024-02-04,ST-19,P-8,9
NJ-45266,2023-12-09,ST-17,P-10,7
UV-282006,2021-02-10,ST-36,P-25,1
RQ-769159,2024-01-05,ST-8,P-28,1
HH-490565,2020-10-04,ST-48,P-72,5
DF-0784,2022-01-02,ST-4,P-71,5
JB-57535,2021-10-07,ST-54,P-66,4
TN-700654,2022-02-18,ST-21,P-24,8
PM-769364,2021-02-11,ST-9,P-47,5
HI-8657,2020-12-14,ST-61,P-2,5
XH-862399,2022-03-10,ST-75,P-20,5
PO-65492,2021-03-03,ST-71,P-53,9
QI-52858,2020-05-05,ST-10,P-15,1
VJ-85745,2023-11-15,ST-71,P-45,2
IV-7540,2021-04-07,ST-47,P-63,5
XC-234969,2021-03-02,ST-1,P-76,2
TE-1158,2020-01-10,ST-14,P-78,3
EM-909093,2021-11-21,ST-9,P-7,4
BJ-932195,2021-11-13,ST-71,P-23,7
XW-1373,2022-07-17,ST-74,P-29,2
JH-6141,2023-06-19,ST-56,P-49,1
SV-7780,2021-05-14,ST-30,P-69,7
KJ-90643,2024-08-28,ST-8,P-1,5
IQ-823767,2022-04-11,ST-55,P-25,3
GA-524921,2024-11-05,ST-16,P-49,5
PI-7372,2022-03-03,ST-15,P-48,4
SP-38837,2022-01-24,ST-48,P-3,4
KV-035704,2024-10-12,ST-6,P-46,1
UN-64133,2023-11-02,ST-70,P-76,10
LU-08778,2022-09-10,ST-51,P-62,6
MM-368876,2021-01-18,ST-37,P-25,9
VD-9483,2022-08-21,ST-51,P-45,6
QX-37843,2021-08-26,ST-72,P-3,6
JW-2565,2023-06-30,ST-36,P-59,6
IV-41836,2023-10-28,ST-47,P-12,1
SH-95278,2024-09-25,ST-16,P-50,5
GZ-43664,2020-04-10,ST-46,P-89,6
XX-0226,2021-02-06,ST-4,P-58,9
BD-5669,2022-02-26,ST-42,P-51,1
TX-06659,2021-09-16,ST-75,P-45,8
DR-06201,2021-04-16,ST-31,P-81,3
CI-7285,2023-09-24,ST-65,P-54,8
TY-431145,2023-02-05,ST-56,P-31,3
DT-2097,2020-03-04,ST-56,P-69,6
ER-76589,2024-03-24,ST-71,P-33,10
DV-9609,2024-08-08,ST-10,P-39,10
QD-541799,2023-10-19,ST-39,P-41,2
ZN-6593,2023-10-01,ST-20,P-33,10
CV-781903,2022-11-16,ST-48,P-84,1
XI-723505,2023-06-04,ST-19,P-17,5
YN-75169,2022-08-22,ST-11,P-65,6
XZ-0287,2022-06-22,ST-50,P-26,9
WY-7561,2021-03-30,ST-16,P-35,3
LW-2998,2020-09-28,ST-72,P-35,9
SS-541233,2021-08-10,ST-58,P-45,6
FX-17875,2024-06-26,ST-25,P-73,5
XF-678903,2020-01-04,ST-23,P-40,4
GY-3555,2024-06-16,ST-66,P-78,10
JM-204495,2023-12-18,ST-41,P-87,10
PP-439828,2023-09-18,ST-66,P-62,4
MU-551322,2023-04-10,ST-40,P-59,5
BY-3317,2021-03-08,ST-26,P-36,2
RZ-073251,2022-11-04,ST-22,P-62,2
TY-9926,2020-05-22,ST-6,P-66,1
NZ-42810,2024-06-09,ST-63,P-75,6
GF-396224,2022-02-05,ST-42,P-19,2
MP-423764,2022-08-02,ST-53,P-66,9
EA-41356,2021-11-12,ST-56,P-40,5
ZR-7408,2021-05-25,ST-36,P-18,2
JA-7309,2020-07-08,ST-67,P-38,9
YN-83455,2022-01-20,ST-21,P-5,4
ED-5350,2023-10-01,ST-53,P-10,6
IC-863989,2021-06-28,ST-33,P-68,2
XN-426107,2023-10-10,ST-33,P-7,4
PD-0046,2022-11-25,ST-34,P-58,8
OQ-167294,2021-01-13,ST-13,P-43,5
BD-6194,2024-10-28,ST-69,P-11,9
JC-09263,2021-07-01,ST-45,P-26,6
DV-101419,2021-08-09,ST-61,P-80,5
EP-4031,2020-09-12,ST-11,P-19,4
XM-51187,2024-05-13,ST-28,P-75,8
XL-48646,2021-12-03,ST-62,P-57,5
ZG-4355,2023-12-13,ST-11,P-16,8
JI-2076,2023-04-12,ST-66,P-88,4
UM-1627,2022-08-09,ST-42,P-49,2
IH-327454,2022-11-25,ST-17,P-67,2
GD-24470,2020-04-02,ST-25,P-54,2
AY-761631,2021-10-14,ST-65,P-2,2
YP-97124,2020-06-01,ST-55,P-47,2
GM-426055,2024-05-12,ST-41,P-56,8
HM-46029,2024-03-27,ST-31,P-10,10
DR-649791,2021-05-13,ST-38,P-17,8
AV-755804,2021-03-03,ST-61,P-55,6
NB-21879,2023-04-03,ST-6,P-47,8
XK-6736,2020-08-19,ST-13,P-70,6
JF-956476,2022-10-18,ST-51,P-63,1
HS-906187,2020-10-31,ST-24,P-80,10
SJ-48866,2021-02-14,ST-63,P-13,5
MJ-931500,2023-12-09,ST-6,P-36,4
TU-2224,2024-08-02,ST-63,P-32,8
JI-1733,2023-07-01,ST-25,P-57,6
FE-91363,2024-03-15,ST-17,P-83,4
AQ-065465,2024-02-28,ST-16,P-18,6
SI-5497,2020-07-28,ST-38,P-28,5
EL-593905,2020-11-24,ST-66,P-66,9
CE-775130,2020-08-14,ST-30,P-38,5
JX-07210,2021-11-01,ST-58,P-17,6
BR-2610,2024-09-09,ST-11,P-3,8
JG-99408,2021-02-23,ST-13,P-88,2
SY-500678,2021-09-03,ST-31,P-27,4
FP-737466,2022-05-24,ST-26,P-26,3
OA-59115,2021-12-07,ST-75,P-79,1
CV-393752,2022-03-30,ST-64,P-6,9
KE-04802,2024-02-16,ST-17,P-61,1
AV-15077,2024-04-20,ST-59,P-88,1
XV-9779,2020-06-27,ST-49,P-67,5
DH-70048,2020-03-03,ST-11,P-82,6
YU-1903,2021-12-22,ST-34,P-77,8
ZU-83779,2023-12-29,ST-71,P-40,10
AT-3710,2023-10-03,ST-41,P-70,2
AI-219805,2021-07-20,ST-26,P-77,3
IY-61540,2020-08-12,ST-16,P-83,2
AN-1849,2021-09-08,ST-43,P-22,10
RP-177824,2023-02-21,ST-51,P-14,10
FS-98122,2021-07-08,ST-48,P-52,4
LE-13999,2022-03-08,ST-24,P-51,5
YO-18115,2022-10-13,ST-22,P-46,1
QW-8579,2020-06-18,ST-64,P-51,1
LQ-504960,2021-08-26,ST-56,P-22,10
MP-3942,2022-08-21,ST-6,P-7,4
QZ-83645,2022-06-15,ST-56,P-16,4
WM-699995,2020-01-15,ST-9,P-33,2
GP-715716,2023-06-18,ST-46,P-10,5
QS-1128,2021-11-21,ST-25,P-34,9
MX-38971,2022-05-01,ST-64,P-16,2
ZD-5383,2022-09-19,ST-57,P-65,9
FO-0316,2021-07-02,ST-30,P-30,4
BE-87186,2021-10-04,ST-48,P-58,3
DW-030890,2022-09-17,ST-33,P-9,9
FC-74265,2020-01-08,ST-31,P-87,10
PA-419106,2024-10-25,ST-11,P-75,10
RQ-8966,2023-11-03,ST-23,P-16,9
GI-73115,2023-04-09,ST-67,P-71,9
GK-711634,2021-12-20,ST-32,P-54,8
FX-146156,2023-09-30,ST-27,P-44,3
RD-524904,2023-11-25,ST-24,P-28,8
MT-2990,2024-07-29,ST-68,P-43,5
DG-7029,2024-09-20,ST-33,P-47,6
OP-547331,2022-12-25,ST-17,P-42,3
AM-956567,2020-01-24,ST-13,P-50,4
EV-8612,2022-01-23,ST-7,P-70,6
RP-0921,2021-06-08,ST-1,P-7,8
XN-0021,2023-11-30,ST-7,P-73,1
QQ-04707,2021-03-11,ST-45,P-69,6
SH-539865,2022-04-04,ST-64,P-61,2
TR-1186,2023-09-17,ST-36,P-20,8
EE-508493,2023-08-25,ST-54,P-1,10
IC-070017,2021-02-27,ST-68,P-76,4
AR-796448,2023-11-13,ST-14,P-54,8
OW-474192,2023-10-21,ST-14,P-25,8
TI-56832,2021-02-23,ST-32,P-19,1
GU-925303,2021-05-21,ST-75,P-41,8
BM-45129,2022-03-22,ST-20,P-20,3
WS-83422,2020-08-06,ST-20,P-31,2
VB-56350,2023-05-02,ST-38,P-39,3
NP-31071,2020-06-07,ST-35,P-12,6
YW-2031,2020-02-15,ST-61,P-25,3
BV-17485,2023-09-16,ST-14,P-31,7
GD-4171,2020-01-12,ST-70,P-80,8
VI-77448,2021-10-23,ST-53,P-87,4
EK-05231,2021-07-08,ST-14,P-20,6
CK-78018,2022-03-17,ST-20,P-40,1
TR-389757,2020-03-21,ST-25,P-45,8
KZ-62279,2023-05-17,ST-11,P-72,2
VR-61145,2023-08-20,ST-11,P-38,7
MP-144690,2023-04-10,ST-66,P-22,6
CB-8124,2020-09-11,ST-26,P-79,1
VF-566934,2021-10-29,ST-69,P-5,6
MV-4657,2023-04-08,ST-69,P-5,9
AZ-226457,2020-05-08,ST-17,P-60,6
UZ-2627,2024-10-13,ST-1,P-83,8
FS-88761,2020-05-08,ST-15,P-82,8
YD-446683,2020-04-25,ST-50,P-69,6
MZ-58989,2020-10-30,ST-5,P-34,5
CC-1899,2022-05-22,ST-16,P-71,9
ET-964750,2022-11-04,ST-66,P-36,9
XA-48082,2020-01-17,ST-10,P-60,7
GD-411942,2024-06-19,ST-46,P-38,9
GR-9622,2022-11-29,ST-61,P-2,4
MH-37339,2024-08-15,ST-69,P-56,3
DY-53218,2021-01-02,ST-13,P-22,3
ST-4420,2024-07-11,ST-61,P-64,10
FW-179246,2022-09-14,ST-53,P-28,6
ZS-7294,2021-06-21,ST-38,P-48,3
AJ-626228,2022-11-07,ST-75,P-78,7
MQ-3479,2020-01-05,ST-33,P-88,3
GS-27826,2023-04-01,ST-71,P-50,1
ZC-3509,2021-04-01,ST-69,P-67,1
QP-2834,2021-08-13,ST-9,P-18,9
PJ-8753,2022-04-08,ST-59,P-49,1
FL-1731,2022-07-27,ST-5,P-49,10
VW-7789,2023-12-10,ST-45,P-54,4
OK-29970,2021-07-09,ST-47,P-58,10
NW-580178,2022-04-16,ST-58,P-61,9
OT-883977,2022-01-08,ST-75,P-53,5
PX-85694,2021-01-26,ST-41,P-67,8
BD-625922,2020-05-29,ST-61,P-2,8
PN-9005,2024-02-29,ST-60,P-15,4
VU-1340,2024-01-30,ST-68,P-14,3
AJ-891892,2022-02-28,ST-33,P-21,2
WP-1389,2020-08-03,ST-38,P-80,7
LE-36689,2024-08-19,ST-7,P-81,10
GD-4664,2023-01-16,ST-16,P-38,8
JB-9848,2023-02-18,ST-32,P-13,4
LT-887050,2022-01-01,ST-14,P-19,7
RU-799331,2023-10-31,ST-54,P-30,2
HK-64043,2024-06-14,ST-7,P-53,1
TR-61990,2023-03-19,ST-59,P-82,9
DT-15170,2021-10-14,ST-26,P-64,1
FB-898465,2020-10-09,ST-32,P-43,5
SY-43793,2024-10-18,ST-5,P-64,4
WJ-6202,2022-07-31,ST-16,P-14,7
XY-8244,2022-05-05,ST-28,P-13,4
RU-4129,2024-08-17,ST-18,P-9,1
NU-95629,2022-05-29,ST-25,P-12,2
NC-2708,2024-03-07,ST-19,P-43,5
WB-6933,2022-03-10,ST-2,P-26,5
TA-525683,2022-09-11,ST-44,P-72,7
IK-7395,2024-05-16,ST-11,P-12,1
CJ-347187,2020-01-08,ST-71,P-37,8
WF-0108,2023-10-15,ST-29,P-60,4
RL-18750,2024-09-14,ST-66,P-18,3
MY-42112,2021-02-06,ST-43,P-69,2
AP-016849,2022-11-12,ST-8,P-9,6
PO-479557,2023-11-15,ST-36,P-51,7
AW-84547,2022-09-03,ST-56,P-63,7
XM-7742,2022-06-07,ST-51,P-84,10
BR-74777,2024-06-13,ST-2,P-23,5
MQ-02047,2023-05-15,ST-73,P-39,6
QO-93279,2022-12-07,ST-64,P-86,10
RN-3045,2024-06-15,ST-43,P-32,9
SM-09395,2023-11-06,ST-40,P-60,2
DJ-6787,2022-10-21,ST-37,P-7,2
AF-970602,2022-07-22,ST-69,P-47,4
OA-12430,2020-11-07,ST-59,P-40,6
ZN-10451,2022-08-20,ST-24,P-32,8
YK-960934,2020-07-27,ST-48,P-52,2
EK-9471,2021-02-21,ST-44,P-67,1
BA-161675,2021-11-03,ST-10,P-80,4
MF-99780,2023-10-03,ST-70,P-62,7
AR-617330,2020-01-26,ST-9,P-73,6
NX-301126,2022-01-31,ST-71,P-87,9
BQ-5279,2020-01-16,ST-29,P-11,5
PB-7256,2024-10-13,ST-60,P-43,8
BN-0161,2024-09-20,ST-71,P-48,10
QT-685270,2024-09-03,ST-72,P-77,8
YV-6597,2021-09-18,ST-46,P-70,8
FD-411585,2021-06-23,ST-48,P-81,1
WK-91400,2021-07-04,ST-54,P-20,5
XO-206030,2020-03-29,ST-73,P-45,4
ON-7876,2020-02-29,ST-4,P-79,5
TO-9219,2022-11-28,ST-26,P-83,4
MW-960072,2022-07-15,ST-55,P-15,10
RW-746749,2022-03-06,ST-63,P-55,1
AU-5617,2024-09-30,ST-70,P-73,9
DA-345330,2022-06-21,ST-30,P-12,5
NZ-08790,2024-09-22,ST-62,P-57,7
EV-891303,2022-04-06,ST-26,P-62,2
ZK-4032,2022-06-30,ST-8,P-53,2
YL-74973,2022-01-20,ST-22,P-73,9
US-63488,2021-02-07,ST-65,P-26,6
AI-469990,2021-06-16,ST-54,P-50,2
LM-87500,2024-04-16,ST-53,P-64,3
CY-892988,2023-06-06,ST-54,P-22,8
SR-8849,2024-04-12,ST-25,P-76,9
ND-9728,2021-02-27,ST-70,P-56,1
HW-62641,2021-10-29,ST-47,P-75,5
SK-89286,2020-05-23,ST-32,P-31,5
FL-0710,2022-01-02,ST-26,P-5,9
CM-2410,2020-03-15,ST-30,P-72,10
SH-56728,2021-04-26,ST-44,P-62,10
FE-8658,2023-01-10,ST-57,P-84,5
RR-45757,2021-01-18,ST-10,P-67,3
EO-4645,2022-12-04,ST-22,P-8,9
ZJ-6704,2023-11-21,ST-35,P-32,1
OJ-5305,2024-03-02,ST-40,P-71,8
MO-974240,2022-06-27,ST-68,P-13,7
FH-81799,2023-05-02,ST-33,P-22,3
GJ-075781,2024-10-03,ST-5,P-67,10
AK-466124,2022-12-04,ST-36,P-47,10
ZM-773750,2020-08-27,ST-25,P-68,1
PH-433607,2024-08-25,ST-4,P-11,8
JH-955149,2021-04-01,ST-14,P-69,9
XE-70161,2023-05-18,ST-61,P-17,9
FV-0476,2020-12-16,ST-46,P-64,10
JA-339591,2020-07-02,ST-48,P-15,7
ED-174345,2024-03-16,ST-50,P-3,9
AL-074713,2021-03-12,ST-15,P-52,5
JB-39682,2020-06-03,ST-40,P-38,10
IH-71281,2023-01-27,ST-28,P-57,1
XE-234583,2023-01-08,ST-22,P-70,4
ND-3671,2024-01-31,ST-54,P-40,5
MO-272225,2022-07-31,ST-4,P-73,7
RT-0543,2023-02-27,ST-35,P-75,3
RS-828884,2021-03-25,ST-2,P-78,4
ZB-9778,2022-11-15,ST-25,P-10,3
WD-856135,2020-07-26,ST-64,P-3,4
HT-8040,2020-08-02,ST-3,P-5,9
IY-343372,2020-08-16,ST-3,P-71,8
KX-011214,2023-05-10,ST-65,P-40,5
KG-024699,2024-06-17,ST-37,P-85,4
AQ-763162,2023-06-06,ST-11,P-21,7
IS-936482,2024-08-14,ST-72,P-86,4
HR-7159,2020-11-23,ST-22,P-33,7
DZ-34308,2022-07-31,ST-36,P-89,1
KS-31795,2021-01-12,ST-30,P-75,8
RD-4186,2022-10-29,ST-47,P-51,6
UV-27862,2021-09-28,ST-62,P-59,2
OE-16487,2021-04-25,ST-52,P-49,9
EF-701294,2021-09-15,ST-7,P-8,10
EH-35904,2022-12-10,ST-40,P-40,5
ZS-04020,2021-01-06,ST-6,P-62,8
QW-50011,2022-04-03,ST-60,P-31,3
BF-247521,2021-06-24,ST-13,P-54,1
RO-88867,2023-05-13,ST-12,P-67,4
GE-280182,2022-02-06,ST-20,P-74,8
VD-2050,2023-09-29,ST-68,P-18,7
ZG-2024,2023-03-20,ST-16,P-38,6
FW-245806,2022-12-01,ST-37,P-58,8
PL-77265,2021-10-21,ST-60,P-49,5
ED-85688,2022-12-19,ST-15,P-63,9
CQ-423792,2021-10-05,ST-51,P-14,7
MR-892559,2022-06-09,ST-54,P-88,5
XU-65137,2021-04-10,ST-22,P-59,8
EV-636653,2020-02-07,ST-47,P-87,7
XI-336878,2024-03-25,ST-35,P-11,6
TG-8482,2022-03-28,ST-9,P-52,8
TE-31405,2024-01-07,ST-21,P-88,9
RY-655770,2024-04-19,ST-49,P-64,7
VS-6560,2020-02-01,ST-11,P-36,4
CO-23364,2020-12-11,ST-35,P-4,7
JD-4335,2024-01-22,ST-13,P-63,2
HV-28758,2020-10-25,ST-3,P-77,4
NC-053787,2022-06-06,ST-75,P-68,10
BR-39991,2023-12-14,ST-13,P-63,7
WS-474116,2024-01-27,ST-7,P-10,9
AW-592458,2023-11-21,ST-44,P-60,4
ZO-524192,2022-10-10,ST-47,P-21,6
II-6001,2021-04-10,ST-36,P-3,8
MU-13820,2021-02-10,ST-41,P-86,2
AW-4881,2024-03-05,ST-53,P-23,2
PT-3016,2023-05-20,ST-11,P-42,6
FF-582537,2023-05-23,ST-52,P-6,9
ZB-8254,2020-07-24,ST-23,P-49,5
MF-00352,2023-12-30,ST-23,P-16,3
HM-5362,2021-05-13,ST-54,P-63,9
ZM-634511,2024-03-04,ST-3,P-65,4
IK-73614,2024-06-21,ST-47,P-34,7
VP-3327,2023-12-23,ST-69,P-39,4
QG-644108,2020-06-12,ST-26,P-86,5
BP-343398,2024-04-30,ST-74,P-59,10
UI-5542,2020-10-01,ST-51,P-74,8
FQ-80897,2022-11-16,ST-74,P-17,7
FW-6047,2023-03-10,ST-59,P-82,10
BC-651247,2020-02-14,ST-71,P-10,4
XM-8603,2022-05-29,ST-56,P-59,9
KL-799113,2020-04-11,ST-59,P-82,10
LQ-808140,2020-02-26,ST-54,P-61,2
CW-033572,2021-11-02,ST-8,P-80,6
PL-2560,2021-02-10,ST-68,P-3,6
BS-70472,2022-01-04,ST-36,P-19,3
TT-947688,2022-01-10,ST-19,P-69,5
EN-73389,2020-08-13,ST-56,P-58,7
WC-7866,2023-10-19,ST-36,P-3,10
MJ-177559,2023-10-03,ST-62,P-18,5
OS-989436,2023-07-18,ST-48,P-6,2
VQ-886289,2023-10-14,ST-49,P-47,8
VG-25873,2020-12-09,ST-49,P-53,7
RA-2811,2022-02-23,ST-44,P-35,5
TI-6519,2020-07-12,ST-64,P-22,4
PF-2866,2021-02-27,ST-22,P-74,6
ZW-22906,2023-10-03,ST-3,P-70,2
YS-79290,2023-05-12,ST-56,P-17,10
LJ-969540,2020-04-27,ST-58,P-71,10
CD-6995,2021-01-25,ST-20,P-15,1
UU-8078,2023-02-06,ST-35,P-70,2
TA-97183,2021-05-04,ST-44,P-26,10
QO-662631,2021-03-08,ST-4,P-15,2
MO-879998,2024-07-25,ST-5,P-1,1
ZG-8739,2022-11-02,ST-68,P-17,9
MU-119969,2020-01-31,ST-48,P-36,7
NJ-42083,2020-05-19,ST-71,P-41,4
JZ-461331,2023-10-27,ST-25,P-12,9
ZJ-945395,2022-12-20,ST-28,P-8,5
UA-70947,2021-01-08,ST-64,P-25,3
OU-5991,2020-10-17,ST-28,P-88,8
AE-86540,2022-09-14,ST-35,P-76,7
LT-9593,2023-05-25,ST-43,P-11,8
VK-7423,2022-09-21,ST-75,P-65,10
VP-84003,2020-01-30,ST-46,P-63,5
XX-4068,2020-02-11,ST-62,P-50,2
HG-77280,2023-10-11,ST-12,P-44,4
UV-8072,2024-04-17,ST-50,P-6,6
NH-228130,2024-03-18,ST-23,P-86,4
JY-501143,2020-06-28,ST-10,P-31,10
ZE-1115,2022-04-18,ST-48,P-16,7
QV-190194,2021-03-23,ST-43,P-73,3
AU-9873,2023-04-21,ST-42,P-73,9
IP-3893,2021-12-11,ST-8,P-66,1
IR-2886,2020-07-31,ST-55,P-39,1
ZO-3428,2022-12-09,ST-18,P-64,3
OZ-7251,2023-09-11,ST-47,P-50,3
MR-90013,2021-11-23,ST-20,P-22,1
UL-3629,2022-05-01,ST-22,P-19,5
EV-3797,2021-04-18,ST-51,P-88,3
HD-112387,2020-05-30,ST-20,P-79,3
JX-74565,2021-02-28,ST-37,P-86,5
XA-4001,2020-07-08,ST-60,P-71,3
KK-9496,2023-11-29,ST-73,P-53,8
BT-023858,2022-07-05,ST-20,P-74,1
RE-196771,2021-10-23,ST-52,P-47,8
ZN-64718,2023-04-22,ST-16,P-37,7
YK-4952,2024-01-12,ST-15,P-35,1
RP-916571,2023-06-23,ST-75,P-88,2
ZD-455067,2020-08-20,ST-12,P-19,3
LB-8054,2024-10-11,ST-22,P-12,10
AQ-91241,2023-01-10,ST-58,P-84,8
MU-935112,2024-06-03,ST-42,P-72,1
AJ-385253,2024-07-13,ST-24,P-85,10
XX-939944,2023-02-21,ST-17,P-39,1
HY-123083,2022-06-24,ST-9,P-68,5
FF-98559,2023-06-03,ST-1,P-65,9
KW-0453,2022-03-16,ST-10,P-70,1
ZA-8378,2023-05-14,ST-8,P-8,9
WK-45943,2021-01-11,ST-36,P-52,3
JF-91998,2022-05-21,ST-44,P-87,9
UL-49763,2024-03-10,ST-21,P-61,8
CZ-098582,2024-08-07,ST-45,P-31,5
UI-15560,2022-02-16,ST-41,P-22,6
WJ-04354,2023-11-22,ST-28,P-17,3
QP-9881,2020-08-12,ST-48,P-76,2
KA-463895,2020-07-21,ST-74,P-52,8
TB-31115,2020-09-19,ST-52,P-59,10
HJ-5029,2022-07-16,ST-20,P-84,9
SA-6752,2023-01-11,ST-52,P-9,8
JX-231095,2020-04-23,ST-50,P-42,3
OJ-28265,2022-01-25,ST-24,P-79,1
GF-519983,2020-10-26,ST-12,P-54,1
UT-026632,2024-07-09,ST-5,P-56,7
DI-40315,2021-08-30,ST-23,P-53,2
RA-28306,2021-09-17,ST-11,P-33,10
DD-36694,2021-05-15,ST-13,P-63,3
DG-6416,2020-12-19,ST-34,P-59,8
JI-9617,2020-08-25,ST-14,P-20,7
IP-41506,2022-04-28,ST-49,P-56,10
SR-36108,2024-09-19,ST-2,P-44,2
MP-8218,2024-06-17,ST-16,P-35,1
EI-198046,2022-01-01,ST-71,P-5,6
PZ-0973,2021-12-14,ST-31,P-20,6
TA-8917,2023-11-25,ST-3,P-56,9
DD-04667,2021-10-13,ST-23,P-54,9
JJ-01545,2020-12-06,ST-8,P-2,6
RD-12796,2023-08-07,ST-23,P-86,4
IJ-9849,2024-10-27,ST-40,P-52,9
ER-79413,2023-09-24,ST-20,P-73,6
TV-8158,2023-05-07,ST-52,P-47,6
PV-7811,2023-10-21,ST-19,P-82,2
LI-138717,2023-03-03,ST-59,P-66,8
TH-8485,2023-08-31,ST-21,P-84,8
DI-5123,2022-01-10,ST-55,P-79,3
PR-75791,2024-04-08,ST-28,P-5,10
QQ-4078,2020-08-11,ST-54,P-89,9
SJ-1233,2023-04-10,ST-53,P-85,7
TC-5655,2023-12-25,ST-7,P-54,4
GL-833373,2020-03-09,ST-47,P-62,3
PX-399358,2024-09-18,ST-57,P-55,4
NO-819140,2024-04-01,ST-5,P-84,8
PQ-311007,2023-07-05,ST-14,P-81,7
FV-837881,2023-12-11,ST-29,P-80,4
MZ-70510,2024-04-24,ST-49,P-54,1
ND-73590,2022-04-29,ST-44,P-74,9
SW-3419,2021-09-13,ST-25,P-55,4
OL-86470,2022-03-27,ST-22,P-74,9
ZU-83425,2024-01-08,ST-73,P-68,5
BM-455885,2024-03-24,ST-12,P-87,9
TP-54896,2024-04-14,ST-48,P-83,2
CL-512217,2022-01-23,ST-72,P-74,5
JU-40851,2021-04-07,ST-50,P-16,9
YR-4454,2020-09-10,ST-16,P-52,10
SF-672139,2023-06-07,ST-43,P-87,5
DD-507560,2022-04-27,ST-7,P-54,9
TS-30330,2020-10-02,ST-66,P-36,6
LV-451858,2021-05-18,ST-29,P-51,3
UG-48483,2023-08-30,ST-50,P-38,7
WJ-210680,2024-01-21,ST-4,P-42,3
XT-5864,2020-07-05,ST-63,P-72,7
US-21019,2020-03-26,ST-5,P-13,5
OA-5240,2024-03-16,ST-55,P-52,8
GK-492709,2023-11-23,ST-9,P-28,7
VO-0566,2023-12-21,ST-72,P-40,2
EJ-447175,2021-05-05,ST-4,P-70,6
LZ-45900,2020-06-21,ST-2,P-46,9
TR-532789,2024-09-14,ST-67,P-37,8
EN-8976,2021-03-19,ST-44,P-64,10
MC-17143,2022-11-07,ST-3,P-7,3
DS-71471,2023-08-13,ST-36,P-17,7
WD-318834,2024-04-12,ST-66,P-23,5
UG-601900,2024-05-29,ST-69,P-78,1
TC-25611,2024-04-14,ST-29,P-16,4
ZC-704603,2023-06-22,ST-45,P-57,4
MP-82842,2023-04-03,ST-75,P-84,10
UQ-68929,2022-03-07,ST-43,P-2,5
CB-770680,2022-01-30,ST-71,P-66,4
KX-162452,2022-11-10,ST-71,P-58,10
OX-10145,2021-05-20,ST-9,P-61,3
AN-20732,2022-12-30,ST-40,P-51,1
PX-4525,2022-10-01,ST-15,P-85,2
GD-68203,2023-06-13,ST-4,P-73,2
NL-06333,2024-05-21,ST-23,P-61,5
HY-74395,2023-05-13,ST-20,P-68,8
OB-830037,2020-02-18,ST-11,P-43,8
HU-4436,2023-02-11,ST-43,P-70,4
FS-12730,2022-11-04,ST-67,P-85,9
IJ-14443,2023-09-22,ST-17,P-35,6
KN-1539,2021-03-12,ST-41,P-57,9
UW-8715,2022-01-16,ST-54,P-8,3
AC-308675,2022-10-11,ST-56,P-6,9
XJ-42242,2020-12-06,ST-9,P-58,2
ZF-8810,2021-12-10,ST-38,P-85,8
VN-9785,2022-05-25,ST-2,P-21,3
LH-39740,2022-10-27,ST-61,P-27,5
DT-33472,2023-07-05,ST-42,P-45,10
RT-45155,2023-07-06,ST-2,P-30,3
NM-079724,2022-03-17,ST-34,P-35,8
RY-441712,2022-11-06,ST-14,P-61,10
PC-7882,2020-02-17,ST-23,P-76,5
YJ-162161,2024-01-09,ST-23,P-84,9
GG-48876,2023-02-04,ST-69,P-24,7
UV-8775,2023-10-01,ST-11,P-31,4
WN-0737,2022-03-18,ST-5,P-22,5
TB-94546,2023-03-03,ST-11,P-72,3
FE-644256,2023-05-02,ST-63,P-50,5
TU-930080,2024-09-21,ST-41,P-38,3
ZM-04485,2021-09-22,ST-26,P-25,5
CX-132908,2020-01-12,ST-70,P-47,9
QQ-0904,2022-08-15,ST-13,P-64,8
MI-6800,2023-03-23,ST-1,P-57,2
GC-69514,2022-11-23,ST-31,P-13,10
JO-974313,2023-01-22,ST-68,P-3,8
IC-156605,2020-07-11,ST-30,P-36,3
EC-00899,2022-04-05,ST-65,P-85,6
TP-81113,2024-02-22,ST-29,P-85,6
QN-21983,2024-04-16,ST-32,P-22,6
EF-66062,2024-11-03,ST-23,P-81,3
TO-963085,2020-07-25,ST-59,P-2,1
TL-21431,2024-11-06,ST-15,P-10,2
ST-58739,2022-08-14,ST-58,P-40,1
KB-5630,2020-04-14,ST-24,P-43,3
BW-5533,2023-12-19,ST-2,P-63,9
OF-28296,2023-03-20,ST-38,P-88,5
QD-5899,2022-06-09,ST-49,P-6,10
SU-387015,2021-08-19,ST-71,P-47,1
LY-9353,2024-09-26,ST-66,P-79,6
NJ-775054,2021-11-04,ST-65,P-78,10
AZ-3063,2021-09-10,ST-59,P-48,2
BX-39594,2024-10-23,ST-48,P-57,4
PL-9984,2023-11-22,ST-8,P-50,3
MQ-08898,2021-11-08,ST-46,P-19,10
GS-670701,2022-05-12,ST-21,P-7,7
QV-68053,2021-11-30,ST-39,P-73,7
BM-5603,2024-08-13,ST-5,P-11,7
IV-0256,2024-03-30,ST-51,P-12,10
IQ-97811,2024-06-14,ST-68,P-82,5
MX-1122,2020-09-29,ST-45,P-47,3
OO-15215,2020-05-23,ST-54,P-23,2
QC-13415,2020-12-22,ST-63,P-43,3
XK-3421,2023-07-02,ST-35,P-63,1
EH-81858,2022-02-17,ST-62,P-70,4
RL-934837,2024-03-27,ST-10,P-23,1
GB-66084,2023-05-04,ST-62,P-83,4
KE-75419,2022-07-02,ST-72,P-57,1
UA-0064,2021-03-20,ST-60,P-14,8
WM-023948,2020-10-18,ST-64,P-87,10
GA-2780,2020-04-30,ST-22,P-41,1
MI-54830,2021-06-30,ST-25,P-54,5
LZ-55667,2021-06-30,ST-23,P-83,4
RP-408377,2021-06-08,ST-46,P-75,1
LH-4845,2024-03-02,ST-65,P-9,3
QQ-62442,2023-05-04,ST-12,P-4,1
XI-590080,2023-09-08,ST-21,P-74,2
BY-189641,2022-01-11,ST-16,P-58,2
BA-6022,2022-02-23,ST-65,P-18,6
VM-213578,2023-09-14,ST-44,P-1,6
ND-955740,2023-12-29,ST-24,P-59,5
OG-423154,2022-03-27,ST-45,P-43,1
FX-89935,2023-01-24,ST-26,P-81,1
DD-7604,2020-04-22,ST-16,P-62,9
DR-5274,2023-08-13,ST-7,P-50,2
CJ-9614,2023-12-30,ST-53,P-26,2
ZJ-5588,2024-05-04,ST-33,P-22,7
XE-667124,2021-12-08,ST-5,P-76,3
LV-82019,2024-03-14,ST-32,P-28,10
HC-25398,2020-04-06,ST-52,P-68,10
PC-17360,2021-04-12,ST-40,P-76,7
UH-1559,2023-07-30,ST-40,P-80,10
ED-75719,2022-04-06,ST-12,P-85,8
GE-644678,2021-05-10,ST-57,P-55,9
OA-39678,2020-05-19,ST-55,P-76,6
OE-86327,2022-02-22,ST-67,P-74,9
HN-159720,2023-10-20,ST-25,P-6,9
SK-39121,2020-08-15,ST-70,P-76,8
KE-077338,2022-09-25,ST-73,P-14,5
TL-42981,2023-10-02,ST-11,P-29,9
OU-1258,2023-01-10,ST-57,P-27,10
EY-50318,2021-09-27,ST-10,P-27,9
TI-45234,2020-09-29,ST-32,P-4,3
NE-32755,2021-07-29,ST-21,P-26,3
KE-9627,2020-01-16,ST-13,P-2,4
LO-743043,2021-02-18,ST-31,P-43,10
KT-439116,2022-01-25,ST-58,P-35,2
AI-968836,2023-02-28,ST-13,P-28,5
TU-6611,2023-02-22,ST-32,P-57,8
IW-020022,2021-08-29,ST-60,P-22,5
EX-2226,2022-12-20,ST-50,P-35,1
QA-393988,2022-03-21,ST-55,P-2,9
AA-80848,2022-03-29,ST-19,P-54,10
OZ-099821,2024-03-24,ST-14,P-61,10
JJ-0541,2022-07-29,ST-45,P-41,9
WA-7352,2021-12-29,ST-36,P-83,1
FT-75655,2021-07-07,ST-67,P-64,6
BS-140004,2022-02-23,ST-32,P-11,3
YL-41254,2021-03-28,ST-9,P-48,7
QM-7391,2020-04-10,ST-23,P-45,5
BV-2634,2023-09-13,ST-9,P-10,2
DH-5546,2023-03-18,ST-23,P-4,2
JN-635067,2023-08-18,ST-23,P-88,7
YB-5426,2020-03-09,ST-50,P-62,1
VO-9323,2024-09-28,ST-23,P-31,1
WJ-3280,2020-04-28,ST-7,P-10,2
YL-582981,2023-03-13,ST-50,P-35,10
WN-78258,2024-01-22,ST-5,P-79,2
NH-96762,2024-03-16,ST-25,P-12,7
KW-27767,2024-10-22,ST-54,P-4,3
ZL-5877,2020-12-23,ST-26,P-38,4
CO-5070,2022-04-22,ST-20,P-52,4
FX-255678,2024-10-10,ST-66,P-12,3
EO-36412,2021-03-29,ST-50,P-79,3
YA-08127,2020-05-01,ST-50,P-2,8
TB-4782,2024-10-22,ST-39,P-38,5
AW-55983,2022-07-31,ST-70,P-89,7
CP-527978,2021-11-16,ST-12,P-68,3
QL-7957,2023-07-29,ST-28,P-74,6
NU-1943,2021-11-18,ST-11,P-71,8
TU-1890,2023-06-21,ST-29,P-17,4
IL-4929,2020-11-24,ST-68,P-85,8
BS-0525,2023-12-26,ST-13,P-72,10
IB-8977,2024-07-12,ST-67,P-28,9
DJ-137118,2024-04-12,ST-39,P-6,4
SX-94008,2024-07-06,ST-24,P-30,8
NU-99484,2021-07-18,ST-10,P-39,6
NW-374189,2024-11-12,ST-37,P-75,10
AF-3157,2021-12-22,ST-61,P-80,1
JO-62770,2023-12-07,ST-70,P-68,6
OH-53952,2020-08-18,ST-65,P-33,1
JO-926767,2020-01-05,ST-66,P-14,6
FK-33313,2024-06-05,ST-23,P-81,3
OJ-60503,2021-10-26,ST-50,P-21,10
TV-840276,2024-02-17,ST-14,P-2,1
YY-0161,2021-08-30,ST-61,P-21,6
ZB-321280,2021-10-07,ST-18,P-46,10
QA-3063,2023-08-04,ST-12,P-75,4
JP-603014,2020-01-28,ST-59,P-55,8
QK-604724,2023-04-05,ST-17,P-37,8
DO-66504,2022-11-18,ST-6,P-78,6
DE-23020,2021-09-15,ST-4,P-19,10
YE-75941,2020-02-10,ST-59,P-44,2
KE-213453,2023-08-30,ST-64,P-83,1
IV-59104,2023-05-11,ST-29,P-18,7
XI-7688,2023-07-01,ST-45,P-35,5
NU-855043,2023-03-10,ST-4,P-34,3
UM-8553,2023-01-28,ST-32,P-79,6
IN-2137,2022-05-01,ST-44,P-46,8
PH-575001,2021-03-01,ST-12,P-65,7
EK-774403,2020-11-23,ST-3,P-52,9
RR-2095,2022-10-25,ST-69,P-30,2
JJ-53324,2023-10-03,ST-50,P-41,6
PU-27977,2023-04-07,ST-75,P-34,4
HQ-5299,2022-07-31,ST-60,P-83,3
PU-850754,2020-05-02,ST-11,P-51,5
OT-016277,2020-04-05,ST-53,P-16,2
JJ-01760,2024-06-04,ST-18,P-14,2
NZ-05860,2022-04-20,ST-14,P-62,1
UQ-2930,2020-10-02,ST-7,P-25,6
ZK-0840,2021-10-27,ST-28,P-1,2
BT-04940,2022-11-16,ST-68,P-35,4
OM-3540,2024-10-03,ST-27,P-19,5
XP-2916,2024-07-28,ST-37,P-1,6
MN-9464,2021-10-11,ST-51,P-67,1
EX-4299,2020-08-16,ST-1,P-82,8
LB-88217,2021-05-23,ST-66,P-65,4
RE-4903,2021-07-01,ST-71,P-42,10
QO-44119,2021-01-22,ST-26,P-37,1
SO-740399,2020-02-20,ST-38,P-76,7
CQ-9094,2023-07-20,ST-34,P-88,9
HI-904458,2023-11-17,ST-45,P-66,6
LJ-349688,2021-09-08,ST-5,P-36,7
IW-1942,2022-05-04,ST-41,P-35,3
KJ-5396,2023-05-28,ST-24,P-9,7
JY-825616,2021-05-11,ST-57,P-61,7
HG-4552,2020-10-05,ST-34,P-82,2
UB-0636,2020-11-27,ST-60,P-70,9
JO-628338,2020-08-27,ST-38,P-70,8
KY-5322,2022-07-26,ST-64,P-52,10
AG-7011,2020-05-01,ST-23,P-21,2
WZ-8898,2024-01-16,ST-38,P-83,5
DU-59114,2023-04-27,ST-59,P-5,10
GW-814907,2021-06-20,ST-71,P-16,3
CH-469998,2024-05-13,ST-4,P-35,2
KU-32215,2024-09-04,ST-60,P-17,6
SW-1313,2022-06-02,ST-68,P-81,9
LE-48784,2024-08-21,ST-14,P-68,10
GG-2918,2023-07-17,ST-21,P-5,9
MQ-53475,2021-07-27,ST-56,P-87,3
GJ-520551,2024-09-23,ST-57,P-51,1
LW-94639,2022-03-27,ST-21,P-10,10
UC-6998,2020-04-19,ST-74,P-46,7
AD-02256,2024-03-17,ST-74,P-12,9
CM-14848,2023-07-26,ST-5,P-22,2
RN-52076,2022-05-05,ST-17,P-71,5
QW-78764,2023-12-26,ST-71,P-3,7
HR-47728,2022-05-04,ST-38,P-79,3
CD-41382,2024-11-09,ST-12,P-34,6
UR-9983,2020-08-11,ST-16,P-77,1
TA-03994,2021-08-12,ST-59,P-44,3
JE-669624,2024-02-11,ST-32,P-73,9
NR-758612,2022-09-23,ST-65,P-76,3
IN-24985,2022-05-27,ST-61,P-58,2
EA-465394,2024-07-13,ST-69,P-62,7
GS-0721,2022-04-02,ST-55,P-70,2
BO-063241,2021-02-22,ST-68,P-84,8
FD-781388,2021-02-15,ST-22,P-51,1
OB-2408,2023-02-15,ST-23,P-60,4
RH-48724,2023-03-24,ST-57,P-74,10
OR-37995,2020-07-17,ST-73,P-20,7
SE-0377,2024-08-23,ST-71,P-23,6
CH-1291,2023-04-04,ST-60,P-65,2
YF-36563,2021-09-28,ST-54,P-46,2
NE-610344,2020-06-29,ST-47,P-9,5
JV-3541,2022-05-08,ST-32,P-14,1
SO-6633,2023-01-19,ST-60,P-28,5
BD-60123,2022-04-09,ST-45,P-52,8
CL-1897,2022-02-18,ST-67,P-62,10
MK-3348,2023-09-15,ST-16,P-61,8
PP-675300,2020-10-08,ST-38,P-30,10
VJ-5930,2023-01-23,ST-9,P-5,5
AA-327558,2021-02-04,ST-42,P-18,6
KE-349501,2020-02-14,ST-8,P-68,3
LW-972681,2023-07-20,ST-7,P-2,6
GL-28478,2021-03-04,ST-44,P-50,4
HP-92756,2023-01-07,ST-58,P-27,7
PW-181544,2020-02-20,ST-11,P-10,2
WN-114359,2022-11-14,ST-44,P-38,2
ZH-9259,2020-02-07,ST-2,P-71,6
QG-1516,2020-12-21,ST-7,P-59,6
DE-890620,2020-06-20,ST-31,P-40,10
AQ-6416,2023-07-07,ST-61,P-89,2
WG-5510,2021-10-31,ST-30,P-57,8
MP-9615,2024-07-30,ST-72,P-79,5
LQ-8024,2024-06-12,ST-47,P-20,10
AC-259324,2022-08-17,ST-11,P-2,6
TZ-101255,2022-04-05,ST-66,P-22,3
KX-3506,2024-01-18,ST-7,P-59,1
JZ-43175,2021-05-02,ST-46,P-49,9
BJ-6054,2022-05-24,ST-69,P-54,9
BM-5587,2023-02-15,ST-26,P-35,4
JO-9312,2023-03-30,ST-30,P-68,1
MO-151259,2021-04-13,ST-2,P-74,9
YT-56458,2020-02-13,ST-26,P-36,4
VG-768821,2022-11-02,ST-17,P-1,6
ZO-7178,2023-10-06,ST-74,P-49,2
MH-114611,2023-06-30,ST-13,P-60,8
TO-05900,2020-07-29,ST-6,P-21,10
NB-620121,2023-12-25,ST-42,P-42,1
SR-487023,2020-07-03,ST-67,P-5,1
GB-1305,2021-01-02,ST-1,P-2,4
KB-0979,2022-02-06,ST-43,P-6,9
NF-753190,2020-05-13,ST-1,P-16,7
RJ-782022,2021-03-21,ST-54,P-38,4
PY-601451,2022-02-24,ST-6,P-58,1
JC-2514,2020-02-11,ST-32,P-62,1
DQ-95996,2020-01-04,ST-28,P-10,9
AO-987603,2024-01-19,ST-29,P-7,5
ZH-321346,2024-08-16,ST-28,P-17,10
DO-96235,2023-06-21,ST-45,P-8,1
SH-82251,2024-08-17,ST-59,P-35,5
FE-8106,2022-05-06,ST-58,P-83,4
KY-5375,2021-09-19,ST-29,P-31,7
UQ-33803,2020-11-12,ST-12,P-10,1
LI-059330,2021-02-01,ST-34,P-1,6
RL-50683,2023-11-11,ST-37,P-3,1
GJ-023056,2023-03-10,ST-26,P-80,9
PG-10483,2022-09-09,ST-44,P-8,7
VH-8218,2020-03-01,ST-47,P-70,5
WB-6353,2023-01-11,ST-37,P-66,8
NK-7174,2021-10-06,ST-69,P-12,4
PB-6627,2022-08-27,ST-61,P-36,10
CF-80744,2024-01-06,ST-52,P-59,1
NZ-7291,2023-03-20,ST-21,P-75,6
AS-398508,2020-03-09,ST-34,P-15,8
VQ-80630,2021-05-25,ST-60,P-20,1
IX-531564,2020-01-24,ST-5,P-5,8
HD-118788,2020-08-06,ST-3,P-44,7
MB-009528,2022-01-19,ST-9,P-22,1
VO-472201,2022-12-14,ST-1,P-38,2
XM-8254,2021-07-12,ST-12,P-73,6
FN-508118,2022-08-07,ST-29,P-67,2
FY-19477,2023-07-24,ST-39,P-48,10
KH-03481,2022-03-03,ST-19,P-19,10
UI-9744,2021-04-19,ST-24,P-79,4
LI-93652,2023-06-12,ST-49,P-24,5
UV-9142,2020-02-03,ST-9,P-89,9
HM-9373,2021-06-13,ST-48,P-28,10
RM-5533,2024-10-21,ST-37,P-59,6
II-95113,2024-06-11,ST-14,P-83,4
TK-91698,2021-10-20,ST-70,P-7,1
BV-5950,2021-08-14,ST-25,P-14,6
KF-543306,2023-08-03,ST-26,P-60,7
PP-7575,2023-06-24,ST-12,P-65,1
LB-17859,2021-12-14,ST-35,P-40,7
YV-4188,2022-09-17,ST-21,P-22,4
CQ-7164,2020-03-26,ST-1,P-45,1
CG-0101,2022-08-30,ST-54,P-18,6
XR-836122,2020-11-09,ST-43,P-34,4
RG-56177,2024-02-09,ST-27,P-70,2
CN-44138,2023-02-11,ST-26,P-81,1
IY-65048,2021-03-04,ST-59,P-65,3
FL-5633,2020-05-16,ST-74,P-34,6
QJ-9718,2023-05-28,ST-59,P-65,3
LP-93149,2024-05-24,ST-51,P-25,2
HQ-89123,2023-07-14,ST-60,P-9,2
XS-966537,2022-06-03,ST-71,P-87,8
KO-34185,2023-07-29,ST-30,P-5,10
XG-07666,2023-05-19,ST-66,P-64,10
XE-18216,2023-08-28,ST-21,P-42,7
ZC-7445,2024-11-03,ST-48,P-5,8
FL-92838,2020-03-16,ST-72,P-11,3
VU-69747,2020-12-30,ST-39,P-49,10
XH-1390,2021-05-20,ST-34,P-73,7
ED-619966,2021-02-13,ST-30,P-61,8
DL-856015,2023-04-07,ST-71,P-69,9
RD-436752,2020-07-19,ST-4,P-7,9
TT-5330,2021-05-06,ST-75,P-84,3
PE-092149,2020-04-28,ST-47,P-24,9
CJ-12502,2022-12-10,ST-65,P-45,4
WG-177737,2021-11-18,ST-43,P-57,9
TL-142432,2023-05-22,ST-66,P-49,2
VO-916842,2020-02-16,ST-51,P-72,7
BN-69647,2021-01-24,ST-8,P-31,6
GF-39177,2022-01-30,ST-47,P-77,3
NY-1380,2024-05-09,ST-49,P-25,1
FP-3763,2022-07-15,ST-45,P-28,4
LS-738637,2020-01-14,ST-24,P-34,8
QO-11647,2022-11-02,ST-39,P-89,3
DF-11978,2023-03-12,ST-32,P-3,7
ZB-53272,2024-01-20,ST-34,P-85,8
PX-1704,2023-05-20,ST-23,P-47,9
YS-9973,2022-05-31,ST-72,P-6,2
ST-978259,2023-04-21,ST-50,P-64,3
DS-717729,2023-01-22,ST-31,P-5,7
BH-3767,2024-04-04,ST-33,P-40,5
CP-1190,2024-10-22,ST-49,P-32,10
RM-547057,2021-07-13,ST-58,P-23,1
DD-24236,2022-10-20,ST-13,P-33,6
OD-65167,2024-04-04,ST-54,P-35,8
OD-39274,2021-08-18,ST-61,P-54,3
KV-622592,2024-05-11,ST-60,P-21,1
FK-5489,2024-05-16,ST-20,P-77,3
OR-9840,2020-02-21,ST-2,P-11,10
RY-900564,2022-05-10,ST-21,P-25,5
IX-719877,2021-05-05,ST-24,P-53,6
DI-07150,2024-03-23,ST-5,P-24,7
WG-444835,2024-11-04,ST-22,P-65,5
PR-9754,2021-12-30,ST-9,P-42,8
EJ-5510,2020-02-01,ST-14,P-29,2
CC-330895,2020-04-14,ST-62,P-4,3
ZN-240007,2022-07-13,ST-49,P-38,2
NE-851028,2020-12-27,ST-5,P-1,3
VC-28772,2020-12-29,ST-67,P-39,7
DT-434238,2021-10-21,ST-27,P-30,5
RP-56575,2022-01-19,ST-62,P-57,6
BQ-120240,2023-01-04,ST-10,P-78,6
GB-3663,2022-06-12,ST-70,P-63,8
UE-710633,2021-10-24,ST-45,P-65,1
TY-4845,2023-04-22,ST-67,P-28,9
IC-2363,2022-10-03,ST-52,P-16,8
TN-7971,2020-07-29,ST-2,P-49,2
XF-0794,2021-03-09,ST-21,P-67,6
RG-0397,2021-08-18,ST-14,P-89,6
EJ-2541,2022-11-30,ST-43,P-48,2
BV-1160,2022-07-20,ST-28,P-75,9
RS-316469,2021-11-28,ST-46,P-68,5
PB-4880,2024-09-06,ST-6,P-50,2
UL-51391,2024-10-14,ST-35,P-7,5
SU-27647,2022-03-27,ST-8,P-66,7
NM-6333,2024-08-16,ST-51,P-2,10
JB-219957,2022-02-14,ST-9,P-27,5
XZ-4767,2020-01-19,ST-58,P-12,9
CT-413370,2022-09-13,ST-46,P-72,5
LK-04907,2022-06-03,ST-61,P-33,4
AT-52293,2022-07-12,ST-7,P-53,7
CB-33570,2022-04-01,ST-62,P-62,2
EN-2276,2024-09-26,ST-34,P-67,3
VX-097401,2022-06-11,ST-16,P-62,7
YU-00947,2023-02-16,ST-59,P-88,3
QP-7526,2023-01-04,ST-71,P-3,8
KK-8162,2024-01-30,ST-36,P-56,7
FK-2930,2020-09-16,ST-62,P-36,5
FM-2820,2022-04-03,ST-75,P-68,6
QD-4538,2022-10-13,ST-14,P-10,1
AG-37079,2021-08-11,ST-28,P-51,8
XI-2140,2023-05-02,ST-15,P-24,10
KE-777400,2023-06-13,ST-7,P-4,4
QO-14897,2022-03-27,ST-54,P-30,10
ME-2941,2024-02-26,ST-8,P-2,7
NQ-22896,2020-04-15,ST-24,P-88,6
XG-55742,2023-08-05,ST-3,P-10,1
CO-620537,2022-11-23,ST-36,P-55,4
VW-17353,2021-12-08,ST-75,P-73,9
QT-57102,2024-03-07,ST-36,P-73,3
NV-81367,2022-07-31,ST-56,P-17,4
CS-938735,2022-09-15,ST-14,P-75,9
GM-08681,2021-09-28,ST-2,P-62,6
SV-057981,2021-08-28,ST-26,P-10,5
ZX-95251,2020-04-14,ST-56,P-44,2
SX-5004,2024-09-30,ST-27,P-84,5
RF-8229,2022-02-26,ST-40,P-42,2
EH-884269,2021-05-07,ST-38,P-67,1
PF-648081,2021-03-31,ST-60,P-41,5
UM-765060,2023-05-28,ST-53,P-88,10
RB-691542,2024-05-22,ST-36,P-89,8
IH-53625,2023-01-30,ST-41,P-29,9
MG-232316,2021-09-28,ST-54,P-77,9
YU-866339,2023-05-29,ST-44,P-37,2
XI-2947,2022-09-12,ST-37,P-80,7
PL-6346,2021-03-03,ST-15,P-78,8
VL-40779,2023-07-30,ST-42,P-1,1
NP-70723,2020-10-28,ST-42,P-66,5
VB-0821,2024-06-26,ST-10,P-65,3
GQ-58319,2022-12-01,ST-30,P-53,9
RO-91939,2021-01-03,ST-59,P-43,4
YP-44573,2020-10-12,ST-69,P-22,9
UF-62592,2022-01-13,ST-52,P-45,6
FO-6796,2024-04-16,ST-64,P-41,10
BG-6417,2023-07-11,ST-47,P-59,10
WV-1467,2024-07-15,ST-49,P-39,1
RO-9693,2021-11-12,ST-19,P-68,4
XU-109044,2024-04-24,ST-75,P-6,8
OJ-79272,2021-12-18,ST-50,P-74,8
HZ-7840,2023-08-20,ST-69,P-84,3
SR-881935,2024-04-17,ST-55,P-33,3
UV-792145,2023-06-19,ST-15,P-81,6
BV-220864,2023-09-21,ST-72,P-54,8
GS-5187,2023-09-23,ST-71,P-42,5
BS-36363,2023-01-11,ST-5,P-73,9
KR-651238,2021-10-24,ST-51,P-25,4
BL-5560,2022-12-18,ST-72,P-54,3
EX-0279,2024-10-17,ST-27,P-36,8
CK-2463,2022-09-27,ST-26,P-40,3
JC-594564,2022-06-02,ST-72,P-83,6
FG-20480,2020-06-06,ST-23,P-68,6
FI-51972,2023-10-03,ST-67,P-86,10
IY-63573,2022-08-10,ST-67,P-88,7
KN-79207,2023-01-27,ST-41,P-75,2
PY-039010,2023-06-06,ST-8,P-89,4
MB-0541,2023-01-12,ST-23,P-40,10
WV-35142,2022-10-03,ST-39,P-3,5
QR-8578,2020-11-09,ST-18,P-57,7
OT-17183,2020-10-21,ST-3,P-74,2
JC-972603,2021-08-09,ST-14,P-68,8
AY-9891,2024-03-03,ST-73,P-89,3
GJ-72111,2021-08-15,ST-42,P-55,6
UK-64610,2020-09-14,ST-17,P-77,5
OM-714119,2022-10-22,ST-4,P-46,9
QH-0163,2023-07-27,ST-71,P-44,10
OX-14887,2021-11-04,ST-75,P-59,2
JJ-09000,2021-01-13,ST-29,P-58,1
NB-63460,2020-06-18,ST-61,P-2,6
QQ-259622,2020-10-01,ST-54,P-26,1
QY-3569,2021-12-31,ST-75,P-27,4
JS-32916,2020-03-03,ST-45,P-81,3
UJ-78836,2024-06-06,ST-71,P-37,1
AC-8372,2021-08-18,ST-15,P-52,6
UO-47027,2020-11-14,ST-73,P-26,7
EP-204784,2023-05-10,ST-26,P-12,10
EN-72633,2021-11-15,ST-13,P-10,7
JS-024204,2024-02-25,ST-11,P-30,10
GJ-61075,2021-06-06,ST-60,P-81,6
FY-46105,2021-05-13,ST-31,P-4,1
SM-65684,2022-06-17,ST-28,P-20,5
OH-8600,2023-12-22,ST-58,P-86,5
YY-4241,2023-09-12,ST-25,P-34,6
ST-34839,2021-01-04,ST-24,P-83,3
QN-810146,2020-01-14,ST-65,P-59,6
JK-4013,2022-08-27,ST-62,P-49,6
WV-4430,2021-06-14,ST-63,P-8,4
BO-66138,2023-11-26,ST-9,P-63,3
YK-2159,2022-02-22,ST-75,P-41,4
IY-5564,2023-04-17,ST-7,P-82,10
EK-6272,2024-02-13,ST-46,P-56,10
EC-0466,2024-08-18,ST-68,P-81,9
IY-933276,2022-01-10,ST-9,P-31,1
TX-0749,2023-10-17,ST-2,P-24,6
HP-623547,2021-09-28,ST-50,P-61,8
VV-7091,2020-01-13,ST-6,P-19,10
OP-60346,2023-05-28,ST-36,P-22,2
NC-78892,2024-05-13,ST-68,P-41,10
AQ-83348,2021-07-30,ST-56,P-19,4
UG-9309,2022-04-12,ST-4,P-37,3
IH-46864,2021-03-19,ST-36,P-41,5
KK-17085,2021-11-17,ST-69,P-8,2
BK-3984,2022-02-28,ST-53,P-50,1
EF-22065,2023-11-25,ST-65,P-75,10
AN-3184,2024-02-21,ST-74,P-48,3
DP-0589,2021-08-21,ST-36,P-64,2
MD-9232,2023-10-16,ST-46,P-14,5
MU-007471,2024-06-10,ST-21,P-82,3
RN-076677,2021-03-27,ST-30,P-31,6
QO-6571,2021-08-01,ST-55,P-80,9
QB-3559,2023-05-30,ST-40,P-39,2
JS-320600,2021-06-26,ST-18,P-49,3
NJ-026380,2020-03-14,ST-66,P-48,8
LM-9042,2024-08-02,ST-64,P-52,3
ST-82722,2021-12-20,ST-49,P-68,9
GD-364848,2020-11-28,ST-18,P-47,5
IZ-517545,2023-11-21,ST-11,P-68,6
IP-1266,2020-12-10,ST-25,P-75,1
TC-72839,2020-12-18,ST-1,P-7,3
CB-12563,2022-10-14,ST-56,P-35,2
ER-115347,2023-02-06,ST-22,P-26,9
MU-475583,2022-09-22,ST-24,P-88,6
ZQ-906375,2020-09-29,ST-2,P-36,9
FV-4857,2020-12-08,ST-60,P-48,1
XV-994953,2022-06-24,ST-46,P-55,1
PQ-26356,2024-06-03,ST-40,P-83,4
OJ-033882,2022-11-22,ST-22,P-77,8
EW-417165,2021-04-24,ST-39,P-44,4
RZ-322002,2023-07-21,ST-42,P-78,4
OO-6610,2020-02-26,ST-43,P-56,2
AL-993865,2024-09-08,ST-3,P-80,9
ZZ-6750,2024-01-10,ST-24,P-1,1
UK-59448,2022-02-14,ST-71,P-67,2
WN-44187,2020-01-01,ST-52,P-80,2
ID-49122,2022-06-02,ST-16,P-76,9
UB-7285,2020-01-27,ST-10,P-88,5
IW-637558,2024-04-10,ST-58,P-21,2
XJ-97285,2021-03-07,ST-55,P-51,2
TQ-3326,2022-12-15,ST-3,P-47,6
UM-1795,2023-06-24,ST-8,P-6,9
HY-029046,2024-07-20,ST-24,P-60,8
KF-57730,2021-07-25,ST-69,P-40,9
VL-2223,2022-08-12,ST-33,P-21,1
BT-328129,2020-05-22,ST-70,P-36,1
DN-95132,2024-09-26,ST-29,P-77,9
UZ-946818,2022-05-25,ST-19,P-43,3
YF-84418,2024-02-22,ST-55,P-22,10
XJ-7717,2020-02-29,ST-66,P-66,6
BQ-985805,2022-12-31,ST-27,P-27,5
ZA-125070,2021-09-30,ST-21,P-23,2
PE-0364,2021-01-04,ST-54,P-15,7
LJ-37129,2022-04-17,ST-2,P-29,6
NM-24362,2022-08-13,ST-45,P-23,8
MF-05607,2024-09-29,ST-43,P-49,3
TA-108455,2021-07-20,ST-40,P-43,3
OQ-515621,2024-04-28,ST-59,P-78,7
VO-3695,2023-10-16,ST-67,P-23,3
XK-09247,2020-03-06,ST-19,P-32,5
TC-100789,2020-03-26,ST-64,P-16,3
EZ-159917,2021-03-11,ST-56,P-56,1
IN-64746,2021-05-26,ST-56,P-62,4
KL-67588,2024-07-25,ST-2,P-36,2
JT-2216,2023-07-18,ST-44,P-74,2
OH-06062,2021-01-19,ST-10,P-33,9
QI-68942,2022-02-07,ST-64,P-77,2
IT-40331,2021-06-04,ST-46,P-26,8
UR-656531,2024-09-18,ST-28,P-53,4
VA-5866,2022-08-28,ST-18,P-35,4
LH-123280,2022-07-14,ST-44,P-76,8
DT-03046,2023-05-04,ST-52,P-84,8
GL-442322,2022-02-03,ST-19,P-8,4
NI-3331,2023-11-30,ST-9,P-6,2
YQ-6844,2021-10-05,ST-64,P-4,3
UB-5407,2022-12-10,ST-17,P-88,2
PL-116109,2021-05-10,ST-69,P-37,8
SR-45944,2022-04-09,ST-34,P-35,9
OQ-37656,2023-02-13,ST-35,P-73,10
BN-1493,2023-11-08,ST-2,P-15,1
JB-60448,2024-09-09,ST-74,P-36,2
OX-8223,2024-05-25,ST-51,P-44,1
WS-06239,2023-07-15,ST-5,P-23,1
LP-2114,2023-05-24,ST-33,P-64,10
XX-8836,2021-02-06,ST-73,P-61,9
AN-822891,2020-06-28,ST-9,P-3,7
PA-425814,2023-11-15,ST-12,P-26,9
TJ-5520,2022-07-27,ST-42,P-41,10
EA-8319,2024-11-11,ST-12,P-60,1
UB-99832,2021-09-09,ST-37,P-84,1
KR-162429,2021-02-27,ST-69,P-66,7
IW-145482,2021-12-12,ST-24,P-45,4
BV-3643,2023-04-18,ST-61,P-59,6
VP-654807,2020-09-15,ST-14,P-41,4
NX-457473,2021-06-14,ST-51,P-82,9
PA-984832,2022-09-21,ST-15,P-63,1
HF-21599,2023-06-21,ST-52,P-73,7
ZA-1928,2021-04-07,ST-65,P-73,2
MU-9776,2022-01-14,ST-21,P-29,5
YO-94280,2021-03-15,ST-37,P-71,5
YS-6497,2022-07-14,ST-54,P-1,2
FA-974343,2021-11-06,ST-55,P-17,8
DO-782566,2022-06-29,ST-68,P-46,6
NO-08038,2021-11-30,ST-32,P-40,8
YD-343389,2024-05-07,ST-19,P-25,9
UT-958341,2020-05-15,ST-75,P-19,5
MD-549571,2024-04-23,ST-35,P-62,4
ST-55836,2021-05-12,ST-10,P-84,9
EI-8324,2021-05-10,ST-24,P-39,8
VO-79326,2020-01-26,ST-11,P-24,1
WJ-8085,2020-06-02,ST-7,P-30,7
WW-6715,2020-08-04,ST-47,P-46,9
ED-37454,2024-06-04,ST-43,P-70,10
WE-475030,2024-10-15,ST-20,P-40,7
SQ-15876,2024-06-06,ST-51,P-17,5
PD-14386,2020-09-13,ST-32,P-20,5
YR-96926,2023-11-04,ST-3,P-86,10
RH-0031,2024-04-25,ST-6,P-9,1
YN-1765,2021-08-08,ST-27,P-54,5
JY-911949,2021-08-23,ST-23,P-26,1
UQ-985766,2022-11-15,ST-60,P-37,9
NS-5446,2022-02-23,ST-45,P-11,8
UB-088592,2022-10-05,ST-20,P-51,2
XB-30010,2023-05-23,ST-4,P-46,3
EZ-2317,2024-01-28,ST-20,P-65,10
RN-563985,2022-12-08,ST-12,P-10,1
EZ-969062,2023-09-14,ST-50,P-66,9
RA-562793,2024-02-01,ST-67,P-49,8
JR-818361,2021-01-28,ST-72,P-73,10
ND-98239,2022-07-06,ST-52,P-50,9
SD-0303,2020-05-21,ST-3,P-65,9
RA-093722,2023-04-01,ST-47,P-16,3
OW-294556,2021-03-14,ST-11,P-8,7
ZC-3583,2020-10-09,ST-56,P-70,2
EL-9878,2022-04-25,ST-70,P-31,1
KB-89563,2022-02-04,ST-11,P-70,9
HT-75064,2022-08-12,ST-31,P-21,8
RB-9048,2022-06-23,ST-69,P-14,10
XT-923137,2022-07-31,ST-12,P-88,6
CZ-20500,2022-04-10,ST-9,P-24,10
ZV-223353,2023-07-09,ST-72,P-38,5
AA-9439,2021-03-28,ST-33,P-57,7
YG-166339,2022-12-26,ST-52,P-78,6
WM-7622,2021-07-31,ST-53,P-89,6
HO-411481,2020-05-05,ST-69,P-36,5
EL-637548,2022-04-16,ST-30,P-12,4
BK-81461,2024-03-16,ST-17,P-87,2
YJ-639457,2021-08-25,ST-6,P-32,8
FY-0172,2020-03-19,ST-31,P-67,8
OG-366741,2022-06-09,ST-10,P-32,4
GZ-442519,2023-11-11,ST-17,P-3,3
HO-2196,2022-02-05,ST-67,P-61,7
QY-1708,2020-12-02,ST-69,P-6,2
KU-88463,2021-07-26,ST-7,P-12,10
LX-780922,2022-06-02,ST-24,P-22,4
QK-0912,2023-10-17,ST-58,P-74,6
SV-255638,2024-11-09,ST-53,P-9,4
OW-1036,2021-05-31,ST-26,P-79,5
NC-2013,2022-05-31,ST-72,P-65,5
GV-4561,2022-12-09,ST-21,P-83,6
JZ-363278,2020-09-12,ST-70,P-28,6
DB-8618,2022-03-04,ST-63,P-32,3
ID-175765,2021-01-18,ST-25,P-72,4
LJ-248136,2023-05-10,ST-10,P-14,10
PF-00228,2024-04-01,ST-14,P-86,9
IS-80684,2024-05-01,ST-73,P-13,3
NK-5525,2022-12-28,ST-7,P-21,9
WN-2746,2020-03-10,ST-17,P-11,7
QZ-8920,2022-05-23,ST-46,P-58,9
ZF-83284,2020-01-12,ST-34,P-16,3
IM-7402,2022-06-13,ST-12,P-55,8
AR-15481,2022-05-15,ST-18,P-33,3
XM-981477,2022-04-11,ST-54,P-65,2
IT-43432,2022-12-30,ST-63,P-7,7
EB-81138,2024-09-08,ST-47,P-79,5
LC-0122,2023-05-19,ST-15,P-23,2
WP-2842,2021-03-31,ST-14,P-45,3
OB-108356,2021-12-23,ST-12,P-70,4
AI-2675,2021-05-22,ST-7,P-83,3
NU-271540,2023-02-02,ST-63,P-70,8
DI-2921,2022-03-31,ST-6,P-36,4
TN-14894,2020-08-28,ST-67,P-45,9
UI-93668,2020-11-17,ST-14,P-46,10
YZ-7938,2023-05-14,ST-11,P-78,3
AC-846037,2022-06-24,ST-21,P-51,5
TB-591246,2022-07-02,ST-42,P-49,8
XP-237052,2022-11-11,ST-57,P-66,4
TA-9070,2023-04-30,ST-70,P-25,7
CZ-72397,2024-10-13,ST-30,P-66,4
WV-405218,2021-09-17,ST-73,P-24,10
QH-78492,2022-05-29,ST-67,P-8,5
ZQ-04801,2022-05-26,ST-22,P-57,8
MA-8329,2023-11-19,ST-72,P-64,2
OC-7388,2023-09-14,ST-33,P-38,2
DE-5526,2022-05-23,ST-66,P-18,1
SJ-74359,2022-01-07,ST-27,P-17,4
DK-1646,2021-08-16,ST-68,P-43,5
LX-9209,2020-04-05,ST-9,P-47,4
OK-069041,2024-08-18,ST-74,P-31,9
YV-26010,2023-02-12,ST-20,P-83,4
TN-309481,2020-05-18,ST-58,P-4,2
TU-7000,2022-10-15,ST-30,P-61,8
TL-580041,2020-04-12,ST-63,P-76,1
RT-7023,2021-01-01,ST-52,P-24,1
KR-8908,2023-05-10,ST-33,P-8,7
DT-481871,2023-08-31,ST-39,P-53,10
CT-1250,2021-08-25,ST-57,P-25,4
IL-716832,2021-01-29,ST-75,P-54,8
TY-0102,2020-06-03,ST-14,P-59,8
GJ-49998,2023-03-30,ST-27,P-67,5
GY-0956,2020-02-15,ST-39,P-3,9
WD-999160,2023-09-15,ST-49,P-12,5
XN-330242,2022-03-28,ST-56,P-29,10
BE-7282,2020-05-07,ST-38,P-31,8
XU-08841,2020-09-19,ST-21,P-63,2
IN-0465,2023-08-30,ST-29,P-11,6
ZL-683804,2023-02-08,ST-74,P-74,4
DJ-846014,2024-06-06,ST-50,P-63,2
LX-2895,2023-10-15,ST-45,P-71,3
XT-95377,2020-12-03,ST-32,P-70,4
QF-2434,2023-10-01,ST-67,P-45,9
SO-023431,2024-09-05,ST-26,P-85,1
VO-521252,2024-03-07,ST-46,P-76,10
VH-852140,2023-06-01,ST-44,P-21,4
HQ-16721,2022-02-09,ST-13,P-51,10
KA-06490,2020-03-21,ST-37,P-54,7
QP-6954,2022-11-20,ST-6,P-86,6
EY-5093,2020-12-31,ST-32,P-44,3
LQ-651661,2024-05-16,ST-29,P-34,1
IO-337121,2023-12-17,ST-56,P-3,2
DW-66520,2022-10-10,ST-37,P-7,4
QG-65389,2022-02-15,ST-36,P-67,10
AK-761233,2021-01-11,ST-12,P-25,1
JW-4264,2022-07-31,ST-6,P-30,7
UL-621528,2022-11-22,ST-42,P-79,1
UB-640213,2024-08-13,ST-33,P-41,6
SL-941321,2023-03-23,ST-8,P-24,10
XS-186600,2020-10-18,ST-48,P-20,4
OH-75439,2022-04-13,ST-73,P-20,8
GT-6240,2024-08-23,ST-1,P-78,5
NP-534818,2021-08-09,ST-61,P-74,10
KE-011569,2020-01-07,ST-30,P-62,3
SU-8136,2022-09-01,ST-11,P-23,1
BM-468319,2020-07-25,ST-50,P-67,8
BD-9229,2022-02-10,ST-17,P-50,4
JC-8406,2024-06-14,ST-38,P-78,8
ET-807750,2020-10-06,ST-75,P-38,10
CS-4267,2022-12-25,ST-30,P-13,6
RO-7001,2022-11-19,ST-74,P-9,8
MI-997382,2023-10-04,ST-23,P-20,4
KA-0439,2020-12-17,ST-70,P-57,9
IK-3172,2021-01-01,ST-26,P-78,7
WK-59558,2022-08-16,ST-25,P-73,4
FT-15823,2020-06-30,ST-27,P-47,9
JX-527418,2020-04-06,ST-40,P-46,1
VZ-1026,2024-03-01,ST-6,P-59,10
DA-39059,2020-07-17,ST-41,P-57,9
FX-5493,2021-12-06,ST-73,P-34,6
RT-450768,2021-05-07,ST-29,P-31,7
NF-541471,2024-06-14,ST-74,P-40,4
UV-7728,2021-02-13,ST-43,P-45,5
CJ-8884,2020-07-27,ST-15,P-16,4
MS-2285,2023-04-17,ST-64,P-31,5
CL-23125,2021-11-15,ST-10,P-51,9
ZO-293393,2020-06-01,ST-52,P-11,1
KS-987857,2022-11-24,ST-64,P-20,1
JC-642045,2023-11-23,ST-49,P-37,4
XE-19621,2021-05-20,ST-28,P-89,1
YI-155144,2024-10-07,ST-63,P-18,4
OB-8543,2020-10-11,ST-48,P-13,2
XG-564198,2024-08-04,ST-26,P-26,7
LB-777255,2024-03-18,ST-68,P-37,9
MC-110560,2022-11-30,ST-32,P-68,7
QU-605869,2020-10-24,ST-71,P-35,6
JB-5857,2021-11-07,ST-54,P-82,10
CH-9026,2021-02-21,ST-71,P-46,4
CE-53116,2020-09-22,ST-31,P-44,10
IN-525458,2023-12-07,ST-30,P-84,1
NI-0614,2023-02-02,ST-70,P-37,6
UF-2139,2021-07-24,ST-6,P-82,5
DZ-7169,2023-08-17,ST-34,P-18,6
YT-4503,2023-02-02,ST-39,P-81,9
YA-14994,2021-08-10,ST-14,P-28,4
LS-405671,2024-06-25,ST-16,P-19,4
WU-355350,2024-02-07,ST-74,P-87,1
YI-011350,2020-02-17,ST-51,P-7,7
NO-1614,2020-04-05,ST-74,P-28,7
IO-55041,2023-07-20,ST-1,P-62,9
FE-083293,2022-08-30,ST-53,P-80,2
VM-991982,2024-02-18,ST-36,P-34,8
AO-462600,2023-06-12,ST-4,P-33,8
EX-0942,2023-08-11,ST-70,P-84,3
FM-72261,2023-04-13,ST-68,P-35,6
PA-70248,2022-04-10,ST-75,P-51,7
MZ-4566,2023-02-21,ST-53,P-89,8
FL-8059,2023-10-25,ST-47,P-87,4
BD-61604,2021-12-26,ST-51,P-15,6
VM-69813,2020-12-09,ST-57,P-48,8
QG-69806,2020-12-14,ST-72,P-75,2
IC-73045,2021-11-14,ST-55,P-57,8
MA-098669,2021-07-29,ST-32,P-23,2
CW-883443,2023-10-19,ST-68,P-60,2
ZE-936570,2024-03-26,ST-26,P-40,5
WA-52707,2021-04-23,ST-71,P-53,5
FU-90022,2020-11-20,ST-41,P-48,5
VM-7768,2022-07-13,ST-60,P-50,3
OG-0404,2023-03-18,ST-72,P-63,9
RT-35434,2021-06-03,ST-38,P-34,6
SB-17257,2020-08-13,ST-48,P-18,1
OO-803025,2022-09-06,ST-58,P-38,7
WG-9194,2024-08-26,ST-71,P-18,4
SA-9772,2022-03-23,ST-7,P-66,7
RO-79480,2023-05-15,ST-57,P-10,1
UV-2960,2021-06-11,ST-27,P-24,3
WG-1229,2023-12-01,ST-75,P-82,1
EY-33575,2023-04-25,ST-66,P-22,8
SW-046969,2021-12-26,ST-22,P-11,9
JA-389917,2020-05-14,ST-63,P-54,8
ZS-834723,2024-04-26,ST-34,P-60,7
FN-3918,2020-11-01,ST-34,P-13,8
WP-7174,2020-06-21,ST-29,P-58,1
CE-1831,2021-05-02,ST-36,P-18,1
OY-7498,2023-09-01,ST-66,P-58,4
LC-4524,2020-03-01,ST-35,P-30,8
BC-8389,2021-10-11,ST-46,P-49,4
YW-668364,2020-06-05,ST-39,P-66,10
HX-745124,2023-02-09,ST-49,P-25,2
JQ-79451,2022-03-24,ST-52,P-30,7
LY-248708,2022-09-14,ST-34,P-72,6
QT-9778,2021-10-20,ST-1,P-22,2
OK-80673,2023-05-05,ST-56,P-87,8
PE-0943,2023-06-03,ST-11,P-17,7
TC-390787,2023-04-27,ST-25,P-55,2
ZL-8989,2020-03-09,ST-17,P-40,1
KV-5821,2022-11-17,ST-17,P-57,3
VM-6140,2021-07-30,ST-1,P-32,5
WL-141304,2021-09-18,ST-29,P-11,5
AS-06198,2022-12-09,ST-27,P-2,3
DO-17248,2020-05-18,ST-18,P-8,4
SC-5272,2020-08-28,ST-42,P-31,8
UT-762487,2022-11-16,ST-34,P-87,5
YO-6389,2020-10-25,ST-37,P-49,6
DT-472058,2021-06-03,ST-69,P-56,4
MS-6254,2020-06-22,ST-54,P-28,9
BS-11392,2021-04-13,ST-1,P-15,7
BI-59155,2020-08-01,ST-33,P-76,2
YA-188005,2022-03-20,ST-12,P-17,10
LB-9597,2022-07-12,ST-58,P-80,2
GK-15679,2020-08-08,ST-38,P-72,3
LG-67182,2021-04-16,ST-41,P-39,9
PT-6509,2024-05-07,ST-37,P-3,4
VT-69155,2022-04-19,ST-28,P-77,6
HP-93322,2020-02-16,ST-33,P-19,7
AE-594835,2022-07-30,ST-69,P-57,6
MJ-052699,2021-11-25,ST-61,P-52,1
KH-526846,2020-03-23,ST-71,P-43,10
YQ-06511,2023-09-27,ST-47,P-63,6
ZI-5017,2020-12-17,ST-20,P-7,9
EQ-69295,2020-03-31,ST-75,P-21,1
ZA-197949,2021-09-09,ST-15,P-11,2
LD-151227,2020-12-06,ST-63,P-59,6
QX-5549,2022-01-26,ST-50,P-44,4
IN-7550,2020-01-13,ST-59,P-7,5
TO-70500,2021-02-17,ST-44,P-5,7
FD-988618,2022-12-05,ST-16,P-87,9
IT-4104,2023-01-02,ST-9,P-8,4
DW-4959,2023-07-06,ST-65,P-39,6
ZH-489666,2021-07-22,ST-70,P-80,3
BT-470821,2022-04-28,ST-14,P-1,9
JS-6932,2021-03-20,ST-56,P-24,6
SQ-748447,2020-06-17,ST-42,P-78,6
VK-65957,2023-01-16,ST-21,P-80,10
SV-0148,2023-04-24,ST-36,P-55,4
FD-4228,2021-09-04,ST-70,P-35,7
NT-781038,2022-03-10,ST-65,P-53,6
VI-4888,2020-01-30,ST-59,P-70,1
PH-975920,2020-11-30,ST-24,P-24,5
QK-6210,2020-06-12,ST-45,P-81,3
IU-2547,2020-11-03,ST-41,P-26,4
UN-9856,2024-07-26,ST-27,P-5,5
IL-4646,2022-04-16,ST-46,P-28,9
RB-73832,2022-12-28,ST-21,P-52,5
DG-72754,2023-07-02,ST-61,P-25,10
FD-2455,2021-02-24,ST-51,P-36,9
XG-1765,2021-09-07,ST-18,P-27,8
DN-7938,2023-07-15,ST-10,P-31,10
WJ-438170,2020-03-18,ST-37,P-50,3
ZS-769849,2021-03-31,ST-73,P-31,5
MV-5828,2021-04-14,ST-1,P-75,2
VT-982305,2021-12-17,ST-8,P-24,7
VR-579349,2023-03-30,ST-30,P-89,7
JE-65411,2022-06-22,ST-40,P-83,10
OV-267445,2020-04-10,ST-65,P-7,8
BM-862513,2023-05-13,ST-65,P-7,9
ZL-36062,2023-10-11,ST-30,P-71,2
JH-558798,2021-05-17,ST-69,P-10,8
QN-8992,2021-06-10,ST-46,P-3,2
CM-59049,2020-11-17,ST-30,P-72,4
BY-37426,2022-10-14,ST-18,P-51,9
KF-3864,2022-01-01,ST-49,P-63,5
SO-127200,2020-02-20,ST-41,P-58,3
UX-596920,2020-03-29,ST-23,P-42,7
OG-78019,2023-02-01,ST-70,P-37,7
NA-0756,2024-05-23,ST-75,P-6,3
YR-422620,2021-01-15,ST-49,P-48,4
AP-043263,2023-06-27,ST-72,P-9,4
FZ-526681,2024-06-25,ST-73,P-10,10
HS-64511,2023-04-10,ST-33,P-6,2
WU-3330,2020-12-09,ST-16,P-52,8
OY-912125,2020-05-26,ST-7,P-67,10
JO-47388,2022-09-11,ST-40,P-87,10
DM-07651,2020-09-01,ST-45,P-74,4
SF-0474,2020-01-09,ST-36,P-54,1
LO-3525,2020-09-14,ST-12,P-73,1
NY-646465,2022-01-08,ST-53,P-10,4
EU-20875,2020-04-02,ST-12,P-1,5
FV-083797,2023-07-16,ST-24,P-11,10
YA-907334,2023-08-09,ST-52,P-56,4
YL-7153,2022-02-01,ST-72,P-16,4
GN-840108,2023-12-25,ST-12,P-59,10
TM-57068,2023-07-27,ST-60,P-66,10
AA-8476,2020-04-03,ST-49,P-1,7
FF-89466,2022-04-02,ST-52,P-17,8
IW-481919,2021-02-01,ST-40,P-82,3
GT-8252,2024-10-23,ST-74,P-67,8
PU-4937,2022-07-22,ST-64,P-56,1
LS-09928,2021-12-03,ST-55,P-14,8
PA-37997,2021-03-11,ST-69,P-72,1
EM-4894,2022-04-07,ST-61,P-15,7
SC-59702,2024-08-02,ST-72,P-81,3
ZB-42595,2024-02-05,ST-1,P-51,1
VX-40221,2020-05-05,ST-13,P-2,6
BK-4657,2022-07-19,ST-12,P-2,3
KU-43054,2020-09-07,ST-69,P-29,9
MI-86393,2020-08-16,ST-42,P-5,1
JH-3675,2023-01-12,ST-36,P-80,6
GI-9729,2023-10-07,ST-34,P-80,4
KN-91691,2021-12-12,ST-54,P-47,7
HR-989589,2024-01-17,ST-34,P-5,1
KU-228850,2021-05-28,ST-10,P-10,7
YR-43131,2021-12-07,ST-27,P-43,5
SL-972345,2024-10-31,ST-15,P-37,3
RL-132189,2020-04-19,ST-21,P-36,10
MH-541010,2023-03-23,ST-39,P-63,9
BC-27105,2021-01-13,ST-9,P-16,6
IE-464653,2023-05-05,ST-40,P-89,4
AU-763696,2021-03-29,ST-2,P-49,2
AI-11653,2023-06-22,ST-5,P-30,1
AP-086047,2024-03-21,ST-21,P-80,6
VA-06146,2024-06-08,ST-53,P-75,5
HN-31701,2024-06-06,ST-40,P-10,5
YF-5812,2020-09-22,ST-4,P-2,8
TC-112999,2024-01-28,ST-28,P-67,6
AN-942402,2022-03-06,ST-61,P-53,1
QP-6922,2022-08-21,ST-36,P-51,9
WV-1711,2023-05-08,ST-38,P-85,8
VW-585464,2022-06-01,ST-42,P-43,6
VJ-08327,2023-10-31,ST-49,P-58,3
EE-43657,2023-08-21,ST-69,P-22,9
NW-3571,2024-09-14,ST-70,P-28,6
AG-9131,2020-09-28,ST-19,P-88,5
RB-997554,2023-04-28,ST-70,P-10,4
PB-8460,2022-07-08,ST-66,P-20,2
WP-73407,2021-12-15,ST-67,P-59,8
QW-31858,2022-06-22,ST-60,P-47,1
JT-560918,2020-08-06,ST-2,P-75,3
LW-891556,2023-10-08,ST-29,P-36,5
KB-15058,2024-07-01,ST-44,P-73,4
GJ-8929,2024-03-29,ST-59,P-34,10
AW-99658,2022-02-13,ST-5,P-39,5
HO-633324,2021-02-13,ST-51,P-51,9
SF-0115,2021-05-27,ST-32,P-45,3
NE-094860,2022-04-07,ST-55,P-5,5
TO-54399,2023-07-23,ST-7,P-41,4
WW-11529,2021-03-23,ST-45,P-39,5
DG-85602,2023-08-31,ST-60,P-38,1
NG-0700,2021-01-20,ST-49,P-28,3
PH-891368,2022-02-28,ST-42,P-44,9
LK-4901,2020-06-16,ST-37,P-51,1
PH-345828,2022-09-06,ST-68,P-66,6
VT-882313,2021-03-27,ST-57,P-60,8
IE-00071,2020-05-17,ST-42,P-70,6
DJ-79734,2022-03-20,ST-37,P-50,1
EN-222769,2023-01-27,ST-14,P-79,2
TZ-677006,2020-04-28,ST-54,P-59,2
MP-5966,2020-11-27,ST-29,P-85,6
PK-53377,2022-10-17,ST-58,P-40,6
RA-37134,2022-09-09,ST-49,P-66,2
AE-46043,2021-02-18,ST-24,P-76,5
HW-3537,2024-07-19,ST-36,P-57,2
GY-8397,2023-07-26,ST-2,P-53,1
ZS-15604,2024-05-07,ST-70,P-4,10
YH-7290,2023-09-17,ST-74,P-14,10
JG-7621,2021-06-28,ST-19,P-38,7
NV-10686,2020-05-09,ST-22,P-11,1
OY-72553,2024-06-19,ST-54,P-15,1
NJ-0694,2021-03-23,ST-15,P-65,1
IN-68379,2021-03-20,ST-40,P-47,3
QB-85172,2023-01-15,ST-1,P-43,8
UW-0466,2023-03-02,ST-33,P-56,9
CC-4679,2023-04-09,ST-27,P-35,2
TX-5765,2020-05-18,ST-38,P-48,7
VN-3444,2020-05-25,ST-26,P-43,2
YR-77539,2021-12-24,ST-27,P-18,4
PW-1523,2023-10-10,ST-26,P-56,7
AO-11711,2020-08-19,ST-44,P-8,1
NT-3764,2024-01-30,ST-38,P-86,9
DA-37701,2021-07-20,ST-56,P-75,8
SC-4892,2020-11-29,ST-73,P-72,9
UT-134131,2022-12-12,ST-6,P-3,1
AP-8321,2020-01-22,ST-41,P-56,1
EE-141288,2021-01-03,ST-15,P-73,4
FD-765197,2021-09-01,ST-75,P-15,5
GK-5034,2020-08-09,ST-30,P-44,1
NJ-857081,2024-07-05,ST-11,P-61,6
CC-2883,2024-11-06,ST-18,P-7,2
ZK-21309,2022-05-08,ST-25,P-45,6
AS-919968,2024-11-02,ST-74,P-25,10
WA-83660,2020-03-22,ST-34,P-66,4
OL-9482,2024-09-01,ST-13,P-42,7
JV-702596,2023-11-19,ST-67,P-8,4
LU-805948,2024-08-01,ST-19,P-51,4
EH-461586,2022-08-08,ST-38,P-38,1
WF-2897,2020-11-20,ST-64,P-65,10
SZ-780747,2024-08-02,ST-46,P-46,9
XU-8114,2020-08-05,ST-22,P-22,4
DN-01545,2023-05-17,ST-4,P-79,5
BJ-69580,2020-03-09,ST-16,P-38,1
BU-712909,2022-02-03,ST-31,P-12,7
EL-84718,2020-01-14,ST-1,P-61,8
WV-92553,2023-08-30,ST-41,P-17,9
NQ-5296,2024-03-02,ST-12,P-6,9
DB-3263,2023-07-07,ST-57,P-62,5
OG-280140,2022-10-19,ST-14,P-53,4
AL-2594,2023-02-26,ST-32,P-64,6
AF-811947,2022-02-22,ST-4,P-79,5
LV-709602,2021-12-07,ST-53,P-58,9
PG-950154,2022-04-09,ST-70,P-39,10
DX-42836,2020-10-19,ST-53,P-63,2
QT-67144,2022-09-27,ST-59,P-58,1
MH-55659,2022-02-28,ST-42,P-25,10
BL-771251,2022-06-16,ST-65,P-13,9
GD-8234,2020-11-06,ST-51,P-87,7
TS-3286,2021-08-14,ST-28,P-1,2
KC-4121,2023-04-02,ST-19,P-10,9
XC-5915,2024-08-14,ST-56,P-21,10
QU-16180,2024-06-20,ST-25,P-6,9
KI-2402,2023-01-03,ST-59,P-63,8
NR-151115,2022-04-16,ST-75,P-72,9
XN-5578,2020-06-30,ST-36,P-72,8
MK-7054,2020-09-18,ST-17,P-2,6
UC-48797,2020-03-21,ST-62,P-87,9
LP-82889,2022-04-22,ST-1,P-53,6
KY-5845,2024-09-18,ST-62,P-10,5
MB-37246,2020-12-11,ST-19,P-45,4
PE-4627,2021-04-17,ST-72,P-29,8
UD-2104,2024-02-08,ST-12,P-77,7
GV-3840,2024-06-09,ST-22,P-32,10
BP-9417,2024-09-18,ST-11,P-51,6
JH-5046,2020-10-04,ST-47,P-19,1
HO-357874,2021-08-08,ST-32,P-85,7
JK-6608,2023-03-09,ST-28,P-24,10
GY-69040,2020-03-09,ST-19,P-74,3
ES-290900,2023-05-06,ST-35,P-2,1
TT-2783,2023-05-02,ST-40,P-74,10
OA-036039,2020-10-11,ST-58,P-7,2
DW-69595,2023-09-30,ST-19,P-45,7
QL-3565,2021-08-31,ST-2,P-40,8
KB-1019,2021-07-03,ST-51,P-8,4
MD-669680,2024-08-07,ST-45,P-53,8
XW-49294,2021-10-28,ST-41,P-29,4
RR-2530,2023-06-05,ST-64,P-77,6
XJ-195806,2020-01-09,ST-11,P-35,2
VC-5361,2024-03-05,ST-56,P-62,6
RQ-819374,2023-04-13,ST-61,P-55,7
QB-9160,2023-04-11,ST-73,P-85,8
FE-6692,2023-10-01,ST-43,P-35,6
MW-001748,2024-02-23,ST-61,P-89,7
DQ-907279,2020-02-12,ST-11,P-36,1
DJ-767609,2022-04-12,ST-57,P-7,4
OX-07056,2020-12-20,ST-25,P-43,10
DS-5069,2022-07-24,ST-65,P-1,1
RG-317328,2022-08-27,ST-61,P-83,9
GJ-52707,2020-03-27,ST-75,P-16,3
IG-4883,2023-08-16,ST-49,P-74,8
BD-5098,2021-09-15,ST-7,P-28,1
TE-1446,2024-08-17,ST-48,P-60,1
VE-26123,2024-10-23,ST-52,P-53,1
CS-420382,2023-01-12,ST-72,P-26,7
TZ-81971,2023-05-15,ST-19,P-49,9
PP-49049,2022-06-28,ST-19,P-33,3
LZ-3994,2024-08-12,ST-60,P-13,1
PN-293480,2023-09-26,ST-71,P-7,4
XM-30611,2022-11-13,ST-43,P-7,2
EA-86013,2020-08-16,ST-52,P-19,5
ZZ-77134,2020-08-15,ST-19,P-25,4
CU-31963,2020-11-26,ST-64,P-63,4
TG-752475,2024-07-04,ST-8,P-32,10
VZ-440611,2022-03-12,ST-51,P-26,2
TM-18978,2022-01-12,ST-53,P-20,9
DA-971471,2023-07-22,ST-27,P-82,7
QV-9481,2022-12-03,ST-20,P-10,4
RI-1736,2021-03-09,ST-13,P-50,3
AA-35355,2024-04-13,ST-66,P-48,10
PN-9163,2020-04-12,ST-20,P-22,5
XG-777497,2023-03-19,ST-46,P-39,10
ZE-10434,2022-01-23,ST-32,P-14,10
TS-2719,2021-03-12,ST-70,P-7,8
YU-1909,2020-11-28,ST-58,P-41,5
AP-301270,2021-06-18,ST-41,P-24,3
GZ-6248,2021-10-30,ST-46,P-32,7
PG-197317,2022-11-18,ST-71,P-75,7
ZM-83689,2020-08-07,ST-40,P-44,2
OA-62329,2021-09-26,ST-29,P-29,5
AX-2313,2020-09-25,ST-60,P-54,4
KX-459738,2021-01-12,ST-19,P-61,4
EM-04982,2021-10-17,ST-65,P-47,8
YD-522298,2020-09-06,ST-6,P-35,8
ZF-477264,2021-09-14,ST-14,P-25,2
OE-4535,2022-11-16,ST-59,P-68,8
VH-3280,2021-04-15,ST-60,P-49,3
VK-63685,2020-06-24,ST-66,P-89,7
WG-6396,2021-11-24,ST-60,P-80,6
XD-4997,2022-05-28,ST-28,P-49,4
BB-276502,2020-01-30,ST-42,P-16,10
AX-336813,2022-02-20,ST-5,P-21,8
ND-6328,2021-06-10,ST-52,P-34,9
QT-509070,2020-08-07,ST-69,P-50,6
FA-080952,2022-10-16,ST-67,P-3,1
KF-9053,2021-06-28,ST-36,P-70,1
JH-50928,2024-07-01,ST-55,P-79,9
LF-81151,2022-08-02,ST-29,P-85,1
YZ-311426,2023-06-17,ST-22,P-78,6
JY-546755,2024-07-02,ST-9,P-39,7
FQ-874149,2020-12-05,ST-55,P-89,7
YJ-45289,2022-11-05,ST-69,P-70,8
BW-6273,2023-12-01,ST-25,P-21,9
BC-672512,2022-05-22,ST-38,P-31,7
GO-13807,2021-02-28,ST-61,P-49,6
ZC-72138,2022-08-31,ST-36,P-30,9
CA-7279,2022-08-03,ST-44,P-62,3
LE-60738,2024-03-29,ST-62,P-2,10
WX-44232,2021-09-29,ST-37,P-66,4
NS-5347,2021-04-20,ST-43,P-25,7
CN-4529,2021-05-27,ST-2,P-49,9
RX-14085,2021-12-07,ST-21,P-37,9
SL-4734,2020-07-19,ST-5,P-9,9
QK-915778,2021-07-20,ST-52,P-51,6
SZ-02585,2022-09-13,ST-25,P-59,6
SQ-10154,2023-12-09,ST-5,P-77,5
GS-6286,2022-02-19,ST-35,P-26,3
TY-72189,2021-01-12,ST-37,P-48,10
ZA-119849,2020-04-02,ST-33,P-65,10
HA-28528,2024-05-07,ST-44,P-50,5
EJ-805124,2021-07-21,ST-24,P-55,1
RA-4701,2020-01-01,ST-33,P-72,7
UT-002173,2020-07-20,ST-7,P-35,1
VK-64675,2020-04-27,ST-62,P-72,3
GJ-31311,2024-10-28,ST-1,P-67,10
QG-5448,2022-08-08,ST-60,P-54,1
CV-354713,2023-12-27,ST-48,P-14,9
VJ-814424,2022-04-01,ST-12,P-20,6
GB-062943,2022-06-11,ST-26,P-31,7
CV-8440,2023-12-30,ST-42,P-89,9
OJ-119806,2023-07-18,ST-36,P-57,8
AQ-947854,2021-04-11,ST-4,P-26,2
OW-04729,2024-10-09,ST-2,P-85,8
IT-86550,2024-02-24,ST-65,P-53,5
NR-1048,2021-08-07,ST-14,P-54,9
VD-156610,2020-06-12,ST-36,P-42,6
TB-82977,2022-05-23,ST-8,P-53,7
YT-4709,2022-07-05,ST-30,P-24,4
XE-51739,2023-07-22,ST-26,P-5,3
AG-02316,2023-01-29,ST-12,P-83,4
RI-106126,2023-08-17,ST-63,P-53,3
PC-1852,2021-03-21,ST-51,P-65,6
ZK-26915,2023-11-24,ST-62,P-9,5
XI-13351,2021-09-11,ST-2,P-20,7
QI-46608,2023-04-13,ST-28,P-66,2
GX-79272,2024-06-22,ST-14,P-39,5
PJ-2768,2021-07-18,ST-71,P-15,10
IT-544372,2021-01-11,ST-21,P-30,5
GB-4835,2020-05-28,ST-31,P-21,2
YD-9871,2023-10-21,ST-34,P-29,5
BM-00922,2020-03-11,ST-60,P-17,3
FH-735748,2021-11-30,ST-63,P-41,7
GU-74363,2021-02-13,ST-14,P-62,4
YR-231181,2021-10-19,ST-30,P-52,8
TE-346279,2023-06-11,ST-34,P-63,10
PD-03994,2023-08-10,ST-68,P-9,8
VN-59374,2023-03-24,ST-48,P-10,4
QM-903750,2022-01-18,ST-25,P-15,8
DC-043397,2023-02-11,ST-71,P-1,4
KR-072297,2022-10-05,ST-20,P-4,6
LB-4988,2023-12-12,ST-61,P-88,10
WO-728510,2022-08-27,ST-15,P-88,7
EX-866736,2023-02-28,ST-15,P-50,10
IF-892625,2022-03-25,ST-64,P-5,5
PM-1761,2020-07-24,ST-56,P-17,4
PY-11176,2021-01-22,ST-55,P-39,1
JX-81847,2021-06-01,ST-60,P-88,10
GH-34842,2023-07-10,ST-47,P-45,3
UG-716415,2023-10-02,ST-68,P-24,6
JB-1940,2023-01-27,ST-9,P-68,7
OQ-78449,2021-09-24,ST-50,P-74,4
WF-790206,2021-06-27,ST-21,P-9,8
SU-1806,2024-09-07,ST-72,P-74,6
XH-334801,2021-10-22,ST-28,P-78,5
MK-3270,2024-05-01,ST-5,P-23,4
HV-410790,2021-06-06,ST-11,P-33,5
ZS-8101,2022-04-18,ST-12,P-70,3
QC-34302,2020-08-26,ST-65,P-71,2
OD-38942,2021-03-02,ST-69,P-7,5
FH-962127,2020-07-10,ST-6,P-18,3
FN-25271,2024-06-24,ST-67,P-67,3
DM-36677,2023-12-13,ST-27,P-2,5
OX-1320,2023-06-08,ST-15,P-34,9
HN-60138,2020-11-19,ST-27,P-52,7
KR-3630,2024-04-29,ST-27,P-71,5
YC-3269,2021-01-16,ST-50,P-1,4
XD-019566,2022-11-10,ST-69,P-57,1
LQ-5700,2020-03-01,ST-48,P-20,4
AE-0191,2022-05-18,ST-28,P-3,10
ID-78206,2022-07-31,ST-35,P-69,2
ZK-52672,2023-09-18,ST-59,P-86,1
ZQ-627695,2021-03-10,ST-49,P-57,9
HM-9833,2021-11-16,ST-43,P-2,2
GU-200383,2021-04-05,ST-25,P-70,1
FH-35262,2022-01-07,ST-37,P-4,1
DB-9278,2022-09-28,ST-60,P-63,7
AK-4705,2023-12-20,ST-41,P-7,7
AF-735888,2023-01-13,ST-21,P-21,4
YL-67072,2021-04-16,ST-11,P-66,7
SM-48657,2022-01-13,ST-20,P-30,6
UJ-71582,2021-01-25,ST-70,P-3,9
ZV-07436,2021-03-21,ST-62,P-82,3
IU-1387,2021-06-16,ST-2,P-28,9
GT-03727,2023-11-22,ST-24,P-38,9
SO-672808,2021-04-09,ST-14,P-88,5
FI-5511,2024-10-04,ST-46,P-9,4
AS-04634,2020-08-29,ST-14,P-56,4
DW-281457,2022-06-25,ST-22,P-8,2
ED-9956,2024-05-09,ST-59,P-50,7
FV-37500,2024-01-06,ST-40,P-52,2
GQ-337523,2022-05-17,ST-62,P-58,5
TC-202664,2020-05-29,ST-29,P-33,6
VE-068203,2023-05-28,ST-40,P-74,6
ZZ-062406,2022-08-06,ST-26,P-30,5
OU-213139,2023-07-26,ST-39,P-48,7
CS-56080,2021-12-21,ST-45,P-15,7
PU-8514,2021-02-17,ST-40,P-27,5
SX-5217,2023-12-23,ST-28,P-4,8
GS-335131,2022-08-05,ST-38,P-7,1
PX-30270,2024-10-12,ST-10,P-33,8
SP-03360,2024-05-26,ST-2,P-73,3
RF-45090,2020-10-02,ST-47,P-38,3
FR-93211,2022-11-27,ST-60,P-51,10
KW-962128,2021-03-29,ST-59,P-30,8
XL-48587,2021-08-23,ST-45,P-70,4
QI-6180,2022-10-08,ST-34,P-25,4
BM-93944,2021-08-19,ST-43,P-61,1
CY-4071,2020-09-13,ST-38,P-77,3
AG-300853,2023-04-06,ST-7,P-37,8
WR-069950,2020-09-16,ST-14,P-75,4
DV-79838,2022-07-10,ST-69,P-50,2
EV-555025,2024-09-14,ST-2,P-5,10
XF-46828,2023-02-26,ST-40,P-14,4
UY-9564,2020-07-28,ST-57,P-54,4
YC-3181,2020-01-19,ST-19,P-54,7
GQ-87553,2021-12-31,ST-19,P-78,7
LT-90470,2020-06-11,ST-67,P-8,4
JK-01640,2021-09-15,ST-14,P-41,1
LU-9056,2024-04-08,ST-65,P-1,1
EW-498765,2022-09-05,ST-16,P-55,7
YI-45238,2022-03-05,ST-45,P-22,4
QI-189852,2020-12-24,ST-50,P-51,6
ET-537333,2024-09-04,ST-1,P-7,5
NV-627698,2021-04-03,ST-66,P-46,6
IA-022737,2021-08-08,ST-10,P-13,3
CA-7141,2023-01-13,ST-4,P-19,2
EK-4320,2024-06-28,ST-62,P-43,3
WA-4320,2022-06-10,ST-48,P-40,8
CX-987503,2020-09-03,ST-20,P-81,4
ZM-42112,2022-08-05,ST-60,P-76,2
HP-16894,2023-02-05,ST-12,P-13,10
PP-310268,2021-10-28,ST-70,P-57,2
QU-0519,2021-06-01,ST-33,P-36,6
JG-949898,2020-12-19,ST-75,P-55,6
QL-0612,2022-01-11,ST-59,P-73,8
BD-18613,2023-08-26,ST-74,P-57,5
GN-85698,2022-12-14,ST-60,P-7,8
GR-0829,2020-06-29,ST-55,P-21,1
VL-2875,2023-07-02,ST-12,P-66,9
HE-840720,2020-01-21,ST-36,P-17,1
RB-01728,2022-12-03,ST-49,P-84,2
MP-687934,2021-09-02,ST-23,P-30,2
EO-087003,2023-07-12,ST-68,P-65,10
RA-658631,2020-02-17,ST-54,P-25,9
ID-62232,2021-06-17,ST-72,P-35,3
LT-40873,2024-07-18,ST-35,P-40,7
UJ-00566,2024-03-17,ST-71,P-82,3
LM-0686,2020-05-24,ST-53,P-52,1
TX-369424,2020-07-13,ST-13,P-62,6
II-310214,2024-10-30,ST-73,P-11,3
FB-868350,2021-11-07,ST-21,P-4,10
QC-996616,2022-09-09,ST-17,P-44,7
SE-606125,2023-12-26,ST-28,P-56,5
CF-2777,2024-08-07,ST-14,P-19,1
ZZ-058961,2021-02-06,ST-74,P-62,2
TB-931901,2021-05-21,ST-57,P-77,6
SG-847573,2020-01-17,ST-34,P-62,9
QL-37307,2021-12-13,ST-12,P-77,2
XP-174139,2021-06-05,ST-64,P-48,7
TL-035690,2024-02-14,ST-59,P-41,10
SL-186137,2020-06-07,ST-67,P-6,4
WL-0622,2024-01-24,ST-58,P-45,5
NI-70475,2020-05-09,ST-18,P-3,6
FH-963397,2024-05-10,ST-20,P-22,8
EJ-81061,2024-01-15,ST-30,P-23,2
NM-67838,2022-07-29,ST-67,P-82,7
TI-39545,2022-03-19,ST-18,P-58,6
QO-75383,2023-08-06,ST-52,P-2,1
LV-146554,2023-11-11,ST-48,P-83,4
TT-1854,2020-08-30,ST-19,P-39,10
IE-0452,2023-03-27,ST-24,P-84,2
CD-1029,2021-12-26,ST-54,P-28,10
XE-399794,2024-02-29,ST-58,P-18,6
SB-9475,2022-08-18,ST-74,P-50,3
II-599318,2024-01-31,ST-66,P-26,1
HC-337343,2020-06-09,ST-11,P-12,10
DW-98727,2023-09-10,ST-4,P-86,3
WX-097524,2023-08-15,ST-49,P-21,3
FI-62380,2024-05-16,ST-36,P-73,2
OX-646919,2023-03-12,ST-25,P-64,3
VQ-1653,2023-04-30,ST-58,P-81,9
NT-908846,2021-07-21,ST-46,P-40,7
VD-3966,2020-06-29,ST-10,P-50,10
BG-0013,2024-02-16,ST-57,P-22,2
ST-896336,2021-03-15,ST-72,P-89,5
IK-35434,2022-04-07,ST-4,P-77,7
QI-290972,2024-08-29,ST-65,P-12,6
TV-49681,2021-07-09,ST-37,P-61,4
AW-0932,2024-08-21,ST-58,P-28,2
JE-980470,2023-02-10,ST-28,P-33,5
ZA-4222,2020-01-25,ST-2,P-55,7
VA-44742,2020-06-05,ST-42,P-33,1
YV-10860,2023-06-05,ST-25,P-80,4
CP-80144,2021-01-05,ST-4,P-83,7
XX-261955,2022-12-07,ST-45,P-16,6
CC-350844,2022-04-23,ST-36,P-84,6
TL-66336,2020-04-17,ST-56,P-65,2
VQ-56400,2024-01-12,ST-36,P-32,7
VQ-20656,2024-08-20,ST-60,P-62,1
KI-3192,2021-04-16,ST-35,P-77,1
HI-47611,2020-06-07,ST-68,P-17,9
SJ-55086,2023-05-19,ST-2,P-26,2
RH-506341,2024-04-29,ST-75,P-89,10
GR-4141,2022-05-18,ST-8,P-24,10
RZ-19302,2021-10-30,ST-42,P-35,5
TU-851985,2021-09-19,ST-46,P-25,4
MU-02077,2021-11-22,ST-19,P-47,4
ZN-937196,2021-07-02,ST-47,P-42,4
SL-4012,2021-03-13,ST-33,P-86,10
OP-111709,2020-01-29,ST-55,P-31,10
HA-716861,2024-10-19,ST-27,P-52,5
VN-69525,2024-07-14,ST-40,P-17,10
GE-503531,2020-06-23,ST-63,P-5,6
WU-2672,2022-01-31,ST-34,P-50,1
JI-8342,2022-05-11,ST-15,P-65,9
WC-2640,2021-04-03,ST-55,P-36,6
EJ-894082,2023-10-30,ST-62,P-20,5
QS-36199,2020-05-01,ST-49,P-49,7
CU-21565,2020-04-30,ST-30,P-74,9
NJ-931992,2023-05-24,ST-75,P-26,9
KB-195530,2020-04-13,ST-7,P-33,5
TD-23568,2024-06-25,ST-31,P-57,3
GH-482647,2020-09-18,ST-50,P-40,5
FH-8962,2024-03-15,ST-12,P-3,10
NH-01228,2023-04-08,ST-37,P-49,9
UT-91468,2022-05-31,ST-70,P-30,2
MJ-000689,2021-08-11,ST-30,P-63,4
LN-90659,2023-01-12,ST-59,P-88,4
ZO-804220,2024-08-27,ST-37,P-64,7
HV-7949,2023-06-24,ST-73,P-65,6
VO-7001,2021-04-21,ST-2,P-18,5
UE-7585,2021-03-23,ST-18,P-2,5
BT-56941,2024-04-29,ST-72,P-29,3
LN-9705,2024-08-07,ST-51,P-79,5
OZ-84602,2023-07-11,ST-66,P-5,2
IV-265578,2021-01-24,ST-16,P-57,4
ED-8685,2024-03-14,ST-72,P-34,1
EP-74440,2023-04-01,ST-24,P-58,8
KT-26538,2021-07-03,ST-9,P-73,1
YS-15650,2023-07-19,ST-6,P-27,2
VL-3203,2021-12-18,ST-51,P-52,5
CW-954014,2021-07-16,ST-75,P-27,9
PO-422194,2021-08-04,ST-39,P-82,2
NW-76507,2022-06-18,ST-66,P-85,9
BI-97391,2021-05-28,ST-16,P-10,4
TF-5763,2023-05-16,ST-21,P-34,3
BI-49090,2023-06-04,ST-69,P-55,3
WO-0664,2023-10-11,ST-64,P-32,10
CY-618692,2021-02-10,ST-38,P-64,1
PT-61829,2022-07-11,ST-36,P-55,6
AZ-761882,2020-06-03,ST-65,P-59,4
KJ-227955,2024-06-11,ST-75,P-35,10
OQ-99011,2021-02-15,ST-17,P-76,1
ZR-17634,2024-08-08,ST-69,P-80,5
TS-1501,2021-10-23,ST-40,P-7,6
XV-2775,2021-06-17,ST-37,P-7,8
NS-7321,2020-09-30,ST-46,P-33,6
NR-09652,2023-05-13,ST-17,P-13,10
ZC-740491,2020-03-09,ST-28,P-62,2
DL-972151,2020-03-15,ST-61,P-35,9
VK-7228,2021-11-13,ST-27,P-34,1
XV-145816,2021-12-31,ST-14,P-48,5
LF-3018,2022-07-20,ST-58,P-80,8
WK-9888,2022-11-04,ST-16,P-62,2
CU-09903,2022-07-22,ST-45,P-60,9
VC-51164,2024-04-23,ST-46,P-14,3
RP-0316,2020-01-11,ST-45,P-76,1
LZ-8092,2022-11-01,ST-5,P-81,10
FA-7382,2020-03-23,ST-20,P-53,8
WD-920720,2020-04-13,ST-18,P-53,9
EI-513444,2023-03-28,ST-25,P-6,7
AW-6102,2024-09-28,ST-42,P-83,10
MI-984069,2024-07-31,ST-64,P-29,5
PO-91114,2023-10-03,ST-44,P-64,3
SU-547560,2024-01-04,ST-48,P-68,7
LC-779617,2023-03-24,ST-53,P-29,1
JB-5326,2024-08-30,ST-73,P-47,5
PE-791398,2023-11-10,ST-40,P-41,7
VU-62806,2024-01-21,ST-9,P-13,6
DZ-58217,2023-06-20,ST-6,P-27,7
ME-03266,2024-05-22,ST-32,P-46,8
KY-63589,2020-11-08,ST-9,P-56,1
KF-0689,2022-01-16,ST-39,P-56,10
TU-46659,2020-12-25,ST-8,P-17,10
YL-01968,2023-11-03,ST-34,P-76,10
VZ-1256,2022-10-17,ST-30,P-54,2
VI-09143,2024-05-15,ST-52,P-19,9
LI-866193,2020-08-21,ST-49,P-6,3
RB-30907,2020-10-06,ST-2,P-29,6
DH-6249,2021-08-21,ST-60,P-28,9
HN-645726,2023-04-14,ST-37,P-29,10
ES-807285,2021-04-12,ST-70,P-11,8
YO-716645,2020-05-15,ST-75,P-33,3
LW-76638,2021-06-08,ST-10,P-63,7
GD-26921,2022-08-28,ST-74,P-86,5
LG-6899,2023-07-11,ST-42,P-1,8
IW-7671,2020-06-04,ST-45,P-80,3
EK-58185,2020-10-05,ST-16,P-29,4
AO-53132,2022-07-29,ST-11,P-30,7
UB-554979,2020-09-18,ST-19,P-33,2
JV-984945,2021-07-23,ST-72,P-16,5
YH-3237,2022-12-15,ST-62,P-54,9
IS-27471,2021-11-05,ST-6,P-19,1
RW-04583,2024-07-04,ST-10,P-20,8
NS-94974,2023-11-08,ST-54,P-57,6
JX-9602,2023-07-28,ST-62,P-56,8
XR-9195,2022-09-02,ST-66,P-59,3
BA-4286,2024-07-08,ST-48,P-4,7
ZP-7930,2021-01-21,ST-20,P-23,3
LL-92929,2020-06-22,ST-18,P-66,6
ID-4795,2020-09-27,ST-35,P-82,5
AT-027444,2022-01-16,ST-35,P-61,5
YZ-879542,2024-03-22,ST-45,P-60,1
FY-879294,2020-05-06,ST-5,P-28,3
ML-006641,2020-08-28,ST-43,P-8,7
XL-0969,2020-11-10,ST-23,P-56,2
KN-59892,2023-09-28,ST-65,P-21,8
KC-55457,2020-06-05,ST-21,P-8,1
YM-08550,2024-09-12,ST-58,P-23,8
YJ-82644,2021-10-18,ST-2,P-33,8
SK-0502,2024-09-10,ST-40,P-87,10
EB-911415,2022-07-12,ST-3,P-28,6
EQ-7705,2021-08-31,ST-22,P-27,6
NL-4102,2022-01-01,ST-12,P-48,4
HQ-42087,2021-01-02,ST-73,P-83,9
SE-60893,2020-06-15,ST-49,P-12,4
ZN-6782,2021-09-29,ST-11,P-8,4
MA-975842,2020-02-17,ST-75,P-53,3
GZ-46827,2024-11-01,ST-30,P-14,9
HD-16327,2023-08-06,ST-65,P-69,2
KH-838057,2021-01-30,ST-16,P-51,10
WQ-5319,2021-08-31,ST-43,P-23,6
HL-85392,2021-08-20,ST-2,P-11,1
WD-874220,2024-02-23,ST-40,P-18,9
YT-97801,2021-08-21,ST-60,P-32,10
WT-21324,2020-04-20,ST-69,P-4,2
QJ-9831,2020-04-12,ST-62,P-22,10
SK-6717,2021-02-07,ST-12,P-29,8
UH-4297,2023-05-01,ST-19,P-19,7
BT-96766,2022-10-02,ST-32,P-27,9
PK-50387,2020-12-26,ST-25,P-23,5
JH-757064,2024-05-10,ST-26,P-49,2
OF-1521,2021-03-30,ST-67,P-68,2
HC-350876,2020-02-07,ST-18,P-50,1
SX-1682,2023-12-24,ST-36,P-80,9
HN-888780,2022-09-04,ST-10,P-20,5
QM-08267,2021-04-25,ST-63,P-43,8
NR-76616,2024-06-15,ST-49,P-14,1
TK-602317,2023-01-05,ST-25,P-21,3
CD-840359,2021-05-14,ST-11,P-73,6
CJ-6165,2022-03-21,ST-58,P-61,2
VK-963662,2020-01-09,ST-59,P-36,1
IY-175377,2024-10-28,ST-11,P-58,10
ZZ-281957,2021-05-05,ST-9,P-89,8
AY-8485,2023-12-09,ST-47,P-66,8
CL-641249,2022-06-28,ST-44,P-20,5
NW-76216,2021-07-12,ST-64,P-50,2
BI-5761,2021-08-01,ST-50,P-45,10
AE-181382,2024-08-21,ST-2,P-66,2
AI-12414,2021-05-27,ST-42,P-20,1
MY-95458,2023-04-25,ST-19,P-82,6
DQ-0384,2024-08-26,ST-5,P-51,8
LN-7343,2021-08-20,ST-20,P-63,4
YM-22401,2022-01-17,ST-36,P-37,8
FA-849690,2023-06-06,ST-68,P-23,10
SX-805904,2020-05-19,ST-38,P-48,3
JM-047805,2023-04-23,ST-48,P-69,9
UH-3190,2023-02-01,ST-36,P-36,4
ZY-96836,2024-09-13,ST-63,P-4,4
NX-372305,2021-09-11,ST-71,P-84,2
VV-702066,2022-11-22,ST-42,P-22,2
LP-8145,2020-02-17,ST-75,P-5,5
JA-701647,2021-12-29,ST-72,P-68,9
PW-306935,2021-04-21,ST-51,P-89,7
SD-32072,2023-07-16,ST-23,P-33,2
JV-998403,2020-10-19,ST-46,P-81,9
PZ-30332,2020-10-11,ST-43,P-27,1
SN-51724,2024-06-21,ST-55,P-42,1
TB-46724,2024-06-15,ST-11,P-46,5
CK-0045,2024-10-05,ST-36,P-55,6
IO-384032,2020-10-11,ST-68,P-40,10
ZE-53013,2020-02-10,ST-16,P-72,3
UV-57291,2020-02-02,ST-20,P-76,8
RL-79473,2021-01-08,ST-64,P-3,5
YE-0328,2023-01-28,ST-9,P-30,5
HM-5960,2023-10-22,ST-44,P-62,9
ND-6604,2023-08-02,ST-44,P-75,2
RQ-810827,2022-03-30,ST-71,P-78,7
GY-474030,2023-04-26,ST-23,P-2,7
ZS-31927,2024-10-31,ST-36,P-70,7
BA-5673,2023-12-21,ST-5,P-20,6
CR-7116,2024-01-01,ST-73,P-9,6
YD-5188,2020-08-24,ST-57,P-43,9
YA-6166,2023-11-27,ST-51,P-65,6
WR-26027,2024-04-04,ST-25,P-44,9
GB-67916,2023-03-12,ST-75,P-1,8
AZ-592121,2022-11-01,ST-75,P-27,9
SB-743386,2024-02-25,ST-63,P-13,8
BV-18384,2021-07-10,ST-8,P-58,1
PU-418472,2024-07-16,ST-20,P-53,7
JE-7263,2020-07-01,ST-34,P-25,8
ID-3477,2024-02-07,ST-10,P-54,1
YE-54616,2020-06-12,ST-56,P-61,7
WS-10629,2024-06-19,ST-75,P-74,1
HV-5078,2022-10-29,ST-58,P-56,9
IW-29686,2021-10-06,ST-36,P-6,10
NM-408052,2024-07-31,ST-57,P-10,7
DD-603750,2020-09-16,ST-28,P-69,5
KY-3381,2020-07-29,ST-75,P-76,6
DZ-8057,2020-05-23,ST-62,P-14,8
IB-57347,2024-02-18,ST-72,P-13,10
CW-6036,2021-10-07,ST-27,P-46,9
GC-925547,2024-04-01,ST-17,P-41,4
FG-8486,2020-09-14,ST-12,P-59,5
TU-1241,2022-11-08,ST-45,P-7,2
RR-1845,2023-08-07,ST-57,P-76,4
NE-515777,2020-07-27,ST-6,P-51,9
YV-483206,2023-06-21,ST-72,P-80,3
CZ-09963,2023-05-13,ST-4,P-48,8
WE-0775,2023-10-25,ST-65,P-15,4
WO-082107,2023-11-25,ST-25,P-40,6
ER-404098,2020-04-05,ST-22,P-42,6
VU-0665,2024-09-15,ST-73,P-65,5
ZW-978658,2022-08-09,ST-74,P-69,6
KO-6750,2020-01-05,ST-34,P-63,7
QY-06636,2024-03-11,ST-23,P-13,2
HZ-3989,2020-02-09,ST-54,P-82,10
LL-46902,2024-08-03,ST-43,P-38,10
ZB-654516,2023-12-29,ST-4,P-87,8
KG-0184,2023-06-19,ST-50,P-40,5
NW-45565,2021-01-27,ST-55,P-39,3
YW-185230,2020-07-20,ST-25,P-87,6
GW-904525,2021-09-20,ST-52,P-49,10
QQ-5020,2020-01-05,ST-2,P-23,9
GY-9371,2022-07-14,ST-71,P-62,5
VZ-8095,2022-06-05,ST-36,P-46,3
LU-1568,2020-06-07,ST-59,P-72,1
EL-87931,2020-02-20,ST-70,P-34,3
RE-131684,2023-02-25,ST-29,P-42,9
NH-174678,2022-01-29,ST-54,P-5,5
KD-29239,2023-08-20,ST-32,P-76,8
EC-938399,2024-05-19,ST-5,P-60,10
PX-6774,2022-11-23,ST-12,P-59,7
RR-77769,2023-01-01,ST-21,P-56,9
GB-0118,2020-04-28,ST-60,P-78,9
RT-663944,2021-02-23,ST-38,P-17,10
RH-9762,2022-07-10,ST-6,P-10,4
XE-477994,2022-09-21,ST-70,P-84,7
HR-7018,2022-06-19,ST-13,P-23,3
FU-5915,2021-09-19,ST-34,P-78,7
YF-202397,2024-06-02,ST-27,P-14,2
HV-5182,2022-08-25,ST-30,P-82,10
ED-4826,2021-05-25,ST-44,P-40,7
YL-008474,2023-08-18,ST-16,P-50,4
MX-139142,2021-08-16,ST-54,P-44,2
IC-589016,2022-03-07,ST-26,P-52,10
VJ-025920,2021-10-23,ST-38,P-66,9
QO-84058,2022-06-26,ST-24,P-83,3
VX-258569,2022-08-02,ST-26,P-6,10
FD-781824,2023-08-19,ST-48,P-5,4
XN-618976,2023-12-03,ST-57,P-69,5
MG-5979,2023-06-14,ST-30,P-4,9
PZ-0659,2023-05-09,ST-34,P-4,5
TA-27880,2021-04-17,ST-18,P-25,3
KV-27679,2023-10-31,ST-48,P-68,3
UN-689832,2023-12-27,ST-28,P-37,1
AV-8647,2022-10-14,ST-7,P-39,6
YJ-00238,2024-05-16,ST-30,P-18,2
EN-140053,2021-07-11,ST-26,P-33,8
VM-799882,2020-08-29,ST-68,P-28,1
BJ-48907,2021-09-14,ST-25,P-84,7
TP-548846,2020-11-20,ST-14,P-14,6
ZH-2246,2023-01-13,ST-55,P-33,1
DO-095441,2023-08-26,ST-11,P-66,7
FC-7756,2023-09-05,ST-6,P-64,8
YA-34068,2024-08-26,ST-73,P-43,1
FJ-4682,2021-03-06,ST-14,P-82,10
LS-137146,2021-09-07,ST-51,P-78,5
BH-85244,2024-02-17,ST-40,P-75,2
MI-77273,2022-08-15,ST-2,P-13,1
II-597649,2022-12-17,ST-30,P-31,10
WJ-3630,2022-07-25,ST-25,P-81,9
WD-34566,2024-06-26,ST-8,P-18,4
QT-29807,2024-05-05,ST-50,P-83,10
YE-473277,2023-01-28,ST-44,P-62,10
VE-70476,2021-02-09,ST-23,P-3,4
SP-744745,2023-07-30,ST-29,P-62,3
KJ-96682,2022-10-02,ST-13,P-64,2
OQ-1665,2020-07-27,ST-61,P-86,5
US-188039,2022-07-26,ST-65,P-14,6
GO-8402,2021-10-15,ST-14,P-58,5
YJ-82243,2020-10-01,ST-44,P-6,7
AA-3483,2022-03-11,ST-44,P-86,8
CN-651612,2020-04-21,ST-40,P-17,2
PO-86073,2023-09-10,ST-19,P-34,5
VU-16535,2021-08-27,ST-5,P-37,8
EA-83886,2021-03-29,ST-56,P-2,1
ZB-470829,2022-10-17,ST-60,P-58,10
JN-390571,2023-08-02,ST-32,P-66,4
BW-94242,2024-08-21,ST-58,P-42,1
KR-7928,2020-08-08,ST-14,P-32,2
LQ-5930,2022-01-01,ST-73,P-12,7
ZL-641959,2021-02-17,ST-51,P-26,9
BB-06499,2022-07-14,ST-1,P-70,1
SK-6409,2024-01-23,ST-24,P-21,5
NH-7604,2021-09-14,ST-31,P-66,10
AG-0725,2022-10-10,ST-51,P-87,3
XN-42649,2022-08-30,ST-31,P-40,7
AF-7206,2022-03-31,ST-45,P-82,8
TC-29657,2022-01-19,ST-17,P-3,3
IA-62594,2021-08-16,ST-31,P-75,3
RM-0038,2021-07-05,ST-16,P-72,7
GS-5760,2024-01-22,ST-17,P-2,2
TI-870543,2024-05-21,ST-17,P-61,9
SX-498246,2021-09-20,ST-37,P-43,10
DR-522842,2021-11-14,ST-66,P-6,6
XR-419384,2022-06-27,ST-13,P-80,10
DS-829721,2020-09-18,ST-50,P-29,10
RM-39738,2024-08-31,ST-26,P-30,4
VJ-46769,2023-02-21,ST-71,P-77,1
TL-18417,2021-02-27,ST-50,P-36,10
AL-772600,2020-07-13,ST-14,P-22,1
HS-677687,2022-03-21,ST-42,P-28,5
OA-256961,2022-04-01,ST-42,P-72,4
CN-959024,2023-08-07,ST-38,P-43,4
MK-961951,2023-07-10,ST-65,P-38,9
OQ-4392,2022-12-27,ST-64,P-21,8
TT-839170,2023-05-29,ST-61,P-43,3
EW-33136,2023-03-26,ST-52,P-86,8
CN-57538,2021-08-15,ST-39,P-40,1
WN-63505,2021-10-08,ST-24,P-13,4
FC-42240,2022-06-21,ST-52,P-3,1
CD-51047,2021-09-10,ST-33,P-16,4
JD-823905,2021-04-27,ST-54,P-61,3
FU-5601,2020-11-30,ST-54,P-6,6
UN-0783,2024-09-20,ST-16,P-24,5
VX-7887,2021-01-09,ST-24,P-11,7
FU-62705,2020-03-10,ST-54,P-24,3
WB-77562,2021-06-28,ST-66,P-23,6
UM-37791,2023-07-25,ST-70,P-80,10
XQ-74048,2023-10-30,ST-44,P-70,9
XO-9850,2020-07-05,ST-58,P-14,9
UD-80570,2020-05-06,ST-41,P-24,5
TN-455618,2022-06-21,ST-58,P-4,9
XX-3152,2024-04-15,ST-70,P-78,5
IJ-82051,2020-04-27,ST-60,P-62,4
FA-2233,2024-05-04,ST-17,P-16,4
BS-307390,2021-04-08,ST-52,P-75,10
ZM-51347,2024-06-18,ST-46,P-15,10
IZ-43022,2024-05-12,ST-20,P-38,2
EW-496814,2020-07-26,ST-57,P-38,2
JL-81793,2020-11-13,ST-65,P-27,8
HJ-3999,2024-06-16,ST-17,P-72,7
FV-563737,2024-09-17,ST-60,P-41,10
EM-78594,2022-09-01,ST-75,P-33,5
WF-104188,2022-06-17,ST-63,P-1,7
ME-7023,2024-04-18,ST-58,P-82,6
UQ-23837,2023-01-19,ST-70,P-25,6
UO-551416,2022-03-18,ST-1,P-46,9
LG-6703,2022-01-25,ST-1,P-67,9
QW-02899,2021-09-16,ST-56,P-82,2
LO-620506,2021-10-31,ST-35,P-57,10
CW-6133,2023-10-05,ST-49,P-37,9
RP-268348,2021-03-05,ST-16,P-67,10
AZ-993604,2024-01-06,ST-13,P-52,3
BV-3329,2020-03-12,ST-71,P-7,6
KG-05811,2020-05-17,ST-56,P-87,8
UT-4699,2021-07-11,ST-71,P-42,9
ND-10642,2024-01-09,ST-7,P-22,2
PQ-08526,2023-03-16,ST-29,P-19,4
IB-4655,2022-11-27,ST-17,P-64,10
XL-06545,2020-02-27,ST-29,P-9,8
WT-70563,2021-11-23,ST-70,P-84,4
ZK-57818,2020-01-02,ST-68,P-14,10
PL-109547,2024-03-02,ST-33,P-25,8
AU-83669,2021-10-23,ST-19,P-63,5
DK-40406,2024-08-23,ST-10,P-64,7
YK-29856,2021-03-08,ST-25,P-40,6
EQ-4977,2021-05-22,ST-48,P-75,6
VH-590460,2023-10-09,ST-56,P-48,3
IU-1518,2023-05-02,ST-52,P-31,6
JP-6034,2022-12-02,ST-49,P-58,2
MH-218127,2024-06-13,ST-74,P-63,6
YN-83666,2022-08-30,ST-1,P-25,7
YQ-79015,2021-06-10,ST-61,P-49,2
BU-42780,2021-08-27,ST-24,P-51,8
XG-5948,2021-06-21,ST-6,P-83,6
KG-842812,2024-05-29,ST-43,P-61,9
RQ-64873,2023-02-02,ST-16,P-34,8
QA-2291,2021-08-13,ST-46,P-13,5
GA-90170,2024-07-29,ST-11,P-37,7
BQ-425071,2024-04-12,ST-21,P-82,5
WH-0029,2024-06-30,ST-33,P-28,2
PW-3495,2021-10-23,ST-51,P-49,1
JH-7298,2023-10-22,ST-57,P-36,1
DE-8606,2021-09-14,ST-30,P-27,5
WM-0029,2023-03-27,ST-62,P-43,9
HT-6654,2023-04-05,ST-13,P-22,9
JQ-0527,2023-04-16,ST-23,P-3,3
KP-99832,2023-12-27,ST-73,P-31,5
KL-05743,2024-08-05,ST-28,P-5,6
ZN-168690,2022-08-09,ST-73,P-49,8
YD-45403,2022-10-20,ST-7,P-65,6
GM-714838,2023-06-25,ST-67,P-62,10
FO-1621,2020-05-09,ST-71,P-62,8
VY-680680,2024-07-15,ST-38,P-45,6
SW-22937,2023-06-18,ST-9,P-30,8
CE-760927,2021-02-27,ST-13,P-13,9
RL-863718,2024-07-30,ST-20,P-42,4
BT-559002,2022-02-28,ST-7,P-7,7
CM-5470,2023-12-21,ST-13,P-31,1
SD-380024,2020-04-16,ST-3,P-87,1
KX-6247,2024-05-15,ST-21,P-30,10
EP-53633,2024-08-24,ST-31,P-72,5
HE-0360,2020-09-22,ST-2,P-75,6
TI-7508,2022-10-15,ST-42,P-62,8
AT-20045,2021-08-24,ST-13,P-40,3
QG-94343,2022-03-24,ST-69,P-9,8
DP-90071,2021-03-27,ST-54,P-22,2
SS-09936,2021-09-03,ST-62,P-62,7
YZ-59171,2020-04-06,ST-20,P-31,3
XA-283521,2024-07-28,ST-4,P-35,3
BU-2889,2021-08-23,ST-58,P-60,7
GP-6016,2022-05-16,ST-21,P-66,2
FJ-933955,2023-09-05,ST-37,P-84,1
AS-785165,2022-01-14,ST-17,P-39,2
TC-54706,2024-10-04,ST-13,P-27,5
TT-415815,2024-07-23,ST-47,P-18,6
CY-850013,2021-11-14,ST-14,P-17,1
FN-2227,2024-08-19,ST-15,P-70,1
NW-5869,2020-01-21,ST-24,P-42,1
DG-18427,2022-02-18,ST-6,P-10,1
EM-63428,2023-12-16,ST-61,P-15,9
LA-708169,2023-12-11,ST-62,P-11,8
WS-1896,2021-08-14,ST-5,P-43,2
YW-87759,2020-11-08,ST-59,P-26,2
JC-980357,2024-04-08,ST-19,P-10,1
FU-715837,2023-06-01,ST-53,P-31,10
HZ-606616,2020-01-20,ST-32,P-28,10
KS-92302,2024-08-19,ST-33,P-27,5
BL-62911,2023-10-12,ST-40,P-42,4
WS-5556,2021-10-16,ST-53,P-45,8
NS-20652,2022-03-12,ST-23,P-16,6
DG-3657,2024-08-01,ST-23,P-61,6
ZS-307048,2024-07-03,ST-72,P-66,5
ND-84459,2020-01-15,ST-36,P-7,8
EX-5037,2020-03-04,ST-44,P-83,2
DJ-5906,2021-10-24,ST-51,P-53,4
VE-8813,2024-06-23,ST-19,P-18,10
NO-3732,2024-07-21,ST-57,P-3,2
RK-86099,2023-10-23,ST-34,P-6,1
MK-726397,2020-07-30,ST-24,P-51,5
SG-85183,2024-06-01,ST-31,P-45,4
VA-8736,2021-12-16,ST-66,P-49,5
UZ-6401,2024-07-27,ST-22,P-15,4
WA-25937,2021-09-11,ST-52,P-31,9
LG-93594,2023-02-28,ST-67,P-39,6
HO-643722,2021-01-13,ST-68,P-34,4
QK-0795,2022-02-14,ST-73,P-55,10
CH-42840,2022-04-06,ST-51,P-86,7
XZ-027148,2023-03-11,ST-7,P-20,1
AW-76229,2023-09-02,ST-41,P-32,9
JR-3897,2020-12-09,ST-17,P-21,6
OU-5048,2020-07-27,ST-34,P-61,3
TN-1887,2023-12-30,ST-30,P-51,2
OS-43877,2022-04-06,ST-64,P-9,3
ZG-853064,2022-11-11,ST-45,P-17,10
PZ-04799,2024-10-02,ST-69,P-86,1
VU-854989,2021-10-22,ST-14,P-29,6
SL-902322,2023-01-22,ST-58,P-21,7
ZU-5225,2024-10-08,ST-29,P-9,10
BX-99043,2022-10-14,ST-30,P-56,7
LV-274896,2020-12-16,ST-67,P-53,3
KN-380310,2022-05-05,ST-30,P-48,10
RO-965990,2021-04-04,ST-60,P-4,7
MK-72744,2023-05-02,ST-33,P-11,9
CQ-576092,2024-10-17,ST-55,P-47,10
FI-39371,2022-11-10,ST-66,P-50,8
HB-951234,2022-10-28,ST-43,P-45,6
LE-77861,2021-02-11,ST-8,P-15,7
JO-7040,2020-02-13,ST-57,P-54,5
XM-61632,2024-02-17,ST-24,P-5,4
MV-599056,2021-10-15,ST-71,P-64,9
AQ-37725,2021-01-04,ST-5,P-50,4
LB-441363,2020-12-10,ST-73,P-25,7
FN-30513,2021-12-14,ST-47,P-6,4
NJ-8892,2022-11-25,ST-41,P-14,10
UH-5964,2023-05-01,ST-28,P-50,7
ZK-057333,2020-10-29,ST-29,P-26,1
CU-3472,2024-03-01,ST-21,P-25,4
IL-998002,2022-01-29,ST-26,P-1,4
UZ-39594,2020-07-05,ST-51,P-44,3
CM-3208,2024-03-15,ST-16,P-30,6
MQ-98681,2023-07-12,ST-34,P-82,6
IE-894573,2022-04-16,ST-10,P-44,10
JL-00865,2020-07-30,ST-62,P-10,10
QS-585140,2024-05-26,ST-62,P-2,6
OH-911477,2022-11-20,ST-32,P-82,8
EN-72138,2020-12-14,ST-34,P-7,7
TW-222665,2024-06-04,ST-30,P-16,10
IJ-8719,2020-03-14,ST-62,P-32,3
QE-029952,2022-11-25,ST-42,P-88,4
LQ-9707,2021-11-11,ST-67,P-78,1
NV-535006,2024-07-21,ST-50,P-76,2
BT-494764,2020-06-30,ST-62,P-66,10
VX-4951,2022-02-16,ST-38,P-84,1
CG-17098,2021-07-29,ST-24,P-28,4
UN-51964,2024-10-25,ST-61,P-55,9
WK-6899,2024-07-19,ST-8,P-67,6
AH-94827,2024-09-08,ST-37,P-63,4
WB-010871,2020-05-25,ST-64,P-73,10
QR-0372,2024-05-20,ST-72,P-78,1
LT-646705,2021-07-10,ST-7,P-30,6
GS-62635,2024-10-16,ST-58,P-84,6
GB-48356,2020-07-28,ST-62,P-38,5
KB-832688,2024-07-05,ST-72,P-26,8
SD-108923,2023-06-06,ST-54,P-78,4
GM-3390,2022-01-07,ST-3,P-54,8
UJ-1064,2021-02-28,ST-19,P-65,1
KK-2992,2021-08-24,ST-73,P-45,7
LE-25608,2021-09-17,ST-19,P-23,8
RS-5774,2023-05-31,ST-50,P-50,4
OG-2427,2024-02-12,ST-56,P-67,10
KZ-3703,2021-09-08,ST-9,P-21,8
RK-233077,2023-09-14,ST-37,P-16,3
HT-79931,2023-08-11,ST-40,P-52,4
RV-927163,2024-10-28,ST-73,P-16,8
RY-915302,2020-02-26,ST-18,P-19,1
KV-95261,2022-06-29,ST-1,P-38,7
KZ-5198,2024-08-11,ST-58,P-85,2
GG-9154,2022-07-06,ST-53,P-16,6
SV-27277,2024-08-28,ST-16,P-69,8
ID-7235,2023-12-02,ST-14,P-32,2
LF-61153,2022-06-11,ST-6,P-86,2
SI-849397,2021-02-15,ST-44,P-57,3
DL-44421,2021-09-14,ST-53,P-21,2
TY-7358,2020-04-23,ST-62,P-36,3
QX-18387,2021-05-25,ST-53,P-36,3
UO-641111,2020-04-20,ST-16,P-9,1
NE-23062,2021-04-23,ST-64,P-28,3
JZ-4682,2020-04-02,ST-75,P-23,1
MU-08018,2020-10-05,ST-23,P-16,10
KL-69909,2021-06-03,ST-62,P-72,10
MT-92798,2020-06-21,ST-4,P-79,7
MI-6841,2022-01-09,ST-49,P-53,9
CV-791725,2020-02-02,ST-52,P-32,5
KZ-48110,2020-03-26,ST-75,P-79,7
FR-69216,2024-09-24,ST-64,P-79,6
RC-90852,2024-05-04,ST-53,P-16,8
KM-48543,2022-09-03,ST-66,P-55,10
ZL-453375,2024-02-06,ST-31,P-45,3
AL-3168,2022-05-09,ST-25,P-20,8
TM-19491,2023-01-17,ST-59,P-61,9
HA-139554,2023-02-19,ST-53,P-62,4
JM-649713,2021-02-02,ST-74,P-8,1
CM-294583,2024-02-22,ST-30,P-48,5
DZ-798851,2024-02-21,ST-22,P-31,7
KD-89939,2021-02-25,ST-47,P-50,4
MK-2236,2023-11-01,ST-66,P-40,1
VY-250334,2020-06-23,ST-1,P-84,3
HJ-66858,2020-05-12,ST-37,P-18,3
NN-485040,2022-04-13,ST-9,P-80,8
LM-7952,2023-04-28,ST-69,P-10,4
ED-6771,2021-01-27,ST-17,P-40,8
DN-79809,2022-03-05,ST-18,P-9,2
PE-58213,2021-10-13,ST-18,P-70,10
CR-5012,2022-06-08,ST-61,P-66,7
DQ-69677,2021-02-27,ST-69,P-73,7
TS-31639,2022-04-15,ST-56,P-30,6
HP-439237,2021-08-19,ST-69,P-6,9
GJ-1637,2020-12-31,ST-61,P-42,10
DQ-4039,2021-01-31,ST-74,P-5,6
AI-5558,2020-03-28,ST-33,P-69,7
NV-98323,2020-09-26,ST-35,P-89,4
BV-29147,2021-01-14,ST-1,P-84,3
OT-69024,2021-10-24,ST-2,P-85,7
OO-930279,2020-05-14,ST-35,P-88,4
OU-06278,2021-09-09,ST-21,P-2,2
TS-02245,2022-03-17,ST-58,P-35,8
YC-62776,2024-07-19,ST-21,P-50,3
AE-237407,2023-07-21,ST-32,P-64,2
VX-0719,2020-04-15,ST-31,P-83,4
MZ-74585,2020-01-02,ST-68,P-17,1
CN-960653,2023-08-20,ST-7,P-57,6
NS-59662,2023-10-05,ST-64,P-22,7
EE-42291,2021-10-20,ST-42,P-41,10
TK-56991,2023-11-30,ST-61,P-72,2
KM-98790,2024-04-07,ST-43,P-28,3
TM-758896,2023-08-24,ST-51,P-53,4
NY-7305,2024-03-04,ST-18,P-55,2
NF-11728,2020-10-17,ST-22,P-89,1
MP-086463,2021-03-05,ST-36,P-40,3
MT-5093,2021-08-02,ST-69,P-7,1
RP-343917,2022-01-07,ST-35,P-84,9
HP-7413,2023-05-08,ST-17,P-9,3
KU-855871,2024-11-02,ST-39,P-79,6
UT-03254,2022-06-29,ST-1,P-32,2
OH-5992,2022-12-29,ST-34,P-81,3
DT-10739,2020-09-07,ST-2,P-63,4
WA-20042,2020-05-17,ST-34,P-27,4
XW-434855,2022-08-25,ST-53,P-7,8
JV-14540,2022-12-25,ST-62,P-65,8
MP-0288,2021-01-28,ST-11,P-68,2
KK-40204,2023-05-24,ST-62,P-21,1
FJ-4352,2021-01-23,ST-9,P-68,7
IM-962482,2023-05-22,ST-58,P-24,4
TG-6565,2024-06-27,ST-17,P-81,3
EG-99943,2022-12-20,ST-44,P-60,8
YD-847536,2023-09-27,ST-33,P-89,8
KA-49485,2021-09-10,ST-29,P-72,8
NB-14928,2020-02-25,ST-59,P-72,5
PY-62427,2024-01-06,ST-74,P-26,2
YZ-915759,2020-10-30,ST-2,P-62,10
SC-4661,2021-05-13,ST-38,P-50,7
KA-4747,2020-07-15,ST-53,P-33,5
ML-9392,2024-02-12,ST-44,P-77,10
OU-17009,2024-08-02,ST-3,P-32,4
LL-732778,2022-10-27,ST-12,P-47,7
WS-93433,2022-10-22,ST-6,P-8,9
VA-80263,2022-08-17,ST-69,P-74,9
YJ-7590,2021-06-17,ST-8,P-87,7
BN-02634,2022-05-05,ST-53,P-38,10
MI-172826,2024-03-04,ST-55,P-13,3
RE-1427,2022-04-02,ST-13,P-41,3
EH-1131,2022-06-24,ST-29,P-88,2
UM-2019,2021-01-13,ST-48,P-26,10
BW-83814,2022-12-20,ST-29,P-8,1
NM-266010,2024-08-09,ST-4,P-39,4
KW-525684,2024-04-23,ST-66,P-1,3
RP-376171,2021-07-01,ST-45,P-61,4
RG-53568,2023-02-25,ST-33,P-31,6
IX-898181,2023-05-01,ST-23,P-77,3
HR-03495,2023-09-03,ST-37,P-4,5
PH-89443,2020-06-19,ST-39,P-6,5
IR-53389,2023-04-30,ST-9,P-74,9
UJ-12317,2021-11-26,ST-43,P-62,2
ZP-18939,2023-06-25,ST-49,P-4,8
UE-47709,2020-11-22,ST-57,P-45,1
HU-1631,2023-12-11,ST-31,P-89,8
TV-371249,2022-08-21,ST-15,P-43,8
IY-39383,2021-02-08,ST-74,P-82,2
ZR-28123,2024-08-01,ST-13,P-62,9
SZ-5196,2023-01-06,ST-55,P-41,4
HI-8879,2021-02-06,ST-3,P-9,5
YW-63910,2022-10-29,ST-26,P-26,1
MZ-5342,2022-09-13,ST-69,P-4,8
SA-4207,2022-03-22,ST-28,P-86,2
GL-47086,2020-04-23,ST-61,P-33,7
TB-16720,2021-05-27,ST-31,P-14,6
BB-375972,2021-03-14,ST-32,P-51,5
ZH-137867,2021-01-23,ST-19,P-64,6
ZQ-127576,2020-08-21,ST-39,P-83,5
WV-210542,2020-09-07,ST-62,P-84,6
BB-041296,2021-09-09,ST-15,P-13,10
MO-03283,2020-02-15,ST-72,P-53,9
KE-244907,2022-04-24,ST-3,P-86,2
YM-6125,2023-12-03,ST-73,P-47,6
XI-3520,2021-12-25,ST-39,P-13,1
YL-153471,2020-10-25,ST-74,P-37,8
PV-10249,2020-04-07,ST-34,P-2,10
FG-8411,2024-02-27,ST-11,P-65,7
BU-2000,2023-02-03,ST-68,P-78,9
LM-1684,2024-03-26,ST-49,P-74,3
BV-5005,2023-06-08,ST-69,P-20,9
NG-491474,2021-09-12,ST-25,P-75,4
RJ-476834,2021-03-06,ST-38,P-80,7
GL-4519,2022-06-26,ST-68,P-51,5
CI-04533,2021-12-05,ST-10,P-57,6
XY-71825,2020-11-29,ST-26,P-4,7
HG-874622,2024-08-04,ST-35,P-56,3
NV-97035,2020-06-22,ST-54,P-25,7
FR-420613,2021-07-03,ST-35,P-75,1
DG-1646,2022-11-15,ST-71,P-29,6
YY-059551,2021-07-13,ST-56,P-28,1
SG-68898,2020-08-01,ST-64,P-62,7
WY-532713,2024-06-13,ST-59,P-49,4
OR-6214,2020-07-28,ST-52,P-19,8
VT-7829,2021-04-23,ST-49,P-48,10
YO-6765,2022-10-29,ST-74,P-77,9
RG-2256,2020-11-25,ST-64,P-82,10
RK-392686,2024-04-14,ST-35,P-18,7
AN-97602,2023-12-31,ST-48,P-80,6
QV-7636,2021-01-17,ST-40,P-20,2
DK-846000,2024-08-04,ST-44,P-36,4
GM-489774,2022-08-29,ST-43,P-58,10
QD-97939,2022-03-07,ST-52,P-75,8
MH-94825,2021-10-19,ST-33,P-49,4
EF-66500,2022-12-13,ST-74,P-19,4
AA-331600,2023-08-24,ST-46,P-72,2
UU-6161,2022-02-14,ST-48,P-25,4
AA-556566,2024-03-30,ST-28,P-30,9
ZK-322338,2024-09-10,ST-7,P-17,7
ZG-507295,2023-06-24,ST-8,P-80,2
DS-2013,2020-12-17,ST-54,P-24,3
LM-6402,2020-12-24,ST-47,P-21,1
CB-473925,2023-04-24,ST-72,P-33,8
XM-83176,2021-03-09,ST-41,P-86,6
EZ-7816,2023-08-09,ST-56,P-85,1
OJ-0532,2023-02-25,ST-31,P-31,9
KE-91453,2020-02-12,ST-29,P-38,9
ZC-691914,2023-04-26,ST-28,P-31,2
YY-17796,2021-01-19,ST-67,P-72,10
EY-677132,2022-10-11,ST-53,P-56,3
FL-0687,2024-09-15,ST-11,P-1,9
YZ-38826,2023-06-19,ST-60,P-79,4
QG-660996,2023-05-04,ST-72,P-51,2
XC-02947,2021-05-12,ST-62,P-1,5
MH-493144,2023-01-29,ST-36,P-79,3
FX-297036,2024-01-09,ST-60,P-50,5
GY-470072,2023-03-30,ST-18,P-87,2
FH-22118,2024-10-06,ST-60,P-63,1
BU-67850,2023-06-09,ST-7,P-89,5
AB-474607,2023-08-29,ST-14,P-72,7
UZ-533199,2020-02-24,ST-28,P-45,5
HF-975794,2021-07-31,ST-12,P-85,2
QM-8340,2023-02-10,ST-56,P-21,6
WT-765895,2020-10-24,ST-16,P-28,10
YB-017583,2024-03-26,ST-1,P-5,1
UI-358048,2023-09-10,ST-29,P-29,6
XH-72413,2023-05-05,ST-53,P-18,7
DO-2322,2023-07-30,ST-67,P-22,10
BX-7329,2021-07-06,ST-53,P-80,10
IU-7304,2024-01-20,ST-42,P-21,2
MO-25526,2023-07-14,ST-51,P-82,10
VW-6396,2022-10-25,ST-29,P-53,6
BY-20416,2023-11-16,ST-61,P-16,9
OL-1760,2022-06-23,ST-72,P-16,8
KN-662247,2024-04-17,ST-44,P-2,6
RJ-49542,2020-05-08,ST-23,P-24,4
TJ-46972,2024-08-19,ST-37,P-47,6
EB-42812,2021-04-24,ST-71,P-16,10
FJ-15039,2024-07-14,ST-62,P-4,7
QI-3548,2022-05-15,ST-51,P-36,3
AG-704110,2023-12-12,ST-10,P-53,7
TY-707815,2021-11-10,ST-52,P-71,2
PI-593703,2023-08-19,ST-33,P-5,5
RA-485921,2021-11-08,ST-66,P-88,5
IV-28101,2022-06-11,ST-6,P-36,3
BK-35680,2021-07-24,ST-67,P-69,5
IO-72259,2021-10-09,ST-60,P-79,1
FK-24804,2020-05-04,ST-67,P-71,7
LX-43877,2020-05-20,ST-69,P-5,6
HD-147734,2020-08-02,ST-41,P-89,5
UN-1644,2021-04-01,ST-51,P-83,7
DZ-896062,2022-02-14,ST-49,P-41,4
XI-89410,2022-08-11,ST-36,P-78,3
NA-841761,2022-12-31,ST-15,P-54,3
TI-271030,2022-06-03,ST-55,P-60,10
KQ-6189,2023-12-29,ST-69,P-46,8
AU-85733,2022-10-19,ST-22,P-27,9
JZ-812803,2020-04-18,ST-26,P-65,6
VV-915101,2024-11-01,ST-55,P-81,1
WG-7509,2022-07-26,ST-1,P-36,3
ME-8632,2021-06-06,ST-61,P-85,10
UI-287808,2021-03-23,ST-31,P-41,6
ZK-47836,2023-07-14,ST-75,P-80,2
NR-52999,2022-03-17,ST-54,P-7,8
QL-86393,2022-01-31,ST-46,P-57,4
JM-3302,2023-09-03,ST-30,P-8,6
VT-307727,2022-12-16,ST-55,P-75,9
VC-495947,2023-07-27,ST-61,P-21,4
BA-3846,2021-07-25,ST-47,P-20,7
XB-036867,2023-05-03,ST-34,P-29,7
HU-98365,2023-01-28,ST-27,P-56,6
CN-9638,2022-10-31,ST-40,P-86,1
WL-54382,2023-01-28,ST-4,P-79,6
DL-6415,2021-04-14,ST-20,P-2,7
TR-911267,2021-11-17,ST-63,P-70,2
MK-384536,2022-11-21,ST-48,P-2,1
CL-90892,2020-08-15,ST-5,P-13,2
KQ-3367,2022-07-17,ST-3,P-5,2
IP-23890,2024-03-07,ST-8,P-37,5
SH-053517,2021-09-13,ST-52,P-42,7
XJ-747522,2020-10-15,ST-16,P-22,8
UN-9500,2023-02-19,ST-30,P-16,10
VZ-61294,2022-02-10,ST-12,P-18,9
TA-921965,2024-03-24,ST-33,P-1,7
CA-48959,2023-09-16,ST-43,P-33,4
LC-6080,2022-05-20,ST-36,P-60,5
RJ-975276,2021-05-06,ST-73,P-62,7
KR-19332,2022-09-21,ST-33,P-82,2
LF-301193,2022-08-26,ST-28,P-26,6
OW-58050,2024-03-16,ST-62,P-52,10
ID-3488,2020-08-02,ST-50,P-62,10
WI-6203,2023-04-28,ST-64,P-57,10
UN-52681,2022-05-07,ST-68,P-14,10
PS-793741,2024-07-15,ST-61,P-39,8
CG-094092,2023-10-16,ST-2,P-27,5
ZQ-24428,2023-08-10,ST-15,P-75,3
AW-5329,2022-03-26,ST-5,P-19,2
OO-54702,2020-11-25,ST-75,P-53,5
SC-797151,2021-07-24,ST-17,P-86,9
RM-071047,2020-05-02,ST-27,P-14,4
GB-98529,2021-11-02,ST-57,P-63,8
LO-114230,2022-01-14,ST-45,P-30,2
YG-59370,2022-04-23,ST-59,P-16,2
XI-20817,2024-07-27,ST-28,P-24,3
GK-66189,2020-07-10,ST-9,P-54,10
LA-513967,2022-01-13,ST-40,P-55,10
GL-18164,2023-10-19,ST-52,P-32,7
ZP-9404,2020-01-16,ST-16,P-48,1
WR-1156,2022-02-26,ST-8,P-61,5
AP-938191,2022-04-30,ST-75,P-84,9
PG-258737,2024-10-28,ST-7,P-50,6
BI-60303,2024-04-10,ST-44,P-70,7
ZL-18406,2021-04-23,ST-34,P-6,8
BI-1585,2020-03-11,ST-45,P-11,8
FG-7294,2020-09-04,ST-26,P-48,8
BK-10065,2024-07-05,ST-40,P-34,3
RB-77087,2022-08-28,ST-29,P-61,9
IP-01931,2024-04-09,ST-9,P-88,1
HD-6664,2020-08-31,ST-63,P-81,10
FU-351246,2024-04-10,ST-33,P-21,9
ST-538193,2022-07-09,ST-70,P-65,3
VZ-22974,2024-10-07,ST-21,P-13,3
AD-12076,2021-04-20,ST-9,P-59,1
ID-098187,2020-07-19,ST-74,P-20,3
YA-67905,2022-11-29,ST-71,P-17,4
QY-880576,2021-05-11,ST-67,P-59,4
OV-6440,2021-03-15,ST-61,P-37,4
SG-69656,2024-06-28,ST-39,P-7,1
YP-463652,2021-04-23,ST-56,P-53,9
EV-831574,2024-03-19,ST-17,P-36,6
YY-8116,2021-05-17,ST-18,P-68,8
PV-6200,2023-09-26,ST-26,P-7,8
BN-211218,2020-07-15,ST-2,P-59,5
JB-906096,2022-10-06,ST-59,P-67,1
JG-431911,2020-11-08,ST-62,P-10,8
RR-9510,2022-02-08,ST-26,P-53,7
DH-3963,2022-08-08,ST-8,P-6,9
UA-7230,2021-02-04,ST-42,P-77,7
IK-9791,2022-07-18,ST-57,P-46,6
HU-8047,2022-04-08,ST-70,P-45,2
DP-66072,2021-05-09,ST-26,P-78,3
FX-92663,2021-10-24,ST-72,P-8,5
GG-2163,2023-03-23,ST-73,P-57,2
YQ-51629,2023-09-27,ST-73,P-81,7
PK-7002,2023-10-03,ST-25,P-26,6
TM-44763,2024-01-21,ST-1,P-70,4
HP-9205,2020-05-17,ST-73,P-51,9
TG-7418,2021-08-05,ST-26,P-9,5
MV-31589,2022-01-12,ST-1,P-37,5
ZG-5850,2020-07-25,ST-62,P-65,5
BW-4557,2020-08-14,ST-45,P-31,10
PX-5846,2021-05-30,ST-4,P-14,9
SR-083569,2023-03-28,ST-72,P-58,5
LY-8082,2024-09-12,ST-24,P-7,3
RG-43969,2022-02-13,ST-3,P-51,6
FH-44277,2021-04-12,ST-49,P-23,3
EN-234906,2021-01-07,ST-37,P-47,1
QM-9655,2022-08-21,ST-62,P-76,1
RK-22180,2021-12-13,ST-30,P-88,8
DE-4299,2021-06-12,ST-57,P-43,8
VH-1950,2021-09-25,ST-62,P-7,2
OB-463052,2023-07-07,ST-18,P-12,6
BN-042431,2020-07-26,ST-31,P-35,1
WN-017575,2024-08-17,ST-26,P-54,6
QY-7903,2020-02-18,ST-43,P-35,2
PC-136155,2020-03-09,ST-56,P-80,4
CI-4146,2023-05-02,ST-60,P-9,5
EX-117288,2022-08-03,ST-9,P-6,4
XN-910751,2024-08-09,ST-44,P-47,8
NF-70883,2023-08-29,ST-62,P-73,6
PC-03302,2021-11-20,ST-29,P-54,6
OH-510185,2024-02-19,ST-41,P-79,6
ZD-087405,2020-04-30,ST-2,P-29,8
JI-152090,2022-12-02,ST-13,P-78,1
BR-0511,2021-10-01,ST-73,P-3,3
NC-0805,2020-12-04,ST-74,P-56,4
LM-5880,2021-01-15,ST-59,P-64,8
XN-8234,2023-08-19,ST-47,P-8,3
DU-3184,2021-12-24,ST-63,P-13,5
CG-28250,2023-04-01,ST-22,P-12,4
SP-1052,2020-09-21,ST-9,P-53,8
WM-4961,2024-05-05,ST-71,P-58,7
MH-0886,2024-07-19,ST-47,P-43,5
YF-976762,2021-04-15,ST-31,P-40,5
VW-593086,2020-08-19,ST-37,P-49,1
BF-29176,2023-07-10,ST-56,P-2,7
PA-35098,2022-03-31,ST-61,P-51,4
QQ-2471,2021-08-27,ST-3,P-59,6
KI-670913,2020-08-06,ST-56,P-2,7
UO-517409,2020-12-20,ST-42,P-70,5
RT-8082,2022-02-11,ST-13,P-54,9
JF-4116,2022-07-12,ST-26,P-4,1
UQ-52598,2020-05-30,ST-52,P-72,6
FH-61872,2020-01-25,ST-9,P-10,8
TW-8390,2023-09-16,ST-64,P-17,7
IK-36046,2024-06-22,ST-57,P-89,5
NB-903859,2021-06-29,ST-47,P-55,5
YC-0142,2024-04-04,ST-7,P-2,1
JD-993649,2022-07-11,ST-62,P-47,8
TP-34311,2022-09-01,ST-70,P-53,3
AO-6010,2023-07-03,ST-26,P-5,3
EO-377184,2024-10-13,ST-49,P-34,8
DF-49568,2022-01-06,ST-37,P-3,4
ZA-39344,2022-06-07,ST-18,P-27,3
DB-475276,2022-12-28,ST-53,P-8,7
AF-42200,2020-11-08,ST-64,P-46,9
RE-491934,2020-02-21,ST-65,P-17,5
FR-99223,2021-10-18,ST-50,P-57,10
FT-327646,2022-11-16,ST-27,P-32,7
TB-34967,2023-04-13,ST-65,P-12,10
XM-78885,2022-02-07,ST-68,P-82,6
KJ-12442,2020-11-06,ST-40,P-3,5
OI-1097,2023-02-28,ST-38,P-41,9
ON-40513,2024-10-17,ST-52,P-12,7
KQ-41256,2021-05-15,ST-4,P-80,6
PH-5234,2020-09-05,ST-24,P-4,1
BP-943238,2024-03-24,ST-72,P-8,7
LB-32192,2024-02-21,ST-55,P-41,6
DJ-76303,2021-09-11,ST-27,P-12,6
KP-5862,2022-10-15,ST-31,P-3,9
JM-779701,2024-08-06,ST-65,P-33,10
HG-56867,2021-03-06,ST-39,P-68,8
RD-28193,2021-01-28,ST-17,P-36,7
QZ-01752,2021-07-17,ST-35,P-13,5
LT-998551,2024-09-10,ST-36,P-81,7
CF-1559,2024-08-18,ST-49,P-50,5
WK-4758,2023-03-20,ST-27,P-12,5
GD-556370,2022-10-02,ST-61,P-63,3
TU-26092,2021-01-22,ST-65,P-2,8
TP-20431,2023-08-14,ST-72,P-22,4
HT-109372,2023-12-06,ST-74,P-23,8
MG-2090,2023-02-21,ST-39,P-76,10
LX-06067,2021-05-16,ST-72,P-42,3
YG-05025,2022-11-21,ST-13,P-13,9
AX-75017,2022-04-02,ST-70,P-41,1
SI-78898,2022-02-09,ST-55,P-83,6
FR-715735,2021-01-11,ST-10,P-22,4
QX-67852,2023-10-04,ST-12,P-36,6
SE-3253,2023-01-17,ST-18,P-35,10
HT-87896,2020-02-29,ST-22,P-76,7
OF-532065,2024-05-09,ST-55,P-74,5
TU-42742,2020-08-23,ST-26,P-29,6
SQ-05877,2022-01-23,ST-9,P-77,2
QE-74221,2022-02-10,ST-37,P-73,10
FF-2213,2024-05-22,ST-54,P-66,8
ED-676681,2021-06-14,ST-72,P-19,5
YQ-5271,2024-03-04,ST-38,P-54,8
DX-8561,2023-02-15,ST-52,P-27,10
JU-130477,2023-05-19,ST-21,P-55,8
AG-816235,2023-07-14,ST-22,P-70,6
VS-6496,2022-03-02,ST-44,P-44,9
LG-956790,2021-07-19,ST-16,P-79,8
EM-0404,2022-02-22,ST-43,P-79,1
WR-1643,2023-01-31,ST-39,P-1,10
JK-994400,2024-09-06,ST-9,P-60,1
ZE-64449,2024-10-04,ST-19,P-50,3
XN-6696,2021-05-26,ST-3,P-21,1
MM-371258,2023-04-14,ST-38,P-72,8
SX-6055,2020-05-12,ST-12,P-53,3
XQ-8162,2020-09-28,ST-14,P-2,5
HV-6452,2023-10-03,ST-21,P-3,3
CP-0340,2022-02-27,ST-49,P-79,10
SM-428184,2023-04-29,ST-54,P-53,2
OR-56444,2020-04-26,ST-72,P-2,4
OY-8750,2023-03-20,ST-36,P-34,8
EC-3201,2024-02-20,ST-46,P-57,9
JZ-345553,2021-06-28,ST-32,P-25,6
ET-02442,2022-04-11,ST-50,P-62,10
YV-4312,2023-12-03,ST-14,P-8,10
PU-665014,2020-10-29,ST-75,P-14,10
VL-5278,2020-08-02,ST-28,P-35,9
IZ-913219,2021-09-25,ST-7,P-88,7
DR-165898,2022-01-07,ST-27,P-13,7
RN-663277,2023-11-07,ST-32,P-58,5
GN-32149,2022-01-29,ST-8,P-55,7
MN-2734,2022-10-21,ST-58,P-16,3
ZQ-203981,2023-08-10,ST-55,P-78,10
AX-05211,2021-12-23,ST-54,P-78,6
MA-777212,2020-01-21,ST-51,P-65,3
TR-419090,2020-06-22,ST-21,P-66,8
AF-45919,2024-04-29,ST-73,P-20,6
HD-207098,2020-05-08,ST-10,P-68,3
GS-92410,2023-11-01,ST-7,P-8,3
CP-8964,2024-07-16,ST-18,P-16,6
DT-073665,2022-11-26,ST-48,P-32,1
KA-2646,2020-01-09,ST-49,P-76,6
TV-8350,2021-05-25,ST-71,P-41,1
IQ-8313,2023-04-29,ST-11,P-54,10
JF-5333,2022-12-31,ST-43,P-13,10
ZN-505155,2024-08-05,ST-16,P-49,5
UI-095726,2022-06-06,ST-68,P-46,7
OU-4446,2024-08-22,ST-45,P-41,5
WH-371386,2022-03-29,ST-5,P-36,6
XO-14145,2020-05-30,ST-52,P-85,2
QH-2734,2020-07-05,ST-65,P-38,3
IX-19296,2020-03-09,ST-24,P-44,9
WU-07735,2023-04-24,ST-49,P-57,7
RZ-77351,2023-10-20,ST-71,P-15,8
GF-0406,2022-08-29,ST-67,P-13,6
NL-280613,2023-02-09,ST-68,P-48,6
JJ-9540,2024-04-30,ST-9,P-75,10
PN-0501,2020-08-04,ST-31,P-69,1
NS-732889,2021-04-17,ST-16,P-22,8
LT-7488,2023-02-24,ST-15,P-58,6
WV-1300,2020-09-15,ST-5,P-4,9
XC-68095,2021-12-30,ST-14,P-47,2
UH-34810,2023-11-30,ST-11,P-48,4
UA-39869,2023-04-30,ST-21,P-50,3
IY-447537,2024-09-12,ST-69,P-87,5
NX-7784,2023-02-01,ST-74,P-83,3
FY-517684,2021-02-22,ST-31,P-62,1
ZQ-89706,2021-04-15,ST-70,P-41,4
MX-4201,2021-11-28,ST-1,P-52,10
KD-84475,2020-08-06,ST-68,P-2,6
CC-623943,2023-11-29,ST-74,P-10,1
MD-57275,2022-08-06,ST-14,P-70,10
XD-17856,2022-02-06,ST-37,P-3,9
VD-165274,2024-06-07,ST-56,P-45,5
ZD-62058,2022-10-05,ST-21,P-60,5
FH-182825,2021-12-23,ST-36,P-86,6
QW-7424,2022-01-24,ST-56,P-82,8
YD-13590,2024-10-20,ST-61,P-3,2
KV-944914,2023-09-23,ST-34,P-15,9
LL-70443,2022-01-24,ST-27,P-38,1
EZ-735151,2021-12-22,ST-28,P-26,6
LA-2245,2023-03-03,ST-19,P-59,2
YS-053016,2020-10-13,ST-47,P-72,1
LX-68085,2020-01-06,ST-1,P-79,10
PN-87528,2020-02-23,ST-50,P-89,3
OD-017418,2021-11-17,ST-19,P-34,9
DZ-65948,2022-03-17,ST-54,P-8,9
QS-781897,2020-06-29,ST-1,P-88,4
QV-738292,2024-11-08,ST-67,P-58,5
YJ-627107,2022-11-05,ST-14,P-5,5
TA-61379,2021-06-03,ST-5,P-15,4
ZW-6553,2020-06-14,ST-40,P-84,5
FC-41798,2023-07-05,ST-26,P-21,1
YV-611205,2021-05-18,ST-45,P-1,9
CT-2723,2021-04-24,ST-13,P-12,7
DC-5692,2022-03-02,ST-30,P-84,9
YM-300272,2020-10-03,ST-6,P-3,9
EF-76861,2022-11-12,ST-68,P-85,6
GL-224289,2024-05-24,ST-30,P-16,2
YZ-114885,2021-10-19,ST-45,P-68,2
QK-93964,2023-06-07,ST-47,P-37,3
LC-01008,2023-11-02,ST-23,P-2,10
NJ-450631,2020-04-26,ST-40,P-72,3
BK-735905,2022-08-29,ST-21,P-47,10
GR-98271,2021-01-23,ST-61,P-89,4
DK-847836,2023-04-15,ST-16,P-61,4
LR-10417,2024-08-25,ST-52,P-19,5
RM-40907,2021-12-02,ST-72,P-43,5
BX-53709,2021-03-20,ST-66,P-43,1
CN-16506,2020-07-26,ST-51,P-58,4
NG-532516,2023-07-24,ST-64,P-70,5
RZ-00109,2024-08-29,ST-22,P-61,5
MU-241556,2020-01-21,ST-74,P-45,8
RD-052154,2020-03-05,ST-11,P-57,5
KN-9434,2024-04-24,ST-56,P-9,10
RD-32178,2022-12-23,ST-34,P-75,8
VS-9664,2023-09-09,ST-53,P-28,5
KH-56738,2021-03-24,ST-59,P-52,4
WX-922141,2020-08-12,ST-69,P-38,1
NR-141603,2022-02-28,ST-2,P-6,9
IN-553070,2023-12-27,ST-32,P-65,4
BD-056084,2021-10-07,ST-55,P-31,3
IC-0981,2023-04-06,ST-11,P-63,10
DU-762914,2022-03-17,ST-43,P-72,10
SK-05000,2023-03-14,ST-63,P-52,6
XN-86485,2020-06-26,ST-41,P-1,9
JU-81801,2022-10-03,ST-24,P-7,5
DE-8487,2022-03-29,ST-42,P-26,8
CH-033228,2022-07-19,ST-4,P-40,10
AW-713366,2024-01-02,ST-19,P-6,6
JU-287722,2022-08-01,ST-52,P-17,4
NJ-76813,2020-01-28,ST-71,P-4,2
HP-5556,2021-08-29,ST-4,P-71,10
JB-852120,2020-06-01,ST-34,P-67,8
RW-92622,2020-05-30,ST-11,P-85,2
VB-0020,2021-06-23,ST-44,P-66,7
NC-134762,2022-06-30,ST-21,P-15,4
AF-573635,2021-04-26,ST-27,P-47,5
TM-97551,2021-11-04,ST-58,P-27,10
UF-761777,2024-02-23,ST-24,P-76,4
IO-88620,2021-11-05,ST-30,P-50,6
UU-416059,2022-01-08,ST-32,P-10,5
IZ-2304,2021-03-03,ST-45,P-23,1
CK-1723,2020-05-11,ST-56,P-57,5
XB-96522,2020-03-17,ST-49,P-18,6
CK-3712,2021-11-11,ST-63,P-56,9
PA-491147,2021-01-05,ST-26,P-18,10
GA-2150,2023-12-30,ST-53,P-64,2
FS-097580,2024-08-31,ST-18,P-3,10
WA-46355,2022-09-22,ST-74,P-88,3
MF-65723,2023-04-05,ST-64,P-44,10
FF-15840,2023-10-18,ST-72,P-52,6
UX-4070,2023-09-13,ST-32,P-62,8
OL-446711,2024-07-16,ST-50,P-9,3
IF-634262,2022-10-24,ST-5,P-12,5
VE-033554,2020-06-07,ST-38,P-41,7
AL-5491,2021-05-28,ST-10,P-87,3
LJ-28905,2022-12-11,ST-42,P-29,5
GX-10866,2023-02-04,ST-48,P-32,7
AR-0279,2020-04-19,ST-20,P-89,4
WO-62218,2020-03-20,ST-1,P-59,1
TF-7541,2021-06-04,ST-13,P-31,3
ZH-0844,2022-11-14,ST-21,P-85,3
HG-49072,2021-12-06,ST-22,P-11,9
RP-01854,2020-03-11,ST-37,P-26,8
NK-470828,2021-07-09,ST-75,P-30,7
DK-190188,2024-06-01,ST-31,P-17,10
KW-052639,2023-08-28,ST-1,P-4,5
CE-540200,2024-03-23,ST-3,P-7,7
OE-036171,2021-11-24,ST-24,P-65,3
TI-1051,2022-05-20,ST-37,P-34,6
JY-03387,2021-04-20,ST-75,P-1,9
NR-6774,2021-11-03,ST-24,P-47,4
IV-995257,2020-01-09,ST-34,P-2,2
NU-679375,2024-02-23,ST-4,P-53,1
RD-9444,2022-03-13,ST-8,P-79,6
JI-99851,2022-07-24,ST-39,P-17,2
EC-49606,2023-07-01,ST-70,P-83,8
AW-15189,2023-10-08,ST-46,P-15,5
ML-990324,2024-10-31,ST-28,P-8,8
DD-668579,2020-05-21,ST-50,P-78,5
BZ-45446,2023-04-16,ST-6,P-6,4
KV-1262,2020-11-13,ST-47,P-87,6
BZ-7486,2020-08-08,ST-15,P-1,7
WI-586302,2022-08-07,ST-49,P-74,2
LL-153067,2021-03-29,ST-13,P-21,1
GQ-88616,2024-07-20,ST-8,P-70,9
VA-082390,2021-08-25,ST-34,P-73,1
GO-243501,2021-06-25,ST-32,P-41,4
TI-2739,2021-11-03,ST-52,P-80,9
AM-482085,2022-12-09,ST-18,P-18,4
KR-89110,2024-08-24,ST-1,P-45,3
RZ-30525,2023-03-20,ST-50,P-62,4
FK-9940,2021-11-04,ST-44,P-70,7
TD-62384,2020-05-29,ST-46,P-21,10
DD-1682,2023-10-18,ST-45,P-63,8
UG-4336,2024-09-24,ST-19,P-57,2
AB-76448,2022-07-26,ST-53,P-4,8
NY-466044,2020-05-10,ST-19,P-22,8
VH-75548,2021-03-31,ST-11,P-62,9
DI-71290,2024-01-17,ST-28,P-63,6
KA-005552,2020-02-14,ST-8,P-25,3
MA-095161,2023-06-27,ST-63,P-5,9
XF-99129,2020-02-17,ST-44,P-49,5
GZ-3360,2023-10-13,ST-75,P-85,7
NG-78635,2022-01-24,ST-64,P-2,8
NP-368398,2023-06-03,ST-27,P-61,3
EE-8776,2024-01-01,ST-33,P-50,5
KK-9363,2024-03-26,ST-1,P-64,8
UK-477813,2024-09-10,ST-63,P-28,5
IB-0367,2020-07-31,ST-55,P-43,10
BB-3445,2022-11-02,ST-64,P-62,5
DD-383333,2024-07-19,ST-30,P-39,6
YY-02713,2023-03-12,ST-58,P-5,1
FN-733016,2023-11-26,ST-11,P-82,3
SF-050229,2022-11-02,ST-45,P-9,8
LL-61367,2022-01-10,ST-39,P-51,8
OA-50662,2021-09-26,ST-22,P-56,8
UC-191717,2023-06-06,ST-44,P-2,4
WB-6789,2023-05-07,ST-66,P-51,3
TU-406261,2020-03-29,ST-35,P-32,6
GC-8937,2023-01-03,ST-15,P-79,4
EO-08777,2022-02-01,ST-6,P-32,1
XU-8893,2020-08-02,ST-38,P-26,4
EB-254548,2023-07-24,ST-74,P-61,1
AU-184715,2021-05-19,ST-66,P-53,6
XE-307112,2020-03-13,ST-74,P-47,10
EK-462350,2021-03-23,ST-68,P-4,4
GQ-5824,2020-09-25,ST-9,P-31,9
HQ-58959,2020-05-07,ST-3,P-69,5
HK-38097,2022-02-13,ST-65,P-62,5
BX-8779,2020-01-22,ST-42,P-45,1
GA-59564,2022-10-18,ST-34,P-81,8
HM-6614,2023-04-16,ST-10,P-47,1
XA-4302,2021-03-18,ST-33,P-26,3
OP-2287,2020-01-16,ST-64,P-81,10
IB-85483,2020-10-17,ST-45,P-70,6
EC-71498,2022-11-28,ST-48,P-64,4
VQ-3611,2024-07-01,ST-64,P-2,3
CJ-364335,2024-07-11,ST-13,P-30,2
EF-0435,2020-12-28,ST-34,P-15,2
YW-03836,2021-01-02,ST-64,P-43,3
ZE-151916,2024-01-29,ST-54,P-62,3
PI-3436,2023-11-17,ST-50,P-24,5
CG-3416,2020-11-19,ST-1,P-65,9
OC-101822,2022-12-17,ST-73,P-35,10
HH-63619,2020-09-28,ST-32,P-47,10
HR-0371,2023-04-07,ST-6,P-11,8
WJ-9395,2020-03-10,ST-31,P-65,5
XZ-9747,2023-01-11,ST-70,P-82,9
YJ-118416,2020-02-06,ST-64,P-61,5
OR-6854,2022-01-22,ST-57,P-25,4
BZ-03960,2021-10-20,ST-37,P-43,8
QJ-41892,2022-11-11,ST-9,P-9,6
NW-886955,2020-01-20,ST-3,P-40,2
SV-9813,2023-03-21,ST-72,P-81,2
CT-9780,2023-09-20,ST-74,P-51,6
ET-15399,2022-01-15,ST-24,P-71,10
FP-9578,2021-08-07,ST-4,P-9,5
JH-7455,2023-01-03,ST-4,P-35,10
LS-809967,2024-10-17,ST-50,P-13,6
BQ-4356,2020-12-16,ST-69,P-72,1
ZT-54860,2022-10-08,ST-27,P-77,7
XE-0918,2022-03-12,ST-64,P-61,2
RN-9596,2022-01-06,ST-31,P-32,10
FH-20817,2023-01-04,ST-63,P-54,5
BK-835001,2023-10-18,ST-49,P-30,6
JK-7020,2020-03-21,ST-50,P-68,6
SP-4226,2021-11-20,ST-18,P-8,4
FV-2422,2022-06-11,ST-21,P-70,9
NY-04908,2020-08-20,ST-26,P-52,4
WI-044693,2023-04-03,ST-56,P-80,5
GG-87401,2021-08-12,ST-40,P-13,10
GE-06743,2021-11-10,ST-11,P-9,4
LG-7457,2024-03-08,ST-55,P-89,2
FC-62278,2021-09-26,ST-6,P-57,9
GE-541097,2022-10-31,ST-61,P-73,1
EO-088326,2021-07-10,ST-75,P-28,10
VB-169259,2023-07-24,ST-56,P-12,10
UH-082846,2024-08-29,ST-37,P-88,6
QA-84173,2022-12-25,ST-53,P-36,1
NF-799798,2023-12-21,ST-45,P-74,2
RP-233638,2022-02-23,ST-8,P-41,2
VB-064084,2021-01-05,ST-15,P-73,7
AV-76078,2024-05-15,ST-70,P-31,8
IN-00097,2024-01-11,ST-57,P-41,8
AC-79475,2022-02-01,ST-68,P-50,9
KP-5310,2020-04-22,ST-69,P-80,10
CZ-10732,2024-10-27,ST-66,P-27,1
KM-588843,2022-01-20,ST-75,P-14,5
BZ-6472,2024-09-25,ST-60,P-71,3
VI-74514,2021-01-31,ST-73,P-86,2
RB-280285,2022-04-21,ST-23,P-48,7
WX-60337,2020-05-06,ST-65,P-15,5
BP-848018,2024-07-25,ST-42,P-87,5
KX-463841,2022-03-01,ST-9,P-37,2
ES-8023,2024-09-18,ST-56,P-64,9
IJ-481914,2024-10-20,ST-30,P-63,5
IN-52320,2024-09-17,ST-63,P-51,8
ZP-549201,2022-11-11,ST-64,P-39,2
PE-9315,2020-04-09,ST-64,P-18,6
SZ-877453,2024-06-01,ST-30,P-55,5
VO-91606,2024-01-25,ST-15,P-33,3
SA-636739,2023-08-04,ST-19,P-53,9
CV-742559,2020-02-19,ST-60,P-23,3
TE-8779,2024-08-09,ST-10,P-15,2
FP-0146,2023-05-31,ST-17,P-1,3
LV-550425,2022-12-06,ST-32,P-69,10
YP-58482,2021-11-05,ST-38,P-20,5
ET-9627,2020-09-26,ST-24,P-19,6
DG-198171,2023-07-28,ST-59,P-19,10
AS-640086,2023-02-15,ST-57,P-21,8
AF-0771,2021-08-10,ST-75,P-56,8
FU-15588,2023-05-18,ST-34,P-57,1
EZ-606497,2020-01-05,ST-24,P-26,4
RT-5946,2023-10-05,ST-42,P-1,10
TC-065255,2020-12-20,ST-20,P-3,8
QS-29529,2021-12-15,ST-28,P-55,2
YI-77149,2020-01-21,ST-49,P-13,4
BN-9803,2024-07-03,ST-19,P-1,7
SM-17428,2021-03-27,ST-63,P-57,8
JN-4617,2020-02-18,ST-42,P-37,8
PV-09709,2022-12-10,ST-69,P-83,4
BA-90972,2020-12-31,ST-55,P-86,1
BA-6872,2022-01-20,ST-7,P-51,10
UQ-24789,2022-11-12,ST-59,P-39,10
YR-9599,2023-05-07,ST-8,P-55,5
SE-488925,2023-03-11,ST-28,P-8,4
BQ-00497,2021-10-10,ST-22,P-7,7
CV-00089,2024-10-12,ST-59,P-5,5
ZV-5530,2020-03-27,ST-27,P-79,7
CU-1050,2024-06-21,ST-33,P-38,10
PN-73990,2021-03-03,ST-72,P-7,6
OC-86907,2021-07-25,ST-46,P-26,3
JQ-5233,2023-08-22,ST-21,P-64,8
ZE-18704,2021-11-28,ST-4,P-18,1
VJ-8230,2020-08-21,ST-75,P-5,10
VG-5087,2021-03-27,ST-3,P-88,10
CA-3125,2020-09-13,ST-2,P-17,6
AL-218572,2022-08-29,ST-74,P-41,1
HC-06888,2022-02-27,ST-14,P-38,8
GE-9136,2021-12-18,ST-55,P-2,7
IR-1943,2021-12-16,ST-60,P-82,9
DZ-1310,2022-07-31,ST-29,P-83,6
FW-2886,2020-04-20,ST-19,P-8,3
XI-822174,2024-10-22,ST-59,P-87,10
ES-419328,2023-06-14,ST-75,P-47,9
CK-628274,2022-06-02,ST-17,P-34,3
WJ-03187,2023-07-24,ST-35,P-55,7
ES-713780,2023-08-12,ST-35,P-37,7
VH-3145,2022-09-30,ST-46,P-61,2
DE-59889,2022-07-12,ST-61,P-12,10
XX-483914,2024-05-30,ST-36,P-39,3
RO-20772,2023-12-18,ST-9,P-50,3
RN-2206,2022-06-06,ST-46,P-58,2
UF-86266,2023-10-06,ST-36,P-33,4
VV-20173,2024-07-02,ST-68,P-19,2
CJ-570357,2023-05-24,ST-74,P-30,3
MS-70850,2020-03-29,ST-20,P-72,9
AG-055725,2024-02-18,ST-35,P-63,1
LJ-64228,2021-06-19,ST-59,P-73,3
PU-25088,2024-01-01,ST-53,P-26,7
LQ-00596,2020-10-22,ST-65,P-50,2
BC-098849,2021-05-23,ST-50,P-26,10
YI-4555,2021-02-23,ST-72,P-47,10
PU-4801,2024-03-12,ST-42,P-54,5
WD-641348,2023-07-15,ST-1,P-7,1
VQ-0713,2021-09-10,ST-2,P-63,9
PA-085478,2024-05-06,ST-12,P-20,1
YZ-7469,2023-05-30,ST-68,P-38,2
DM-8695,2020-01-11,ST-49,P-69,5
QW-84258,2022-08-06,ST-38,P-50,6
LP-074598,2020-03-30,ST-40,P-46,1
QQ-756631,2022-05-13,ST-55,P-20,2
HL-99002,2024-08-24,ST-26,P-39,8
OU-9908,2022-10-25,ST-13,P-41,9
CH-814048,2023-12-27,ST-19,P-54,1
KG-989264,2023-05-25,ST-32,P-26,4
JH-57128,2022-01-17,ST-57,P-88,9
EL-2311,2023-01-10,ST-31,P-37,1
VT-80164,2021-12-30,ST-36,P-18,8
DQ-18816,2020-10-29,ST-63,P-23,5
CR-821315,2022-01-11,ST-21,P-31,4
HD-8344,2021-10-23,ST-24,P-11,10
NC-8948,2023-12-09,ST-46,P-87,7
XC-21461,2020-05-03,ST-74,P-34,2
BA-00640,2022-07-05,ST-14,P-75,1
MV-5002,2022-03-14,ST-67,P-50,2
GM-637915,2020-12-31,ST-32,P-74,9
IP-63450,2020-05-05,ST-38,P-83,3
GA-81076,2022-09-04,ST-10,P-52,4
LS-2795,2021-03-31,ST-36,P-58,8
UJ-328682,2021-10-03,ST-14,P-17,8
FJ-2963,2024-02-03,ST-18,P-83,3
QO-519913,2023-01-01,ST-39,P-41,2
IP-9508,2024-02-16,ST-38,P-57,4
SQ-2433,2024-09-02,ST-17,P-2,8
WJ-578166,2020-09-01,ST-55,P-31,6
CY-50712,2022-11-02,ST-70,P-10,7
JG-095352,2023-04-14,ST-36,P-67,3
FJ-09928,2021-01-02,ST-24,P-11,10
OI-086094,2020-12-21,ST-29,P-41,8
PI-9118,2023-11-01,ST-66,P-1,3
LG-056819,2022-09-19,ST-70,P-70,5
HZ-206064,2020-06-22,ST-34,P-85,1
DD-754846,2022-01-12,ST-4,P-38,7
ZR-92291,2021-11-23,ST-74,P-10,10
LV-5465,2024-05-07,ST-48,P-47,1
FT-733826,2022-08-25,ST-4,P-50,9
ZI-35714,2020-01-15,ST-63,P-36,8
FG-015848,2024-04-17,ST-26,P-75,5
NV-2649,2024-01-21,ST-73,P-59,1
OS-306178,2023-04-21,ST-6,P-24,7
OV-9070,2023-02-09,ST-28,P-76,10
QK-75616,2021-08-27,ST-36,P-45,5
LQ-9011,2024-05-20,ST-11,P-67,7
OS-197957,2023-12-25,ST-68,P-77,2
DM-8479,2021-04-18,ST-4,P-30,8
XW-175354,2020-07-09,ST-72,P-74,1
GE-5481,2020-06-12,ST-4,P-88,10
WZ-336826,2022-05-04,ST-19,P-68,4
SH-8997,2021-08-31,ST-21,P-78,9
EQ-0904,2022-07-23,ST-15,P-76,2
WB-58206,2023-07-02,ST-36,P-33,2
ZX-31495,2021-02-01,ST-23,P-21,7
DS-723916,2022-11-08,ST-3,P-14,8
GX-737458,2020-03-05,ST-22,P-70,10
IZ-0026,2020-08-18,ST-53,P-84,9
WD-6493,2023-09-11,ST-75,P-66,9
XO-4623,2020-01-16,ST-11,P-31,1
TF-808107,2024-06-08,ST-75,P-23,6
WG-865213,2020-03-10,ST-61,P-57,9
VM-8030,2024-10-11,ST-72,P-78,8
ST-4676,2021-06-14,ST-20,P-19,2
JQ-9993,2024-06-18,ST-75,P-15,4
EF-7592,2024-07-15,ST-55,P-73,7
JU-19238,2020-11-28,ST-44,P-78,3
LS-9873,2023-07-23,ST-48,P-67,2
RB-82327,2020-07-31,ST-25,P-89,7
DH-243447,2020-07-04,ST-71,P-2,10
IB-8934,2023-12-30,ST-2,P-29,4
AU-26437,2023-11-03,ST-8,P-54,4
OA-527074,2023-08-08,ST-57,P-4,1
CQ-553520,2024-03-14,ST-14,P-16,6
CC-84510,2023-03-31,ST-59,P-64,1
RA-7400,2024-05-02,ST-26,P-25,1
VS-63364,2024-11-02,ST-2,P-29,9
CQ-1161,2021-05-31,ST-23,P-2,3
GF-3345,2020-04-04,ST-42,P-15,5
YX-7770,2023-10-24,ST-54,P-13,6
EP-9304,2022-05-01,ST-67,P-9,7
XG-21901,2020-12-23,ST-20,P-12,8
EQ-01909,2024-09-07,ST-74,P-27,6
RB-80154,2020-03-24,ST-26,P-34,7
II-959611,2023-03-26,ST-21,P-54,2
QG-91508,2022-01-23,ST-46,P-38,6
JW-1951,2020-12-24,ST-55,P-55,7
LD-493590,2023-05-19,ST-75,P-69,3
ZO-887628,2023-05-11,ST-73,P-58,3
NM-84186,2024-02-02,ST-58,P-73,8
SH-513396,2020-02-12,ST-14,P-8,9
HQ-9672,2023-12-04,ST-52,P-4,8
QT-97241,2023-11-04,ST-32,P-15,6
JE-6783,2020-04-13,ST-70,P-86,9
IQ-0175,2020-11-16,ST-39,P-25,9
TT-456166,2021-12-11,ST-20,P-77,10
QF-778270,2021-12-03,ST-26,P-2,7
EH-7198,2021-05-28,ST-19,P-82,6
RW-174917,2024-10-27,ST-48,P-35,4
EP-1011,2023-08-03,ST-45,P-7,10
KQ-84515,2021-03-22,ST-75,P-24,3
DQ-532109,2021-11-28,ST-23,P-68,2
UK-7678,2022-08-01,ST-40,P-22,9
GV-115739,2020-07-20,ST-19,P-78,6
MZ-9560,2023-09-04,ST-34,P-39,1
LM-152002,2023-01-25,ST-46,P-66,9
JW-277895,2021-10-08,ST-66,P-60,6
QG-02174,2023-03-09,ST-1,P-79,10
SV-9495,2023-10-30,ST-47,P-79,9
DU-4658,2023-07-17,ST-28,P-24,9
FK-48422,2022-08-23,ST-53,P-79,9
AT-95046,2020-08-13,ST-26,P-38,1
ZJ-70918,2021-10-26,ST-32,P-61,4
UC-83890,2021-06-09,ST-7,P-32,4
RK-940203,2022-04-06,ST-68,P-64,1
BU-1735,2024-03-18,ST-27,P-22,2
YA-39404,2022-08-30,ST-4,P-48,5
YO-199031,2024-08-18,ST-19,P-31,6
KW-89394,2021-04-24,ST-23,P-8,1
ZO-42963,2021-06-22,ST-22,P-73,1
XM-01872,2024-09-03,ST-4,P-73,7
GR-3192,2024-10-21,ST-60,P-19,3
HH-21441,2023-03-05,ST-24,P-82,3
IT-364953,2023-11-15,ST-55,P-5,10
AE-858374,2022-06-15,ST-23,P-63,5
GD-4032,2020-01-13,ST-18,P-46,4
IZ-8623,2021-08-21,ST-69,P-67,2
CI-824867,2020-09-20,ST-60,P-72,10
MB-391181,2023-08-06,ST-56,P-59,10
XH-790239,2023-03-10,ST-3,P-54,10
QF-934971,2024-05-17,ST-31,P-4,10
DU-841230,2020-02-22,ST-27,P-18,7
ZO-084305,2020-12-25,ST-71,P-35,7
SS-244489,2023-05-01,ST-49,P-50,9
BS-7202,2023-01-12,ST-22,P-71,7
KA-8801,2023-11-13,ST-20,P-58,4
SC-180656,2021-04-14,ST-54,P-41,9
QQ-9765,2021-09-13,ST-72,P-20,7
RI-94159,2021-06-10,ST-30,P-36,5
ML-0591,2021-09-30,ST-54,P-41,1
II-436170,2021-09-29,ST-42,P-63,6
WM-52729,2022-12-08,ST-68,P-79,10
HH-98175,2022-09-03,ST-50,P-53,3
AK-47578,2021-06-04,ST-4,P-53,3
NY-5917,2022-05-16,ST-44,P-13,8
FD-086909,2024-06-09,ST-40,P-74,3
LF-957698,2020-12-11,ST-36,P-87,3
ZO-7473,2020-06-20,ST-34,P-54,3
RZ-224869,2020-12-20,ST-22,P-22,4
GJ-33143,2024-06-04,ST-29,P-46,1
RZ-8505,2020-01-28,ST-53,P-8,3
FO-435779,2021-04-15,ST-28,P-71,10
FY-31379,2023-07-26,ST-34,P-85,6
XK-52737,2020-01-10,ST-24,P-7,9
QE-8888,2022-02-09,ST-55,P-76,10
KS-3775,2023-09-22,ST-17,P-56,2
PA-9570,2023-09-23,ST-9,P-65,1
QN-1180,2023-10-18,ST-65,P-44,10
BL-67389,2023-02-04,ST-18,P-39,7
HQ-59202,2020-09-14,ST-5,P-19,1
AG-4410,2024-02-08,ST-66,P-66,6
BJ-5983,2021-09-16,ST-60,P-67,4
YB-583038,2020-04-07,ST-58,P-52,5
VR-0092,2021-01-19,ST-60,P-29,5
TV-4308,2024-01-05,ST-45,P-84,5
NE-131357,2021-09-15,ST-6,P-45,2
ML-3360,2024-08-12,ST-66,P-7,5
ZY-524466,2020-12-20,ST-57,P-5,6
US-546209,2023-05-09,ST-40,P-60,6
BJ-05033,2021-03-16,ST-12,P-67,6
NY-288858,2024-07-04,ST-51,P-8,10
VN-94681,2022-01-23,ST-56,P-6,10
AT-294376,2022-08-27,ST-3,P-46,10
UR-61835,2024-10-16,ST-49,P-30,9
YS-71730,2022-01-09,ST-33,P-47,7
RD-53989,2020-07-09,ST-27,P-47,9
HK-856443,2023-10-09,ST-13,P-84,10
TN-353494,2021-05-21,ST-24,P-8,3
XQ-744803,2021-10-27,ST-55,P-73,1
IH-38888,2022-03-10,ST-28,P-23,5
CW-864009,2024-08-26,ST-30,P-50,3
FM-9367,2023-12-14,ST-53,P-70,8
KF-63761,2024-02-01,ST-66,P-13,3
FH-20187,2022-02-21,ST-24,P-74,1
TQ-974692,2024-03-03,ST-67,P-7,3
KK-35386,2020-02-15,ST-65,P-15,3
NH-2082,2024-05-01,ST-26,P-83,10
SR-29703,2021-04-29,ST-61,P-37,7
AU-94015,2020-07-04,ST-74,P-41,4
NQ-4959,2022-08-08,ST-1,P-38,7
IT-0448,2020-02-20,ST-12,P-64,10
CO-84001,2024-07-01,ST-70,P-79,1
YQ-23000,2024-04-01,ST-36,P-73,8
ZT-210594,2021-08-29,ST-31,P-44,10
EZ-15509,2024-11-08,ST-28,P-29,2
RV-355237,2023-12-12,ST-21,P-73,6
VQ-551622,2022-11-16,ST-32,P-26,9
EY-55415,2021-10-04,ST-75,P-75,1
SV-6901,2023-03-11,ST-59,P-1,7
DM-33597,2022-10-18,ST-22,P-13,10
NB-140598,2022-03-24,ST-25,P-31,2
YY-3626,2022-08-30,ST-69,P-63,1
DD-1277,2023-03-16,ST-51,P-48,7
EV-673818,2021-02-17,ST-72,P-42,4
MH-8768,2021-09-27,ST-23,P-42,2
HJ-30780,2023-12-21,ST-61,P-64,5
FJ-136319,2023-10-20,ST-54,P-57,7
II-2846,2020-10-23,ST-40,P-78,4
EA-66014,2022-06-17,ST-62,P-19,4
HB-1485,2024-04-19,ST-15,P-81,4
HV-18950,2020-11-01,ST-75,P-38,7
XM-444181,2020-04-26,ST-8,P-37,5
UD-14892,2024-07-28,ST-66,P-69,10
AM-10242,2022-09-20,ST-43,P-76,7
GT-81533,2023-09-11,ST-47,P-59,4
AC-5599,2024-03-13,ST-28,P-51,6
WI-380655,2020-02-04,ST-20,P-86,8
AF-730556,2021-04-11,ST-60,P-54,8
LW-64790,2021-01-16,ST-49,P-22,6
RV-93880,2023-11-16,ST-22,P-4,1
ZQ-732474,2020-10-20,ST-74,P-88,6
YF-64953,2022-08-31,ST-34,P-19,6
AZ-879865,2022-02-28,ST-58,P-65,3
AF-7555,2021-06-29,ST-9,P-29,6
KX-83551,2020-09-13,ST-17,P-81,3
AC-270859,2020-08-08,ST-55,P-81,7
GA-50085,2022-11-07,ST-72,P-78,5
FP-0842,2021-10-03,ST-26,P-74,4
FL-07078,2020-01-21,ST-58,P-31,2
XP-5890,2023-08-11,ST-56,P-12,6
GS-7077,2020-10-12,ST-26,P-41,2
KI-100496,2023-10-02,ST-40,P-36,1
PU-03549,2021-06-01,ST-20,P-28,3
SG-165841,2020-09-17,ST-37,P-81,5
XL-026312,2024-05-21,ST-36,P-58,9
EZ-62387,2021-09-06,ST-29,P-11,5
TO-295761,2024-01-27,ST-33,P-63,6
KD-786916,2022-07-28,ST-7,P-50,10
PE-12702,2023-04-20,ST-63,P-69,5
XI-917887,2021-12-30,ST-32,P-35,2
FZ-31874,2023-10-09,ST-46,P-48,2
JZ-9981,2022-01-08,ST-20,P-23,9
ZF-6478,2024-09-21,ST-75,P-14,2
GL-351900,2022-05-22,ST-38,P-70,4
FS-8875,2023-02-10,ST-40,P-50,5
CM-44737,2022-01-08,ST-9,P-22,2
LA-0671,2022-08-19,ST-35,P-34,8
WY-392603,2023-02-02,ST-36,P-63,3
TF-40170,2022-07-24,ST-56,P-40,10
QI-1859,2024-10-11,ST-11,P-39,4
WE-35556,2023-09-20,ST-15,P-85,6
JZ-3166,2021-09-09,ST-64,P-48,4
FY-58619,2021-02-27,ST-63,P-15,3
SU-740458,2020-06-09,ST-5,P-76,6
ST-40188,2020-05-03,ST-71,P-64,8
BC-39563,2021-08-21,ST-58,P-57,10
RH-14529,2020-04-16,ST-22,P-48,5
ZN-3434,2024-03-12,ST-56,P-57,1
EC-7372,2022-05-17,ST-46,P-64,8
FN-68237,2020-09-09,ST-11,P-75,9
GI-2378,2022-03-18,ST-5,P-32,7
PY-76290,2020-11-26,ST-12,P-19,3
PU-53474,2021-05-26,ST-16,P-15,7
SV-718571,2021-04-29,ST-52,P-72,1
FF-58501,2020-09-10,ST-52,P-85,1
NK-826826,2023-06-01,ST-37,P-61,6
PT-17419,2021-09-17,ST-56,P-17,10
US-2929,2022-04-28,ST-3,P-40,9
RP-81877,2022-08-24,ST-10,P-69,4
LD-0904,2021-12-30,ST-56,P-71,3
YC-2824,2022-02-20,ST-75,P-36,9
EP-683005,2022-08-03,ST-62,P-18,9
PA-39409,2021-12-04,ST-13,P-5,9
NQ-9778,2022-02-02,ST-62,P-47,4
VT-1983,2021-03-28,ST-19,P-64,6
WK-9973,2024-06-28,ST-21,P-23,10
LD-7386,2022-03-20,ST-7,P-31,1
SX-07042,2023-01-01,ST-62,P-41,10
JV-920617,2022-05-03,ST-27,P-7,4
CD-06451,2024-08-10,ST-41,P-49,2
GH-2836,2021-02-27,ST-4,P-11,4
ZY-130811,2022-07-29,ST-47,P-46,4
RW-3673,2022-04-19,ST-66,P-61,9
UG-32723,2023-10-01,ST-65,P-46,1
UR-45222,2022-02-05,ST-37,P-60,3
MZ-64053,2020-09-01,ST-30,P-51,6
DF-3303,2024-01-30,ST-14,P-3,4
RL-0663,2022-01-14,ST-26,P-34,4
HT-8964,2024-03-04,ST-24,P-40,3
XY-4290,2023-02-18,ST-52,P-25,6
NT-7271,2021-08-14,ST-2,P-43,10
JA-1980,2020-12-20,ST-54,P-14,5
KV-25399,2023-07-10,ST-9,P-60,10
FK-62844,2024-02-09,ST-28,P-33,8
AB-6709,2023-08-31,ST-52,P-60,1
XH-62001,2021-02-11,ST-34,P-85,1
MM-277641,2024-09-27,ST-45,P-45,10
GL-167435,2020-06-03,ST-61,P-53,10
NA-11121,2024-10-02,ST-72,P-59,3
YX-7687,2022-07-28,ST-5,P-81,6
XF-454353,2024-04-24,ST-61,P-38,6
MU-9059,2024-08-01,ST-6,P-75,10
YO-041104,2023-02-14,ST-21,P-52,3
XO-150778,2024-08-01,ST-49,P-24,5
BV-541845,2022-03-04,ST-54,P-76,8
DZ-37072,2024-10-11,ST-58,P-5,4
AM-631407,2022-11-14,ST-54,P-31,6
YY-279325,2020-02-05,ST-36,P-54,1
AJ-62098,2022-02-06,ST-58,P-65,3
VX-379421,2023-02-22,ST-31,P-69,3
HT-9008,2020-06-30,ST-63,P-66,10
GL-7674,2023-03-14,ST-17,P-44,5
SC-3921,2024-10-13,ST-75,P-24,2
WN-13681,2020-08-13,ST-29,P-33,10
QP-2268,2020-12-06,ST-9,P-75,5
RF-7676,2022-03-27,ST-29,P-15,2
TD-3737,2021-10-16,ST-71,P-18,6
AC-3896,2022-05-16,ST-36,P-72,6
FJ-492501,2024-02-13,ST-25,P-71,6
ZO-20357,2024-10-14,ST-62,P-44,2
KM-3675,2021-10-01,ST-6,P-65,10
JK-5576,2021-02-23,ST-7,P-33,7
HX-7818,2022-08-19,ST-20,P-54,3
VY-125420,2020-12-18,ST-2,P-61,9
WM-090732,2020-09-04,ST-26,P-23,4
JF-8470,2021-07-26,ST-27,P-72,2
QH-377845,2022-07-20,ST-26,P-36,8
CM-50463,2020-02-09,ST-17,P-54,2
DA-1829,2022-07-09,ST-11,P-58,9
WL-25475,2021-12-10,ST-20,P-22,4
FD-770088,2022-11-05,ST-52,P-48,7
CS-24076,2022-07-21,ST-2,P-74,10
LU-3201,2022-10-01,ST-12,P-60,2
XU-196465,2021-06-18,ST-17,P-62,1
ZF-705677,2021-08-10,ST-37,P-21,8
YO-547029,2022-06-19,ST-67,P-80,9
OR-0985,2024-09-24,ST-27,P-37,3
BG-9985,2022-01-29,ST-3,P-83,5
VV-66251,2021-11-01,ST-64,P-44,9
TL-354727,2020-08-21,ST-54,P-30,1
OD-729794,2021-06-04,ST-30,P-32,2
UE-12559,2022-09-23,ST-37,P-60,3
QT-314104,2023-06-06,ST-52,P-78,8
MI-390485,2022-10-31,ST-59,P-51,3
WJ-27373,2024-09-20,ST-40,P-73,4
QR-685311,2022-12-06,ST-40,P-10,3
WQ-70997,2023-09-10,ST-54,P-70,2
AI-32202,2021-05-03,ST-11,P-63,3
EY-26511,2020-01-27,ST-9,P-38,3
RS-44826,2022-01-09,ST-43,P-35,4
MD-9883,2024-10-09,ST-67,P-44,5
QI-844941,2021-12-11,ST-12,P-26,2
GK-87994,2024-03-18,ST-32,P-62,5
SM-873089,2023-03-18,ST-62,P-46,7
AR-39714,2022-02-20,ST-45,P-70,6
UU-057159,2020-01-16,ST-23,P-34,4
IN-24379,2023-07-09,ST-13,P-22,6
PB-9586,2023-07-29,ST-34,P-7,6
DB-731957,2023-07-29,ST-54,P-16,1
HM-556447,2023-03-21,ST-67,P-11,8
XH-5216,2023-10-04,ST-66,P-65,4
GH-832613,2021-06-30,ST-54,P-58,5
HE-684909,2022-02-07,ST-22,P-4,5
QP-38678,2022-04-27,ST-27,P-33,5
EH-431208,2020-05-05,ST-7,P-48,3
BH-15620,2022-06-08,ST-30,P-83,5
UW-9778,2022-01-19,ST-38,P-17,5
AU-153059,2022-06-11,ST-42,P-51,6
OU-581491,2023-12-03,ST-70,P-48,7
UX-69663,2024-11-06,ST-40,P-61,7
QV-4956,2024-05-18,ST-23,P-67,8
AX-137838,2022-11-19,ST-49,P-46,6
XD-2705,2020-09-26,ST-15,P-64,4
KV-346581,2024-04-24,ST-3,P-77,1
SW-4869,2024-01-21,ST-47,P-64,5
GX-93416,2024-02-01,ST-38,P-20,6
UZ-934596,2023-03-15,ST-22,P-88,2
DS-538526,2022-12-25,ST-3,P-7,5
UM-2102,2024-07-06,ST-25,P-86,4
JM-226266,2020-02-23,ST-48,P-61,7
AY-41957,2024-03-16,ST-9,P-33,2
ZV-561198,2022-12-26,ST-4,P-49,7
IZ-23992,2020-10-10,ST-32,P-11,6
WR-14196,2020-12-10,ST-48,P-72,5
DV-8827,2022-12-30,ST-16,P-28,5
CC-50208,2022-09-03,ST-38,P-29,4
DJ-0805,2021-01-15,ST-18,P-66,2
VK-6714,2023-02-13,ST-69,P-81,6
CR-712929,2022-12-16,ST-38,P-36,6
IU-19591,2022-09-10,ST-50,P-16,8
GE-58548,2020-10-09,ST-62,P-81,2
EA-30679,2020-02-26,ST-15,P-3,10
ZH-0813,2022-12-06,ST-58,P-85,3
CH-20880,2020-09-17,ST-9,P-56,4
WK-612793,2024-07-08,ST-12,P-41,2
IZ-49644,2021-01-12,ST-21,P-60,9
GT-5769,2021-05-31,ST-58,P-56,1
HM-6539,2020-03-18,ST-74,P-28,8
HT-8644,2021-09-15,ST-6,P-84,8
EA-60808,2022-08-14,ST-23,P-58,4
EN-141014,2024-07-23,ST-73,P-36,9
SZ-3647,2023-01-12,ST-74,P-30,3
KB-4736,2021-07-20,ST-24,P-75,5
SM-198810,2024-08-23,ST-57,P-37,4
KT-2315,2024-11-05,ST-21,P-59,8
FH-998339,2020-08-28,ST-42,P-1,4
ZJ-4475,2021-06-20,ST-20,P-7,8
NL-603018,2020-03-06,ST-15,P-40,7
CN-273403,2022-10-15,ST-40,P-28,10
ZI-6035,2022-03-05,ST-44,P-8,7
MQ-943766,2022-06-29,ST-14,P-21,2
SA-24273,2020-12-31,ST-44,P-75,8
ZR-69968,2024-09-13,ST-56,P-55,3
SB-17758,2023-11-24,ST-34,P-86,1
WN-4372,2021-12-13,ST-50,P-33,1
SG-905032,2024-02-29,ST-63,P-62,1
MH-27393,2024-02-11,ST-56,P-3,7
VL-748168,2023-12-07,ST-48,P-62,8
LS-27424,2023-05-19,ST-48,P-30,6
DU-86487,2022-05-06,ST-29,P-44,5
PU-088935,2022-09-13,ST-60,P-48,10
NJ-5715,2021-12-03,ST-40,P-68,9
LT-704997,2023-09-25,ST-71,P-66,6
KR-44015,2020-06-29,ST-46,P-13,4
YU-35628,2024-07-06,ST-31,P-49,9
XN-64118,2022-12-31,ST-24,P-25,3
QY-246515,2023-04-01,ST-56,P-22,5
LK-28704,2020-10-03,ST-27,P-36,8
AT-2190,2022-11-24,ST-75,P-12,7
TC-9263,2021-02-01,ST-21,P-10,6
ZV-65936,2023-12-17,ST-15,P-87,3
XX-12057,2020-11-12,ST-61,P-6,9
SC-8090,2020-03-11,ST-18,P-1,10
UW-8585,2021-12-09,ST-21,P-47,6
JT-3817,2020-11-24,ST-44,P-29,2
BK-35473,2021-05-23,ST-74,P-46,5
LW-291496,2022-06-04,ST-13,P-49,3
HJ-29861,2021-11-15,ST-8,P-14,1
UH-1319,2023-07-30,ST-18,P-22,7
ZR-72692,2022-05-13,ST-38,P-54,8
DL-51766,2020-07-26,ST-43,P-69,3
BB-38025,2020-12-22,ST-54,P-46,7
GH-2982,2024-08-02,ST-71,P-3,6
OF-0810,2020-02-18,ST-27,P-62,9
CJ-830821,2022-12-03,ST-63,P-89,6
ZK-416335,2022-11-28,ST-69,P-41,10
IT-42774,2024-08-04,ST-27,P-86,3
ZP-094982,2024-10-04,ST-33,P-32,10
UN-23293,2022-11-18,ST-4,P-89,2
XJ-673406,2021-07-11,ST-51,P-36,10
VF-3115,2022-12-03,ST-70,P-14,2
ZU-003389,2020-03-14,ST-66,P-25,7
XM-0855,2022-03-28,ST-26,P-70,9
OB-25294,2021-09-05,ST-30,P-39,5
TG-3673,2020-11-17,ST-74,P-19,5
YH-1316,2022-08-26,ST-29,P-80,2
YR-336029,2024-11-12,ST-30,P-30,5
KT-21575,2024-04-17,ST-73,P-18,7
XG-33361,2022-02-05,ST-15,P-39,2
AC-67107,2021-05-17,ST-30,P-29,5
WD-27684,2023-10-18,ST-67,P-33,3
WO-15640,2021-10-11,ST-59,P-13,5
HX-3464,2020-09-24,ST-29,P-28,8
KM-4726,2023-08-29,ST-60,P-1,8
MH-47195,2023-11-06,ST-71,P-81,4
OH-33576,2023-07-18,ST-66,P-56,5
YA-6722,2020-05-14,ST-4,P-69,7
ON-8719,2021-09-25,ST-56,P-34,3
IK-57509,2022-11-18,ST-56,P-83,2
JF-38510,2020-12-26,ST-38,P-5,8
CZ-546484,2022-08-23,ST-18,P-57,9
GV-0268,2020-02-06,ST-41,P-88,8
YR-06658,2024-02-26,ST-1,P-15,2
AJ-4282,2022-10-30,ST-59,P-36,1
ZW-174834,2020-04-09,ST-48,P-64,1
EP-102327,2024-03-25,ST-52,P-30,10
YU-467386,2023-09-21,ST-58,P-73,1
XT-457188,2024-01-18,ST-27,P-8,6
DM-184123,2022-11-20,ST-55,P-63,9
KC-76494,2020-06-30,ST-51,P-66,3
LU-887336,2024-07-10,ST-5,P-25,6
XR-1353,2024-11-12,ST-3,P-4,5
OY-241324,2022-03-10,ST-46,P-53,5
VX-5045,2022-02-25,ST-25,P-5,10
WA-74948,2024-07-11,ST-43,P-1,1
ZJ-2366,2022-04-02,ST-66,P-84,9
RF-8283,2021-06-28,ST-54,P-57,4
IA-5306,2023-12-21,ST-22,P-67,1
UT-3723,2022-04-16,ST-74,P-73,4
QU-357794,2022-12-30,ST-72,P-31,8
GS-60838,2023-02-27,ST-16,P-9,3
IM-758562,2021-03-12,ST-39,P-41,8
YT-613425,2020-08-26,ST-39,P-51,1
WH-3094,2020-06-20,ST-31,P-25,3
GT-7537,2021-11-23,ST-42,P-21,6
YE-7606,2020-07-19,ST-24,P-56,7
UN-790139,2023-11-10,ST-1,P-30,3
GJ-2277,2023-02-02,ST-17,P-7,5
YW-8479,2023-05-27,ST-69,P-45,6
VJ-328115,2024-02-02,ST-60,P-85,5
CC-86552,2022-07-15,ST-13,P-70,6
PJ-477792,2020-01-02,ST-25,P-35,5
UI-936328,2024-09-23,ST-18,P-40,9
SK-543854,2021-10-02,ST-63,P-34,6
UR-4191,2023-07-06,ST-17,P-27,2
ZO-065270,2022-04-25,ST-70,P-70,10
PN-189573,2023-12-01,ST-10,P-77,8
YP-90853,2023-03-27,ST-12,P-61,10
AU-72952,2020-11-11,ST-55,P-83,8
DR-9665,2024-08-25,ST-17,P-53,8
IZ-73749,2022-08-07,ST-46,P-40,4
XV-656032,2022-08-30,ST-24,P-51,10
LB-806975,2021-08-10,ST-9,P-32,1
KB-81931,2023-02-16,ST-62,P-50,1
DZ-5939,2022-07-10,ST-74,P-73,2
YC-524898,2021-09-01,ST-13,P-61,9
UY-80418,2021-04-20,ST-24,P-45,7
NW-152872,2024-05-18,ST-1,P-19,7
XD-848050,2021-03-29,ST-28,P-6,1
FT-2674,2023-02-19,ST-11,P-72,3
QG-3239,2023-01-05,ST-10,P-76,7
QF-83099,2023-03-31,ST-47,P-39,5
GN-64541,2022-09-05,ST-5,P-75,4
GC-25949,2022-06-16,ST-72,P-6,3
VI-1644,2024-06-02,ST-27,P-79,8
MN-577174,2020-05-15,ST-45,P-26,1
QS-636030,2020-03-05,ST-72,P-31,5
SI-3101,2023-05-19,ST-12,P-73,10
QJ-1408,2020-09-09,ST-73,P-27,10
SB-03817,2023-12-14,ST-38,P-74,8
DP-842332,2021-05-02,ST-18,P-85,3
PF-888845,2020-04-28,ST-34,P-49,6
FQ-19100,2022-12-10,ST-73,P-39,2
BP-1883,2022-12-06,ST-18,P-22,5
GH-00406,2021-11-28,ST-38,P-9,9
WG-521019,2020-05-16,ST-43,P-4,5
CE-44578,2022-12-02,ST-43,P-22,4
KW-9049,2022-03-17,ST-20,P-19,6
KL-1290,2023-04-13,ST-3,P-76,10
RV-8445,2022-07-23,ST-10,P-32,9
TX-0357,2021-06-05,ST-66,P-32,4
LQ-01453,2023-02-04,ST-15,P-18,7
SB-31957,2023-03-23,ST-17,P-33,3
YB-69871,2021-01-20,ST-15,P-86,2
FD-0142,2022-12-09,ST-30,P-67,5
PB-697275,2023-11-10,ST-75,P-69,10
OR-83008,2023-02-05,ST-18,P-89,9
UW-9425,2022-02-05,ST-33,P-34,1
VW-1310,2022-05-30,ST-48,P-44,1
DH-48133,2021-03-26,ST-69,P-67,2
CZ-39643,2020-03-08,ST-17,P-77,4
JV-20717,2022-06-25,ST-3,P-54,3
DO-632053,2022-12-15,ST-61,P-25,6
SS-569768,2023-02-07,ST-74,P-52,9
WH-7032,2021-07-28,ST-6,P-62,6
XL-35739,2024-08-06,ST-48,P-87,3
GR-9199,2021-12-18,ST-47,P-86,4
HQ-7041,2023-01-20,ST-73,P-86,7
RP-965617,2022-06-14,ST-10,P-89,1
JY-65852,2024-09-16,ST-64,P-65,10
VU-98080,2020-09-18,ST-67,P-76,10
KY-406747,2022-10-27,ST-70,P-23,8
DC-6287,2020-06-29,ST-29,P-34,7
KX-24429,2024-07-29,ST-52,P-54,1
WO-08512,2021-07-08,ST-9,P-36,6
SH-919789,2024-06-21,ST-43,P-25,5
RB-881223,2020-12-19,ST-26,P-69,7
XN-9036,2023-08-13,ST-4,P-39,8
IM-733030,2023-04-12,ST-63,P-78,9
IX-04595,2023-03-06,ST-65,P-44,6
EK-552645,2020-05-16,ST-33,P-80,9
NV-043756,2021-10-30,ST-23,P-5,5
HE-6222,2020-12-20,ST-44,P-89,9
MK-3847,2022-10-16,ST-62,P-59,5
LT-779617,2021-06-30,ST-5,P-56,10
TJ-791164,2024-01-19,ST-9,P-42,9
XY-5567,2023-08-23,ST-46,P-18,4
DS-2067,2020-09-30,ST-55,P-85,6
NA-019881,2022-08-02,ST-72,P-65,1
WL-34363,2023-10-13,ST-53,P-14,6
RV-0287,2023-12-31,ST-70,P-24,1
ES-21859,2022-03-29,ST-42,P-88,8
NJ-5936,2021-01-23,ST-75,P-13,1
BF-78487,2020-06-30,ST-4,P-74,6
RH-142077,2022-08-21,ST-50,P-76,1
TR-4730,2021-09-17,ST-16,P-67,9
ZY-6413,2020-05-14,ST-27,P-74,3
IK-7760,2022-01-23,ST-4,P-67,4
YR-88065,2020-03-31,ST-68,P-61,4
YM-908855,2020-01-06,ST-49,P-46,6
EF-5718,2023-10-28,ST-66,P-16,10
HC-486329,2021-06-25,ST-68,P-89,8
FE-632992,2024-03-26,ST-64,P-19,1
AE-9739,2020-01-28,ST-71,P-89,5
HP-623838,2021-10-01,ST-22,P-7,4
WU-070168,2020-11-22,ST-71,P-38,7
FD-390504,2022-01-14,ST-3,P-40,9
DP-6756,2023-01-16,ST-8,P-59,1
BX-1580,2024-06-04,ST-41,P-76,4
DS-58172,2023-11-28,ST-60,P-38,5
OP-73483,2020-07-25,ST-20,P-7,5
XA-064224,2020-07-04,ST-5,P-64,2
IZ-7088,2024-02-15,ST-54,P-19,1
VW-57067,2022-11-22,ST-65,P-42,3
RL-64991,2022-10-12,ST-48,P-50,3
HL-48477,2020-07-20,ST-1,P-76,9
YO-0083,2023-04-25,ST-6,P-25,5
WS-8444,2022-11-05,ST-27,P-34,9
OH-50710,2024-02-02,ST-73,P-15,1
FR-677614,2022-10-12,ST-34,P-89,6
WG-328937,2022-02-16,ST-72,P-13,9
IJ-849538,2024-06-30,ST-72,P-53,10
JR-0877,2021-12-26,ST-23,P-60,5
AF-7814,2021-07-30,ST-52,P-28,4
PC-3138,2020-11-03,ST-16,P-49,2
UK-72994,2020-11-15,ST-37,P-34,2
AE-525365,2022-02-08,ST-47,P-44,10
YE-65949,2020-02-06,ST-19,P-64,7
SS-1701,2020-11-25,ST-8,P-53,7
GN-682165,2024-11-08,ST-12,P-35,4
ZA-0382,2021-11-08,ST-10,P-13,7
YX-6953,2021-03-25,ST-22,P-30,9
PX-7724,2024-06-01,ST-61,P-40,3
WN-211627,2024-04-02,ST-42,P-59,3
EG-0211,2021-12-24,ST-46,P-37,4
NX-402128,2023-12-29,ST-64,P-16,1
DR-617254,2022-01-06,ST-13,P-20,6
ZK-18625,2020-12-10,ST-57,P-45,2
SD-7390,2023-05-10,ST-34,P-2,8
DA-351131,2021-05-10,ST-25,P-28,5
TI-915477,2021-09-19,ST-18,P-39,7
ZD-317961,2020-09-16,ST-24,P-71,3
YK-93153,2021-07-17,ST-47,P-66,9
OT-55225,2022-10-31,ST-74,P-15,5
VT-332668,2022-12-30,ST-44,P-53,5
GV-5353,2020-10-10,ST-58,P-64,6
XZ-21907,2024-06-25,ST-22,P-41,3
AL-19440,2021-08-09,ST-15,P-45,6
FI-0287,2022-06-05,ST-71,P-64,3
HI-12063,2024-06-28,ST-30,P-79,6
IF-407442,2020-02-25,ST-48,P-54,10
OJ-44857,2023-01-28,ST-73,P-74,3
DP-029956,2020-07-04,ST-66,P-27,5
DW-12530,2020-01-15,ST-9,P-87,4
OL-851311,2022-06-14,ST-58,P-59,3
NP-66215,2020-10-02,ST-15,P-47,2
TC-8819,2021-07-21,ST-14,P-36,4
SS-7131,2022-03-20,ST-3,P-78,6
RP-3895,2024-02-14,ST-15,P-29,9
GW-1159,2020-09-04,ST-57,P-65,5
CC-876819,2021-11-26,ST-30,P-58,3
GS-40971,2023-04-21,ST-64,P-14,9
LX-9615,2021-04-06,ST-68,P-33,7
ZY-844118,2021-12-04,ST-30,P-58,9
BD-60823,2021-10-04,ST-54,P-21,3
QQ-176915,2023-04-30,ST-15,P-52,10
OK-383633,2020-05-04,ST-37,P-40,7
UF-413341,2023-09-02,ST-46,P-11,3
KB-9982,2021-07-14,ST-34,P-40,6
RF-7471,2023-10-30,ST-71,P-79,3
QP-76538,2022-01-06,ST-61,P-56,5
WS-614413,2021-01-31,ST-41,P-84,4
TS-886348,2022-04-16,ST-21,P-84,6
NX-60932,2021-02-28,ST-67,P-34,5
FD-495416,2021-07-29,ST-45,P-53,1
UM-7875,2020-03-09,ST-15,P-21,6
HT-342051,2024-05-14,ST-26,P-30,9
YZ-015059,2021-12-01,ST-39,P-5,1
GA-1879,2020-04-15,ST-18,P-63,9
UG-18606,2020-06-11,ST-39,P-46,3
CZ-057114,2020-04-07,ST-43,P-36,2
VP-369810,2020-09-19,ST-11,P-19,3
TL-07485,2024-03-27,ST-65,P-16,1
SN-371996,2023-10-05,ST-17,P-83,8
OB-946512,2020-01-05,ST-14,P-54,5
MQ-13197,2021-03-17,ST-2,P-41,6
OS-7892,2020-03-26,ST-49,P-62,1
WT-18880,2021-11-17,ST-75,P-57,6
AY-8106,2020-01-25,ST-12,P-76,9
HA-9322,2024-07-03,ST-67,P-73,2
LN-4817,2021-11-10,ST-2,P-39,2
NR-73534,2021-12-28,ST-6,P-3,7
EA-4597,2024-10-15,ST-46,P-21,5
QK-9629,2021-07-11,ST-14,P-54,2
WP-2269,2022-06-28,ST-60,P-46,3
DT-483413,2022-11-11,ST-26,P-45,2
NZ-3734,2022-09-11,ST-5,P-17,9
TY-08157,2020-09-09,ST-46,P-48,8
XL-88460,2023-04-17,ST-14,P-3,3
UH-8041,2021-01-23,ST-19,P-44,5
MR-780585,2024-04-29,ST-70,P-61,2
IZ-39222,2024-02-15,ST-37,P-68,2
JD-4632,2024-10-17,ST-74,P-62,7
BV-5272,2023-06-22,ST-59,P-63,4
FV-6977,2020-09-10,ST-46,P-81,4
DU-627374,2022-08-16,ST-40,P-43,6
KW-901744,2022-06-08,ST-25,P-82,7
DZ-2513,2023-07-04,ST-29,P-52,2
XB-11444,2023-12-23,ST-16,P-76,2
FF-177989,2022-02-19,ST-39,P-34,10
QB-9099,2022-01-16,ST-45,P-12,3
OJ-4537,2024-09-11,ST-15,P-22,3
GT-7198,2022-07-17,ST-34,P-83,2
VA-5575,2022-09-22,ST-59,P-51,1
OE-699677,2021-03-02,ST-23,P-25,1
KK-27870,2021-07-12,ST-25,P-79,5
QZ-3850,2024-04-29,ST-3,P-47,3
UE-52679,2020-07-24,ST-10,P-33,5
JB-42648,2021-12-20,ST-33,P-43,8
VU-594114,2023-09-10,ST-14,P-23,6
UI-04714,2023-11-16,ST-4,P-74,3
SW-43746,2024-03-06,ST-14,P-88,5
FE-246846,2020-09-09,ST-24,P-19,6
OA-1987,2021-03-12,ST-5,P-40,1
KC-2902,2022-03-24,ST-23,P-7,10
PY-174731,2023-07-15,ST-26,P-47,4
XT-3639,2022-01-08,ST-68,P-7,3
AS-7848,2023-10-04,ST-34,P-82,2
EL-05108,2021-01-04,ST-64,P-82,1
KS-35715,2024-03-07,ST-7,P-57,2
ZI-476843,2022-02-03,ST-52,P-70,7
NU-682788,2023-06-15,ST-44,P-84,2
NE-04314,2020-09-11,ST-75,P-81,10
OQ-81952,2023-01-19,ST-49,P-9,10
WE-0496,2021-11-26,ST-45,P-19,4
ZG-1627,2023-08-26,ST-64,P-17,7
IG-0686,2020-11-21,ST-5,P-19,6
OI-012711,2021-06-10,ST-2,P-9,2
RV-395363,2023-06-24,ST-36,P-82,4
IF-17297,2024-01-03,ST-73,P-21,6
MA-3654,2024-10-12,ST-51,P-63,8
QM-8730,2022-11-14,ST-35,P-70,2
WR-44850,2023-05-06,ST-54,P-89,1
DW-00715,2021-08-20,ST-73,P-27,5
VC-1867,2024-11-09,ST-63,P-33,10
FC-737425,2023-06-08,ST-72,P-70,4
WJ-440311,2021-12-27,ST-27,P-63,10
TY-8014,2021-06-11,ST-44,P-89,6
HB-14547,2024-08-23,ST-5,P-45,2
GN-43693,2020-09-22,ST-51,P-49,7
ON-896891,2020-10-18,ST-7,P-11,5
PE-784563,2022-10-03,ST-68,P-23,4
MZ-61178,2022-01-01,ST-67,P-22,3
DC-4749,2020-06-14,ST-3,P-28,7
XD-75497,2020-03-09,ST-15,P-47,2
YT-79238,2020-12-29,ST-27,P-18,3
OK-5242,2023-05-06,ST-43,P-49,10
OW-506074,2020-05-19,ST-2,P-3,4
VM-25258,2020-10-03,ST-67,P-63,5
VV-88953,2024-05-26,ST-55,P-35,2
SY-3016,2021-02-10,ST-25,P-26,5
CD-3397,2022-04-17,ST-39,P-63,8
WA-998376,2020-05-11,ST-61,P-88,10
LS-7755,2022-03-16,ST-12,P-16,6
QC-81537,2024-02-24,ST-45,P-27,5
MX-393525,2021-06-14,ST-9,P-85,8
EJ-221968,2021-12-25,ST-11,P-61,7
ZE-53161,2022-10-07,ST-1,P-38,10
OF-34503,2022-03-13,ST-20,P-49,1
LF-6286,2022-04-11,ST-50,P-21,3
WF-89102,2022-08-02,ST-61,P-31,3
IK-19445,2020-12-07,ST-18,P-75,5
LH-14096,2023-06-10,ST-21,P-31,1
HX-72872,2021-06-26,ST-43,P-71,3
QC-4850,2020-06-06,ST-69,P-2,7
LC-344775,2022-05-19,ST-13,P-76,7
MO-559719,2023-10-28,ST-16,P-20,9
IV-51690,2024-07-05,ST-72,P-35,6
AE-53111,2021-07-10,ST-62,P-74,4
TC-683238,2022-07-02,ST-63,P-20,2
YX-022642,2022-11-07,ST-54,P-25,8
YA-9197,2020-03-11,ST-1,P-55,9
BO-131609,2020-02-28,ST-20,P-78,2
JX-6111,2020-09-30,ST-55,P-9,2
WQ-90437,2022-08-22,ST-41,P-57,10
AY-446194,2020-01-26,ST-65,P-29,4
GB-011779,2024-08-30,ST-1,P-33,10
OV-71625,2022-11-24,ST-65,P-80,7
GD-01868,2024-06-22,ST-57,P-62,1
XO-82773,2023-10-14,ST-8,P-54,1
BA-59967,2020-05-03,ST-13,P-2,9
ZK-6796,2020-03-12,ST-19,P-19,10
XU-427684,2023-11-30,ST-69,P-37,10
MK-24928,2023-09-15,ST-13,P-83,10
JP-7734,2020-06-21,ST-75,P-47,4
ZG-41969,2023-03-11,ST-34,P-27,4
FR-100947,2020-08-04,ST-64,P-87,2
SV-974445,2022-01-10,ST-24,P-81,9
EW-70217,2023-08-06,ST-44,P-83,10
GF-9529,2021-03-14,ST-42,P-86,5
PW-76244,2020-10-10,ST-8,P-84,6
BE-9378,2024-09-13,ST-1,P-81,9
HQ-035606,2023-07-21,ST-9,P-26,3
PG-8309,2020-08-01,ST-30,P-10,3
YA-29444,2021-09-13,ST-57,P-70,9
CG-80652,2020-11-29,ST-48,P-53,8
UF-54719,2022-12-16,ST-60,P-45,10
KE-0141,2020-07-17,ST-3,P-5,9
ZZ-72732,2023-10-15,ST-9,P-81,2
JT-7443,2023-10-27,ST-45,P-27,10
LA-7749,2021-02-14,ST-24,P-25,8
CR-789422,2021-08-26,ST-75,P-46,6
GZ-1615,2021-11-07,ST-54,P-19,1
XQ-40680,2023-02-07,ST-28,P-15,2
ML-69267,2021-07-11,ST-32,P-55,5
WP-06482,2021-03-14,ST-43,P-54,7
QZ-692586,2021-06-04,ST-39,P-47,1
GS-9666,2022-10-21,ST-22,P-68,9
PL-355684,2022-11-30,ST-73,P-57,4
SH-5243,2024-10-11,ST-45,P-25,7
SK-08652,2020-01-07,ST-31,P-74,4
EZ-8846,2020-08-19,ST-27,P-77,2
IP-6339,2023-11-08,ST-35,P-76,2
KJ-2595,2020-04-28,ST-8,P-69,1
CI-4176,2023-08-01,ST-4,P-31,8
CZ-9452,2024-05-01,ST-14,P-74,7
DB-31725,2022-09-27,ST-21,P-51,2
YX-387403,2022-06-04,ST-10,P-77,5
KE-42778,2022-06-09,ST-51,P-67,5
TM-4049,2020-04-14,ST-24,P-83,8
EH-352058,2021-03-24,ST-29,P-57,6
MP-5412,2023-04-19,ST-11,P-52,2
HC-75538,2020-05-08,ST-8,P-36,10
MN-254463,2023-11-15,ST-58,P-42,7
RJ-00303,2023-01-20,ST-20,P-47,2
NC-0368,2023-01-26,ST-67,P-3,5
PO-82426,2024-09-27,ST-74,P-27,7
AX-3461,2021-02-26,ST-63,P-75,8
BK-8338,2021-01-14,ST-36,P-43,6
CX-41689,2022-04-04,ST-21,P-8,1
QG-5967,2021-06-14,ST-18,P-68,9
RW-54101,2020-07-14,ST-51,P-72,6
FD-80377,2023-12-03,ST-35,P-32,9
SU-24109,2024-01-13,ST-3,P-69,1
JU-58681,2022-07-15,ST-35,P-80,10
EW-29040,2022-10-26,ST-24,P-24,5
VI-388246,2021-01-30,ST-58,P-38,3
WZ-3504,2024-04-23,ST-3,P-16,7
CS-298403,2021-08-14,ST-16,P-53,2
MU-4847,2024-09-10,ST-7,P-23,7
GZ-4823,2023-12-28,ST-75,P-43,5
BX-6754,2020-07-03,ST-18,P-66,4
ZT-68337,2020-03-14,ST-35,P-68,10
LL-56635,2023-06-20,ST-10,P-7,6
KO-519735,2020-07-18,ST-7,P-4,1
CZ-54254,2023-09-29,ST-60,P-8,9
UL-8245,2020-05-29,ST-75,P-74,10
XD-38293,2020-03-20,ST-4,P-23,6
VN-83486,2020-02-04,ST-17,P-89,5
UD-6651,2022-07-22,ST-21,P-59,7
WC-8906,2023-09-15,ST-44,P-35,8
RS-2497,2020-10-04,ST-19,P-65,5
SD-73501,2022-07-10,ST-28,P-23,7
WQ-2907,2023-03-18,ST-14,P-11,5
VP-1989,2022-09-10,ST-75,P-68,6
MP-106872,2022-04-17,ST-40,P-88,2
JU-31643,2022-06-12,ST-71,P-35,2
WK-225585,2022-11-08,ST-57,P-34,2
NQ-26068,2022-12-21,ST-4,P-80,2
DT-13663,2024-02-17,ST-25,P-71,7
PM-8734,2023-01-22,ST-20,P-12,1
IF-8284,2021-02-19,ST-67,P-74,3
VS-619436,2023-10-21,ST-17,P-74,1
AG-439487,2020-09-15,ST-70,P-72,5
CV-34654,2023-06-19,ST-39,P-2,7
CL-837520,2021-01-18,ST-28,P-23,8
PL-376114,2020-03-27,ST-30,P-11,7
OB-88619,2020-05-01,ST-10,P-59,8
YO-026434,2020-08-08,ST-71,P-33,10
TD-740067,2023-06-25,ST-54,P-18,5
HG-55569,2023-06-10,ST-10,P-5,6
JM-642347,2023-07-24,ST-50,P-76,2
XM-03870,2021-05-07,ST-7,P-43,1
HD-39347,2024-10-05,ST-23,P-84,3
XC-16330,2023-03-24,ST-67,P-77,10
XM-90187,2021-11-11,ST-56,P-14,5
ZW-25160,2023-10-27,ST-33,P-63,5
DQ-7849,2022-09-22,ST-56,P-33,6
OQ-033563,2023-09-30,ST-12,P-25,9
BG-903664,2023-02-20,ST-26,P-3,2
VD-4544,2022-05-07,ST-10,P-32,9
YO-16491,2021-11-22,ST-50,P-5,5
GK-61823,2024-10-22,ST-14,P-27,3
RF-4230,2023-07-15,ST-46,P-74,5
NE-217834,2024-09-28,ST-48,P-54,1
TP-65201,2021-01-29,ST-55,P-54,2
JP-808084,2020-12-25,ST-12,P-30,9
RT-04733,2020-02-06,ST-52,P-28,9
FD-0934,2022-07-27,ST-5,P-85,2
IV-220037,2024-09-25,ST-24,P-24,5
HK-654129,2021-08-23,ST-70,P-31,3
TQ-609793,2023-08-02,ST-63,P-40,6
EH-6151,2020-09-09,ST-50,P-19,8
UB-210704,2021-05-10,ST-67,P-44,9
FZ-9656,2021-05-14,ST-27,P-40,4
GV-3885,2023-10-28,ST-48,P-80,8
NC-945920,2022-04-11,ST-27,P-4,9
RX-1048,2020-04-12,ST-67,P-44,1
AH-9296,2021-12-12,ST-67,P-47,6
JA-4440,2020-03-04,ST-5,P-57,2
ZV-00808,2024-06-25,ST-39,P-22,10
ED-64663,2024-06-22,ST-19,P-4,10
NK-6717,2021-09-24,ST-52,P-19,4
SE-499439,2022-02-26,ST-6,P-43,1
MN-6919,2021-05-18,ST-56,P-11,3
WB-11983,2022-02-23,ST-33,P-68,4
QD-78572,2023-09-12,ST-69,P-71,5
QT-7545,2023-06-05,ST-25,P-47,10
DH-2236,2024-09-10,ST-9,P-43,4
JC-08743,2022-03-06,ST-36,P-16,7
EX-9502,2022-12-16,ST-65,P-38,2
CV-713944,2020-04-07,ST-32,P-29,4
NM-4241,2020-10-03,ST-46,P-43,2
AN-0425,2022-09-13,ST-17,P-71,10
RQ-925268,2021-03-28,ST-66,P-63,2
DK-54235,2020-09-25,ST-39,P-78,8
PZ-4288,2023-02-06,ST-13,P-24,7
BR-39673,2024-05-22,ST-44,P-14,8
KZ-842345,2021-04-01,ST-71,P-1,8
LW-2486,2022-11-14,ST-25,P-27,7
JC-612668,2021-02-09,ST-37,P-45,7
XP-899424,2024-11-08,ST-60,P-52,1
UU-03464,2024-10-21,ST-54,P-33,8
JO-3117,2020-08-11,ST-43,P-53,7
WC-1849,2024-04-11,ST-51,P-77,5
CP-13191,2022-11-26,ST-27,P-32,8
DY-8281,2023-07-17,ST-30,P-27,5
XI-251182,2024-10-20,ST-11,P-37,4
EB-0461,2021-04-06,ST-36,P-14,3
HM-5548,2023-05-26,ST-29,P-18,5
AT-908911,2023-06-15,ST-51,P-12,9
YH-1309,2022-04-12,ST-40,P-80,9
RS-0692,2024-09-24,ST-45,P-82,6
PP-110368,2021-08-22,ST-23,P-68,8
MD-6583,2023-06-13,ST-18,P-37,1
AA-726742,2023-03-13,ST-7,P-17,7
IV-94964,2022-11-14,ST-34,P-64,4
NI-63109,2021-03-08,ST-45,P-7,5
ZZ-20441,2020-05-06,ST-8,P-36,6
MJ-88211,2021-02-21,ST-9,P-66,7
DP-882841,2022-01-10,ST-10,P-18,8
BB-474807,2023-04-20,ST-70,P-1,10
KA-9905,2022-04-05,ST-18,P-27,8
PI-180899,2021-06-09,ST-32,P-72,5
SD-845845,2021-06-01,ST-14,P-24,4
SK-27964,2020-10-11,ST-25,P-30,5
XJ-86774,2020-03-25,ST-34,P-31,3
DZ-408013,2021-05-24,ST-17,P-42,2
OQ-720798,2020-09-26,ST-64,P-14,9
BE-5362,2022-05-24,ST-40,P-64,8
UH-280510,2024-08-03,ST-16,P-58,6
WK-59256,2021-07-17,ST-7,P-20,10
KR-44550,2024-11-04,ST-72,P-63,3
FY-67188,2020-10-19,ST-21,P-60,4
ZR-6814,2023-02-21,ST-16,P-21,4
LK-87479,2024-07-12,ST-43,P-45,7
IX-12062,2021-11-10,ST-59,P-72,8
OY-070743,2023-05-06,ST-48,P-7,4
DC-1924,2020-03-26,ST-14,P-2,6
XU-320666,2020-10-06,ST-48,P-70,9
RU-1555,2021-01-16,ST-28,P-1,4
CW-9113,2021-11-01,ST-38,P-14,9
WT-96980,2023-03-10,ST-62,P-52,7
JX-7116,2022-03-21,ST-34,P-72,9
QB-4003,2023-03-30,ST-17,P-65,3
CD-3255,2020-08-11,ST-27,P-58,5
ZK-924598,2020-03-31,ST-43,P-62,5
LG-375026,2023-09-03,ST-22,P-48,6
QC-4756,2020-08-15,ST-23,P-62,2
SK-7481,2021-10-14,ST-64,P-11,1
HZ-773376,2024-08-27,ST-70,P-77,9
VM-333885,2020-07-07,ST-54,P-87,6
GL-8104,2024-03-16,ST-4,P-28,9
HO-624465,2023-07-18,ST-61,P-64,7
PJ-4949,2024-09-19,ST-4,P-43,4
KY-177413,2022-08-19,ST-63,P-54,2
WX-7329,2020-03-01,ST-4,P-79,8
HZ-442147,2021-10-25,ST-62,P-45,4
GE-16697,2022-07-20,ST-75,P-23,1
RL-31084,2021-04-19,ST-26,P-35,4
DT-780162,2020-11-25,ST-1,P-77,3
LW-2509,2023-01-20,ST-42,P-49,5
LF-0029,2023-02-17,ST-61,P-50,8
SP-21974,2023-04-18,ST-29,P-9,5
LV-1281,2024-07-11,ST-64,P-35,4
NO-154463,2021-02-04,ST-1,P-68,1
QD-06866,2022-02-05,ST-74,P-59,2
LB-2677,2022-06-07,ST-25,P-43,3
BR-1996,2022-06-10,ST-26,P-38,4
ZY-489512,2022-11-22,ST-4,P-9,6
OB-686182,2024-08-01,ST-73,P-57,6
VY-80694,2020-04-30,ST-10,P-60,8
IA-9038,2022-06-19,ST-65,P-9,7
NE-3613,2021-06-30,ST-64,P-38,5
GO-514404,2023-12-11,ST-68,P-47,9
KK-2054,2024-04-04,ST-42,P-81,4
RW-166400,2020-01-24,ST-33,P-59,10
RL-14385,2020-11-24,ST-58,P-57,4
KX-3951,2022-07-15,ST-5,P-75,10
QS-325487,2020-05-11,ST-12,P-36,4
WX-19230,2020-09-21,ST-36,P-32,9
BW-5095,2020-08-20,ST-27,P-4,8
UB-5174,2020-06-29,ST-70,P-61,3
GZ-7272,2023-05-19,ST-10,P-13,2
WU-52143,2020-10-24,ST-74,P-36,10
YK-025963,2021-11-23,ST-68,P-66,5
QT-19219,2024-01-26,ST-65,P-13,7
LL-0208,2023-03-08,ST-59,P-53,7
ES-89880,2021-10-18,ST-38,P-27,7
ER-691151,2024-02-16,ST-26,P-44,3
LR-7160,2021-10-03,ST-53,P-56,9
KW-4519,2020-01-10,ST-71,P-36,8
YH-47686,2022-04-08,ST-46,P-68,1
EL-79465,2023-08-14,ST-20,P-63,4
AQ-59177,2021-06-27,ST-16,P-37,2
GL-638429,2020-11-14,ST-7,P-3,5
VL-8770,2023-12-22,ST-66,P-12,5
BC-692008,2021-09-06,ST-24,P-19,6
BN-85102,2021-01-26,ST-49,P-59,1
SM-36845,2022-04-16,ST-1,P-45,5
QM-679588,2020-07-25,ST-18,P-85,2
YU-669434,2020-04-18,ST-19,P-6,1
SI-09228,2024-10-14,ST-69,P-66,4
VI-990309,2022-02-11,ST-72,P-52,10
VV-8361,2023-09-09,ST-22,P-46,3
GK-1082,2022-01-17,ST-49,P-88,2
BR-91116,2020-06-23,ST-46,P-48,10
TX-04594,2024-11-11,ST-74,P-3,5
VD-58547,2023-11-12,ST-25,P-78,1
FG-658949,2022-07-25,ST-46,P-61,9
GR-84698,2020-01-19,ST-42,P-80,2
PD-8966,2023-11-05,ST-30,P-71,8
ER-5432,2024-02-16,ST-5,P-34,9
FJ-53775,2023-03-16,ST-16,P-86,1
CI-004617,2020-01-19,ST-20,P-65,10
XJ-5265,2021-09-19,ST-34,P-27,6
FA-16233,2021-11-09,ST-61,P-27,3
LE-5859,2021-10-13,ST-9,P-21,6
NG-653063,2022-06-17,ST-69,P-49,4
DV-3993,2021-09-04,ST-43,P-28,2
SU-4235,2024-03-06,ST-44,P-2,6
AD-3968,2022-08-04,ST-37,P-80,8
GC-45244,2022-04-28,ST-34,P-48,4
VZ-9081,2021-07-29,ST-70,P-49,4
KL-464829,2023-05-01,ST-48,P-44,3
PR-057059,2020-06-17,ST-34,P-79,3
MN-966862,2021-08-21,ST-28,P-35,3
RN-357372,2021-06-11,ST-30,P-85,2
ZC-11447,2022-02-26,ST-61,P-38,9
RA-954210,2023-10-18,ST-34,P-76,9
QD-95810,2020-04-29,ST-75,P-38,8
FB-308777,2022-11-22,ST-18,P-62,7
OH-366245,2020-12-17,ST-1,P-54,7
TN-3935,2022-03-18,ST-75,P-58,10
JD-380416,2023-03-14,ST-24,P-3,5
PS-9281,2023-04-25,ST-60,P-61,8
MA-6160,2020-01-16,ST-75,P-45,9
LE-315892,2021-04-29,ST-34,P-68,3
CP-7881,2024-05-23,ST-42,P-73,7
YV-3641,2022-05-07,ST-22,P-25,10
KU-63863,2022-08-23,ST-30,P-69,1
FV-418643,2020-10-22,ST-5,P-56,4
ZH-610547,2024-01-06,ST-12,P-83,7
YD-60670,2020-04-28,ST-10,P-10,5
CN-3314,2024-05-01,ST-74,P-51,2
UQ-5846,2021-10-14,ST-62,P-19,8
MA-45528,2024-09-30,ST-8,P-79,10
ZX-527770,2024-08-13,ST-16,P-51,5
AZ-81518,2023-08-14,ST-30,P-41,7
IR-225093,2023-06-08,ST-45,P-70,2
RL-6519,2023-04-18,ST-58,P-5,1
FR-6262,2022-08-30,ST-74,P-7,9
ZX-268310,2023-10-16,ST-73,P-85,7
FD-049580,2023-12-03,ST-26,P-56,1
JY-26785,2023-04-21,ST-46,P-76,4
DO-540866,2020-10-17,ST-10,P-53,5
UY-03765,2022-12-02,ST-15,P-11,2
AR-020964,2023-02-05,ST-39,P-40,3
IA-12800,2023-03-07,ST-26,P-81,6
ZX-3998,2021-11-17,ST-19,P-1,6
BF-29903,2024-05-19,ST-56,P-13,5
UO-55223,2023-07-05,ST-45,P-3,10
TX-52943,2021-08-24,ST-55,P-68,2
BI-4584,2021-02-25,ST-48,P-87,6
GY-888636,2022-05-22,ST-69,P-77,3
DO-3150,2024-01-13,ST-11,P-49,8
RE-722054,2020-07-11,ST-9,P-89,10
WE-0713,2022-03-18,ST-65,P-56,9
KP-58909,2024-09-03,ST-43,P-30,9
NL-11783,2024-03-28,ST-50,P-3,4
HX-06343,2022-12-24,ST-31,P-77,2
IM-33081,2022-08-04,ST-57,P-28,1
EX-698928,2021-03-14,ST-63,P-8,3
LE-12017,2022-04-06,ST-26,P-80,4
FX-769305,2020-02-13,ST-34,P-4,4
BK-97450,2024-07-12,ST-69,P-58,5
BD-051141,2020-11-06,ST-36,P-54,6
OA-8232,2022-12-13,ST-4,P-68,6
JV-26285,2020-10-05,ST-28,P-82,7
CY-2762,2022-08-12,ST-56,P-50,3
FL-680620,2024-03-24,ST-37,P-38,9
MM-3875,2020-02-23,ST-69,P-31,9
FV-792511,2022-11-18,ST-49,P-26,5
KC-161316,2023-01-29,ST-44,P-69,5
SV-61189,2021-04-27,ST-71,P-61,3
JB-409624,2024-04-07,ST-50,P-32,1
CG-71747,2022-09-01,ST-32,P-66,7
HP-618749,2020-09-20,ST-66,P-5,6
MO-1995,2022-11-09,ST-17,P-67,9
UO-90250,2024-06-10,ST-8,P-21,4
KE-22416,2022-02-08,ST-68,P-15,3
RC-2056,2022-08-20,ST-62,P-89,1
EF-433067,2024-01-09,ST-48,P-68,10
BX-38648,2021-09-19,ST-69,P-52,8
QN-410543,2024-07-04,ST-64,P-55,6
UE-51870,2024-01-19,ST-49,P-43,5
RS-11940,2020-06-16,ST-12,P-89,2
ZI-0282,2022-04-08,ST-24,P-7,5
OC-8186,2024-08-21,ST-62,P-2,9
DZ-5660,2021-11-20,ST-27,P-80,10
PQ-3555,2020-05-05,ST-5,P-8,10
SI-791678,2022-04-02,ST-25,P-2,2
PQ-0338,2022-11-20,ST-72,P-17,3
DW-0807,2020-06-11,ST-73,P-84,1
NL-411903,2023-09-22,ST-1,P-23,1
UL-924838,2021-05-15,ST-41,P-3,6
PS-05418,2024-04-05,ST-40,P-66,10
IO-90872,2022-05-12,ST-36,P-56,2
JP-356618,2023-04-06,ST-43,P-4,8
JN-1527,2021-04-23,ST-66,P-42,2
LL-9213,2023-07-01,ST-13,P-27,7
LY-3301,2023-03-06,ST-4,P-64,10
SL-39425,2020-07-31,ST-8,P-25,3
PM-0288,2022-03-06,ST-71,P-82,5
TZ-3654,2024-04-24,ST-34,P-85,4
RI-16922,2023-02-04,ST-28,P-52,7
QB-88457,2020-12-07,ST-33,P-4,2
DN-721148,2022-06-10,ST-4,P-66,7
NY-13996,2023-07-25,ST-46,P-20,10
OH-455931,2022-02-03,ST-71,P-40,7
NV-80543,2024-10-26,ST-27,P-89,6
KL-371802,2022-12-31,ST-6,P-22,7
ZJ-309980,2022-07-30,ST-29,P-56,7
XK-08792,2020-09-28,ST-52,P-75,3
IR-79552,2022-05-24,ST-70,P-29,7
DT-67736,2021-03-09,ST-63,P-32,2
PY-824872,2023-12-24,ST-14,P-83,10
FM-9831,2022-01-31,ST-55,P-20,7
DJ-302825,2021-10-24,ST-46,P-41,6
LD-0312,2021-03-10,ST-11,P-62,6
HI-937908,2020-09-16,ST-61,P-20,4
RF-649850,2021-09-23,ST-18,P-66,5
OO-56736,2024-03-23,ST-64,P-41,8
PN-318153,2022-09-22,ST-4,P-13,9
AB-66507,2022-08-26,ST-8,P-44,10
ZS-605598,2023-07-13,ST-67,P-54,6
PS-35665,2021-06-18,ST-16,P-53,8
PP-90898,2020-11-22,ST-61,P-88,6
HJ-241034,2022-10-22,ST-13,P-13,5
MN-9104,2024-03-18,ST-49,P-35,8
OP-1378,2023-03-15,ST-45,P-18,5
ZD-7031,2020-09-24,ST-48,P-38,1
OD-66202,2024-10-20,ST-2,P-1,1
AL-588571,2021-04-28,ST-43,P-28,10
JC-60776,2024-03-31,ST-36,P-70,2
DB-9235,2021-10-29,ST-36,P-85,8
GV-321533,2020-12-30,ST-25,P-8,1
KZ-96609,2020-09-04,ST-35,P-27,1
XZ-9588,2020-03-24,ST-69,P-39,2
NK-04769,2020-12-23,ST-54,P-4,3
PE-439319,2022-03-20,ST-50,P-86,5
GE-032514,2024-03-26,ST-64,P-21,9
NJ-79006,2020-01-30,ST-43,P-47,4
WW-9252,2024-06-15,ST-40,P-27,4
HV-6476,2021-11-03,ST-63,P-17,3
FI-87850,2023-04-27,ST-21,P-23,1
QP-33392,2020-11-12,ST-54,P-70,2
OT-5435,2020-11-11,ST-33,P-84,4
HD-38833,2022-10-13,ST-27,P-23,1
ZT-9766,2020-08-26,ST-49,P-51,8
QF-197541,2021-07-23,ST-40,P-80,3
IJ-459414,2020-07-18,ST-15,P-85,8
WY-41092,2022-01-28,ST-75,P-80,8
QJ-2983,2021-08-19,ST-75,P-37,4
CN-14286,2024-02-05,ST-53,P-9,3
OD-71816,2021-01-01,ST-31,P-45,6
KG-716149,2020-01-28,ST-45,P-1,5
BV-65169,2022-05-04,ST-19,P-72,7
KV-7721,2023-11-17,ST-70,P-31,8
XM-47831,2020-11-22,ST-31,P-15,6
UH-6366,2020-11-26,ST-40,P-63,5
KF-0023,2023-07-21,ST-27,P-58,4
WX-2356,2022-10-20,ST-21,P-36,5
IB-70252,2023-08-04,ST-43,P-57,3
XM-141752,2024-09-06,ST-6,P-17,5
DM-01151,2022-11-21,ST-29,P-81,10
VC-85393,2024-10-23,ST-30,P-33,10
ZH-9460,2021-05-17,ST-1,P-84,2
QA-801951,2022-10-29,ST-24,P-29,10
NH-6683,2021-12-04,ST-23,P-4,1
MY-03854,2023-06-13,ST-29,P-78,2
NY-29064,2021-05-18,ST-40,P-81,5
EO-00959,2023-03-23,ST-20,P-31,3
AZ-964314,2024-10-31,ST-33,P-37,9
UH-6430,2024-09-01,ST-39,P-49,9
EP-0796,2024-03-26,ST-66,P-50,3
NB-51544,2020-05-10,ST-21,P-70,6
GG-5765,2024-02-03,ST-14,P-25,1
UW-34845,2020-04-09,ST-41,P-76,9
EH-70296,2021-09-11,ST-72,P-27,9
US-27088,2023-01-30,ST-39,P-74,9
DK-3636,2021-07-06,ST-15,P-9,5
AP-770639,2021-08-30,ST-29,P-65,1
EA-23174,2021-11-10,ST-38,P-41,10
EW-049489,2022-07-07,ST-20,P-79,8
AT-0729,2022-07-29,ST-2,P-85,4
UR-4079,2021-09-15,ST-69,P-39,7
XO-57752,2024-06-17,ST-51,P-54,8
AU-973513,2020-11-28,ST-70,P-61,3
VV-60676,2022-01-29,ST-6,P-7,10
BM-007399,2022-12-21,ST-3,P-60,1
MD-854658,2024-07-27,ST-41,P-58,2
VB-80204,2023-06-17,ST-56,P-22,3
RC-06488,2022-02-14,ST-9,P-2,2
DI-155076,2020-07-18,ST-68,P-26,10
GT-89829,2021-02-13,ST-20,P-18,7
QP-06939,2022-05-30,ST-27,P-80,10
NI-44207,2022-11-02,ST-17,P-39,2
HG-33560,2024-05-15,ST-39,P-40,5
VV-2469,2020-12-16,ST-39,P-73,9
MJ-437620,2021-01-11,ST-60,P-16,9
FT-62269,2023-03-29,ST-66,P-67,6
QK-0738,2022-04-25,ST-32,P-28,1
AW-6629,2020-10-29,ST-22,P-69,1
ES-0685,2023-03-29,ST-63,P-22,5
ZQ-1864,2021-12-22,ST-2,P-86,1
DL-827410,2020-02-11,ST-63,P-63,2
ML-56121,2022-01-24,ST-72,P-66,7
DG-88881,2021-10-07,ST-29,P-59,8
FG-1418,2023-02-11,ST-20,P-83,7
GE-0155,2024-08-25,ST-56,P-64,6
BE-5823,2024-08-14,ST-19,P-75,10
VU-2206,2020-04-01,ST-27,P-82,1
UI-8102,2021-11-26,ST-48,P-15,4
YX-3298,2023-12-18,ST-12,P-7,6
BD-285353,2023-04-04,ST-18,P-86,5
HR-796387,2020-01-30,ST-48,P-68,9
IB-5594,2022-01-02,ST-22,P-8,10
FS-616672,2023-07-03,ST-46,P-62,8
IK-2328,2023-08-03,ST-59,P-74,10
FC-217923,2021-11-13,ST-42,P-66,6
MD-9238,2020-06-17,ST-44,P-32,1
EF-5264,2021-03-09,ST-61,P-16,8
XN-219186,2022-10-27,ST-57,P-35,6
NZ-642025,2024-04-23,ST-36,P-52,8
FZ-14380,2020-01-29,ST-51,P-46,6
EJ-470597,2020-06-04,ST-35,P-41,8
HQ-5635,2020-10-27,ST-3,P-85,9
CJ-0183,2020-01-29,ST-73,P-25,10
LG-552610,2021-07-09,ST-63,P-62,5
GB-687482,2020-04-09,ST-25,P-42,9
NB-027402,2020-12-26,ST-23,P-78,10
OB-10354,2024-03-30,ST-42,P-26,4
FP-3799,2023-04-15,ST-56,P-37,1
LK-81080,2024-07-17,ST-14,P-19,4
XO-26060,2020-12-14,ST-70,P-3,4
IT-279047,2024-09-01,ST-38,P-28,8
TF-47457,2020-09-27,ST-73,P-84,10
BF-161196,2020-10-01,ST-2,P-4,3
UA-140065,2020-06-05,ST-48,P-63,7
HG-790145,2023-01-03,ST-58,P-70,2
VY-088769,2024-06-04,ST-37,P-45,9
WI-20249,2021-11-20,ST-29,P-24,7
WB-1627,2024-04-01,ST-38,P-63,8
NN-19882,2023-06-21,ST-25,P-11,6
ZQ-94242,2021-10-05,ST-70,P-40,8
OT-86398,2024-09-07,ST-40,P-45,9
NG-539288,2022-07-14,ST-43,P-78,8
VG-3582,2021-10-31,ST-17,P-69,2
BT-107860,2023-06-06,ST-17,P-30,8
RO-46108,2024-01-24,ST-75,P-9,4
HZ-00956,2023-05-25,ST-66,P-36,6
LD-190510,2020-02-14,ST-37,P-68,2
FT-538690,2023-04-09,ST-66,P-64,5
ZG-592093,2021-04-17,ST-20,P-22,7
EL-677310,2022-10-25,ST-59,P-44,5
ND-66852,2022-03-14,ST-5,P-59,8
IY-25324,2024-04-08,ST-18,P-29,5
ZY-9248,2022-12-21,ST-31,P-55,3
XJ-8861,2021-03-02,ST-63,P-67,1
KD-303260,2023-05-04,ST-37,P-71,4
AD-28734,2022-10-10,ST-67,P-6,4
GQ-4228,2023-10-22,ST-57,P-5,7
BU-8578,2024-05-17,ST-12,P-38,6
NI-812778,2022-01-04,ST-49,P-79,2
SN-6222,2023-05-14,ST-32,P-86,4
XD-865858,2020-01-02,ST-13,P-53,1
WM-918577,2021-05-14,ST-47,P-25,6
VB-4049,2020-06-15,ST-43,P-88,8
CO-319845,2020-06-14,ST-39,P-6,9
IP-3121,2024-11-04,ST-63,P-50,10
PP-907497,2024-06-29,ST-15,P-75,10
SU-731673,2023-05-04,ST-46,P-49,6
GE-109171,2022-11-22,ST-47,P-27,9
FF-3023,2020-10-22,ST-42,P-17,8
QH-80553,2020-04-28,ST-17,P-79,4
SC-6130,2023-01-04,ST-54,P-4,6
CZ-070721,2020-08-16,ST-36,P-21,4
HP-6899,2020-07-20,ST-55,P-32,10
JF-1672,2021-04-16,ST-29,P-69,7
TG-61271,2021-03-07,ST-27,P-83,2
KN-501814,2023-06-15,ST-28,P-79,3
WA-99792,2022-12-15,ST-59,P-89,2
WV-45848,2024-02-28,ST-43,P-58,5
LB-04856,2020-10-23,ST-54,P-64,2
VY-504639,2023-05-07,ST-11,P-89,1
ZM-5878,2020-08-19,ST-70,P-13,3
YR-30215,2024-10-25,ST-73,P-23,7
NE-8143,2024-01-12,ST-3,P-72,1
RT-5806,2022-01-15,ST-58,P-64,10
XS-719364,2022-09-28,ST-63,P-47,5
LS-70643,2020-08-20,ST-52,P-86,5
YU-7667,2020-02-23,ST-64,P-59,2
PQ-4745,2023-10-01,ST-65,P-3,2
NZ-915227,2024-01-01,ST-74,P-4,8
TF-88344,2020-03-17,ST-45,P-36,4
XO-4061,2023-02-05,ST-50,P-75,9
IE-78679,2023-04-26,ST-29,P-26,10
IQ-1927,2024-08-18,ST-45,P-83,3
AG-73430,2020-09-08,ST-40,P-64,3
QT-693529,2020-11-05,ST-13,P-55,6
NB-1772,2021-06-17,ST-61,P-80,5
MT-2414,2021-10-10,ST-56,P-17,7
XT-531420,2022-11-11,ST-17,P-42,9
OS-235710,2022-07-28,ST-6,P-39,1
JF-25592,2021-11-15,ST-41,P-38,2
VG-1537,2020-07-24,ST-36,P-22,9
WC-6291,2020-08-24,ST-57,P-65,3
XH-1438,2023-11-18,ST-73,P-88,10
HE-3554,2022-03-06,ST-65,P-62,7
GU-397016,2022-07-07,ST-54,P-15,8
CB-42561,2024-02-14,ST-56,P-75,4
LH-80121,2021-10-23,ST-62,P-68,6
PZ-7217,2023-10-12,ST-31,P-83,10
II-495184,2024-01-23,ST-49,P-77,6
IH-99327,2020-11-05,ST-40,P-49,10
XY-376794,2023-10-24,ST-6,P-86,4
PJ-1469,2023-06-24,ST-72,P-58,10
ZS-7845,2022-06-15,ST-34,P-55,6
UH-19048,2024-04-19,ST-12,P-26,1
XY-60367,2022-03-20,ST-23,P-83,6
HH-85872,2020-09-19,ST-37,P-47,7
PH-972349,2021-09-25,ST-51,P-80,5
YX-53604,2020-09-30,ST-13,P-56,1
HV-58615,2022-12-07,ST-7,P-36,2
AG-344371,2022-10-14,ST-64,P-74,5
MT-31786,2024-02-04,ST-24,P-43,6
ET-66573,2024-06-26,ST-67,P-39,8
OG-83510,2024-09-06,ST-41,P-80,1
HW-58124,2023-04-11,ST-35,P-23,5
BV-0194,2024-05-11,ST-61,P-15,10
LS-04791,2021-10-10,ST-51,P-70,4
OH-49886,2020-02-20,ST-38,P-6,3
IV-1558,2024-03-07,ST-5,P-52,8
IR-3326,2020-08-20,ST-60,P-63,7
GJ-000651,2021-04-13,ST-28,P-63,9
XT-3974,2024-03-20,ST-46,P-2,2
PB-3739,2021-02-23,ST-19,P-46,5
RH-3147,2020-12-17,ST-57,P-32,1
VZ-69272,2023-02-02,ST-9,P-80,9
TF-5664,2024-10-22,ST-43,P-15,1
XE-53233,2023-02-25,ST-71,P-9,9
JR-155139,2022-09-11,ST-7,P-69,5
OZ-416968,2022-01-13,ST-25,P-29,10
FJ-1467,2021-04-17,ST-58,P-26,9
HV-732889,2020-04-15,ST-11,P-58,10
EA-60182,2023-08-09,ST-13,P-17,1
KW-674159,2024-02-14,ST-25,P-13,5
FD-92352,2021-12-23,ST-10,P-43,9
JF-1323,2023-03-19,ST-48,P-35,9
UN-908185,2021-04-03,ST-9,P-59,10
HG-69069,2023-11-03,ST-29,P-29,9
TW-978002,2022-12-26,ST-8,P-40,8
HV-65121,2023-11-16,ST-73,P-82,6
OR-55713,2020-04-06,ST-13,P-51,4
QR-89072,2024-02-24,ST-62,P-28,6
PA-931873,2023-11-15,ST-37,P-23,2
WI-48594,2023-01-24,ST-26,P-82,4
BN-5766,2023-09-25,ST-29,P-46,9
BN-292638,2022-12-14,ST-56,P-83,4
XU-4838,2023-02-19,ST-2,P-63,8
UF-934867,2020-12-13,ST-59,P-27,10
CN-67240,2021-02-13,ST-31,P-65,10
GE-83008,2022-11-07,ST-18,P-1,10
BC-42091,2021-08-14,ST-54,P-6,1
HK-075688,2023-04-05,ST-74,P-18,5
YO-31877,2021-04-19,ST-22,P-1,8
LW-8831,2021-09-24,ST-70,P-72,4
OB-1368,2022-01-09,ST-12,P-57,2
XS-38112,2022-03-14,ST-70,P-4,3
GU-715982,2020-01-09,ST-28,P-32,10
TZ-34750,2022-03-11,ST-61,P-36,5
ET-7474,2023-05-12,ST-4,P-61,6
ED-4344,2020-05-31,ST-27,P-87,10
NW-5717,2023-04-18,ST-37,P-13,8
PN-8783,2021-09-07,ST-65,P-80,6
YD-24866,2020-09-02,ST-72,P-2,5
YU-429540,2022-12-04,ST-64,P-59,2
EC-5322,2021-01-02,ST-49,P-51,1
XO-0439,2020-05-20,ST-52,P-56,7
IE-3253,2021-11-07,ST-49,P-23,2
LJ-092350,2021-06-04,ST-51,P-84,8
XF-685077,2024-09-22,ST-7,P-23,4
YR-79975,2020-08-08,ST-17,P-79,1
DP-908247,2020-06-06,ST-8,P-3,5
HZ-983174,2020-02-15,ST-19,P-10,1
NX-40031,2021-10-19,ST-73,P-47,4
NO-9452,2023-03-04,ST-70,P-80,1
WA-66930,2022-04-14,ST-23,P-55,1
WF-311802,2022-03-29,ST-17,P-56,3
LH-4883,2022-08-27,ST-24,P-29,4
QV-682158,2020-01-19,ST-39,P-25,7
IL-35613,2020-10-26,ST-14,P-28,5
YO-281597,2020-05-21,ST-71,P-41,5
VP-35983,2024-06-06,ST-19,P-86,2
US-272688,2020-01-12,ST-50,P-14,10
GB-2204,2020-09-08,ST-1,P-34,9
QK-8733,2021-11-06,ST-3,P-65,9
JR-71003,2024-03-05,ST-58,P-43,2
RV-2395,2020-09-21,ST-19,P-50,5
HL-089388,2024-05-16,ST-20,P-46,1
TS-46092,2020-01-14,ST-42,P-30,4
VK-5771,2021-07-29,ST-33,P-80,9
JQ-777277,2020-05-14,ST-66,P-18,7
WZ-34578,2023-07-02,ST-19,P-75,2
LS-59622,2024-01-08,ST-42,P-74,8
JW-439941,2021-06-28,ST-54,P-10,6
HS-01669,2022-06-13,ST-44,P-43,7
UC-84989,2024-02-27,ST-27,P-63,3
UB-6552,2020-03-17,ST-7,P-35,8
HJ-258453,2023-10-06,ST-2,P-6,10
WY-2060,2023-11-15,ST-45,P-71,10
TB-159532,2022-06-14,ST-23,P-53,1
TZ-41373,2020-11-28,ST-59,P-40,2
NR-86720,2020-12-24,ST-11,P-81,6
SH-603406,2022-08-28,ST-30,P-86,1
OQ-85736,2023-12-25,ST-14,P-45,4
FL-947983,2021-07-25,ST-21,P-25,5
YM-7982,2020-01-17,ST-5,P-60,5
FO-155181,2024-01-24,ST-3,P-46,7
XN-5476,2022-10-17,ST-27,P-57,2
YI-94716,2023-05-20,ST-73,P-11,5
FK-1026,2022-05-08,ST-56,P-67,8
TB-41017,2020-06-21,ST-39,P-10,5
DM-8169,2021-05-31,ST-8,P-86,1
LY-38695,2021-02-14,ST-60,P-57,3
SV-371390,2022-10-06,ST-57,P-37,1
JC-58652,2022-12-30,ST-70,P-19,9
MG-44598,2024-08-07,ST-55,P-45,8
PP-6054,2023-01-07,ST-20,P-42,8
MY-51800,2023-06-25,ST-20,P-18,2
ZR-101563,2020-04-29,ST-24,P-35,8
HO-9391,2020-12-24,ST-59,P-14,1
CB-211819,2022-05-09,ST-43,P-42,5
IO-607456,2024-06-30,ST-35,P-48,3
RJ-2288,2021-07-16,ST-40,P-41,9
FV-41563,2021-02-01,ST-16,P-67,6
FV-993592,2022-10-03,ST-68,P-13,9
IR-8359,2023-09-03,ST-64,P-35,10
YB-2188,2024-08-11,ST-29,P-43,1
XK-9132,2021-05-30,ST-26,P-65,9
AB-10527,2024-05-31,ST-38,P-87,6
EV-87869,2024-03-24,ST-1,P-10,4
GX-11033,2022-08-06,ST-68,P-47,1
DT-63795,2020-03-07,ST-16,P-34,5
RO-31602,2022-10-21,ST-43,P-87,7
CE-31360,2024-01-04,ST-25,P-81,10
JT-32938,2024-09-25,ST-9,P-4,8
FJ-235550,2022-05-19,ST-65,P-36,10
PN-808268,2024-05-21,ST-9,P-77,9
HA-2078,2021-12-11,ST-72,P-60,10
NH-979218,2024-03-16,ST-9,P-4,8
IJ-35866,2023-06-20,ST-33,P-33,10
FI-416830,2023-09-22,ST-16,P-79,10
CU-0966,2020-05-21,ST-14,P-9,5
IB-0364,2022-05-26,ST-36,P-35,4
QP-109350,2024-04-29,ST-53,P-87,5
VJ-433244,2021-12-23,ST-55,P-83,1
OS-365712,2024-07-08,ST-73,P-80,2
YG-7950,2024-02-06,ST-39,P-27,6
FG-539333,2020-04-07,ST-59,P-23,6
UF-1061,2023-03-17,ST-61,P-38,5
RZ-869480,2022-07-31,ST-28,P-41,1
ZU-95858,2020-08-04,ST-60,P-33,10
FZ-3293,2024-09-19,ST-26,P-43,7
EI-685962,2024-07-10,ST-75,P-49,7
JX-080211,2024-08-11,ST-56,P-54,10
AN-1483,2021-05-20,ST-18,P-19,2
LC-0082,2024-06-19,ST-51,P-45,4
NT-32508,2024-07-19,ST-63,P-30,10
AS-05747,2024-03-02,ST-25,P-88,1
PT-6612,2022-02-14,ST-44,P-16,6
QI-183018,2023-12-23,ST-15,P-68,5
UA-9535,2023-08-15,ST-37,P-48,6
VK-285209,2020-04-14,ST-4,P-43,9
FV-715101,2020-12-15,ST-69,P-50,8
VC-6730,2020-10-24,ST-40,P-36,6
QA-875117,2023-10-29,ST-58,P-31,5
RR-6226,2023-09-04,ST-64,P-66,8
TY-89545,2024-03-09,ST-15,P-35,2
NL-81390,2023-05-03,ST-30,P-75,7
BW-590469,2023-02-01,ST-3,P-55,9
NH-48091,2021-06-19,ST-51,P-59,5
PX-766721,2024-06-18,ST-35,P-51,3
XU-75517,2023-05-21,ST-47,P-39,3
HU-0601,2024-06-20,ST-38,P-86,6
SY-352267,2024-02-12,ST-74,P-18,4
CR-86022,2024-08-10,ST-24,P-23,3
ZO-802569,2021-05-18,ST-66,P-81,7
TL-3264,2022-08-01,ST-54,P-80,3
OO-2200,2020-06-26,ST-18,P-84,7
FO-51422,2020-03-29,ST-2,P-79,9
GX-822709,2020-09-22,ST-56,P-47,5
AS-96023,2023-05-07,ST-28,P-13,1
WV-20969,2021-05-12,ST-52,P-87,2
IH-3388,2023-11-20,ST-44,P-43,10
PP-321185,2024-03-08,ST-27,P-40,4
RX-5726,2020-12-12,ST-42,P-77,3
AF-89809,2023-12-22,ST-6,P-36,6
DA-18735,2020-01-03,ST-58,P-48,4
UK-824878,2024-09-02,ST-34,P-56,7
CX-5033,2024-07-16,ST-48,P-69,5
HS-066745,2023-02-27,ST-67,P-83,7
VG-799012,2021-04-11,ST-74,P-83,9
AS-85736,2022-04-28,ST-56,P-65,10
PI-54775,2020-09-14,ST-10,P-72,6
JO-371482,2022-03-27,ST-46,P-57,9
ZI-47344,2021-11-19,ST-32,P-85,6
CT-90939,2024-09-09,ST-25,P-31,6
MP-351616,2020-09-21,ST-53,P-3,5
AP-3960,2022-08-24,ST-30,P-53,5
IP-00670,2020-01-24,ST-46,P-7,8
WF-32487,2021-05-28,ST-48,P-30,1
AU-20146,2020-02-08,ST-71,P-27,6
OU-6877,2024-01-20,ST-15,P-2,8
JP-448693,2022-01-29,ST-71,P-8,2
XC-49469,2022-12-25,ST-69,P-25,2
ZG-3156,2022-04-18,ST-8,P-4,10
YM-100436,2023-10-19,ST-22,P-20,2
QD-75417,2023-03-27,ST-38,P-81,3
GB-45002,2023-03-04,ST-75,P-29,1
RH-76059,2023-05-22,ST-42,P-39,10
PV-4605,2023-03-16,ST-23,P-81,8
LC-378908,2021-05-18,ST-53,P-26,6
QB-39833,2022-06-28,ST-62,P-16,4
FC-421588,2024-05-15,ST-53,P-68,3
YD-286732,2021-08-14,ST-23,P-81,8
ES-457255,2022-05-31,ST-5,P-80,4
XM-19868,2020-04-05,ST-43,P-50,9
VS-66465,2020-11-13,ST-19,P-30,3
RC-34571,2022-04-11,ST-72,P-18,6
YI-94316,2021-12-01,ST-24,P-10,9
FB-7410,2020-06-30,ST-11,P-49,1
KH-2641,2023-12-28,ST-63,P-10,2
ED-3855,2020-02-24,ST-74,P-49,3
HC-1954,2023-09-20,ST-17,P-71,9
RY-522128,2022-07-28,ST-17,P-5,10
AA-52544,2021-11-16,ST-75,P-14,6
HQ-11117,2024-07-14,ST-70,P-22,10
AD-2961,2022-10-30,ST-64,P-37,2
SC-0067,2024-02-13,ST-61,P-57,8
XA-5321,2024-04-13,ST-33,P-6,4
XY-075586,2020-10-30,ST-61,P-85,1
KV-2245,2024-03-04,ST-14,P-65,1
MJ-520476,2023-10-07,ST-40,P-33,2
TS-4040,2023-08-27,ST-49,P-45,1
XO-135642,2023-05-30,ST-13,P-24,9
HX-458621,2024-07-12,ST-58,P-73,8
AI-512364,2022-07-15,ST-71,P-79,4
TS-1747,2021-05-09,ST-72,P-83,9
YR-58210,2024-03-26,ST-19,P-86,8
KM-9473,2022-11-24,ST-17,P-23,8
XE-20017,2022-04-17,ST-41,P-84,6
PN-9126,2024-01-22,ST-55,P-57,4
BU-197508,2024-08-25,ST-75,P-13,10
BV-211154,2024-10-13,ST-7,P-86,3
SR-48404,2023-09-08,ST-16,P-66,8
SY-500282,2024-02-24,ST-8,P-68,8
XG-20260,2021-07-12,ST-33,P-36,10
HN-86218,2024-04-15,ST-45,P-81,3
RR-5427,2023-05-30,ST-27,P-49,6
XB-775579,2023-03-23,ST-61,P-64,5
NH-9004,2024-06-09,ST-57,P-1,5
HZ-3668,2020-10-27,ST-10,P-87,9
CJ-3632,2024-05-18,ST-2,P-81,6
QR-95641,2023-12-22,ST-12,P-57,5
XQ-849853,2023-08-05,ST-2,P-65,9
SE-97567,2021-12-06,ST-65,P-51,6
EN-80660,2024-06-20,ST-71,P-7,8
IB-341063,2020-11-14,ST-41,P-64,6
OM-5178,2020-03-23,ST-45,P-69,5
NB-752725,2023-10-10,ST-12,P-67,9
LN-483345,2023-08-13,ST-3,P-45,1
XU-30552,2022-05-06,ST-4,P-42,7
UQ-3260,2024-07-09,ST-69,P-75,6
BR-4693,2022-11-13,ST-68,P-24,1
CI-634433,2021-03-30,ST-11,P-8,5
EN-14645,2020-05-17,ST-50,P-5,1
AI-056226,2023-08-25,ST-6,P-50,8
UY-420398,2022-12-26,ST-52,P-45,3
NY-14200,2024-08-09,ST-18,P-39,8
LP-4683,2021-11-14,ST-50,P-42,2
VA-821667,2023-07-27,ST-46,P-3,5
KW-2891,2022-08-22,ST-19,P-43,9
ZE-68031,2024-03-18,ST-48,P-19,9
OE-70278,2024-06-10,ST-74,P-85,6
LT-0359,2020-04-18,ST-1,P-72,7
YM-6189,2021-03-03,ST-57,P-79,5
DZ-3950,2023-06-05,ST-4,P-63,8
IG-951566,2021-05-19,ST-55,P-70,3
HY-1231,2023-02-06,ST-59,P-62,1
MM-621150,2024-01-14,ST-48,P-45,7
RR-017451,2024-02-23,ST-72,P-36,10
NQ-5838,2021-02-15,ST-44,P-35,6
FY-9628,2022-05-04,ST-16,P-82,2
OA-1522,2022-04-13,ST-57,P-35,2
WJ-9865,2022-11-24,ST-54,P-58,3
TG-5285,2020-08-02,ST-62,P-69,4
PV-131004,2023-10-29,ST-57,P-71,5
KI-7899,2023-06-09,ST-15,P-6,7
WK-5618,2021-09-26,ST-69,P-65,3
YV-2248,2021-09-22,ST-31,P-73,5
NU-287310,2022-01-09,ST-8,P-85,6
EZ-513117,2023-06-18,ST-46,P-66,3
JZ-4413,2022-01-03,ST-39,P-30,8
AR-6089,2020-12-11,ST-42,P-64,5
WU-89449,2020-12-11,ST-52,P-44,10
MW-1149,2023-08-09,ST-56,P-86,2
EE-63081,2020-04-09,ST-72,P-65,1
PZ-58514,2023-12-20,ST-9,P-3,4
WL-591527,2021-11-05,ST-75,P-2,3
XL-55488,2024-07-16,ST-43,P-74,10
IA-8988,2020-06-05,ST-20,P-18,6
BT-4428,2020-08-04,ST-38,P-37,7
CH-83576,2022-05-25,ST-52,P-61,9
CR-05630,2020-05-29,ST-31,P-24,5
MG-25483,2023-09-07,ST-57,P-89,1
PL-7242,2022-01-12,ST-71,P-32,6
SJ-4494,2024-03-30,ST-13,P-12,5
UW-3716,2021-07-16,ST-40,P-37,9
NA-6678,2022-07-30,ST-38,P-14,4
ZL-994080,2023-06-17,ST-74,P-4,5
GC-53820,2020-09-26,ST-43,P-26,4
OE-971050,2024-03-20,ST-70,P-4,7
NW-09794,2024-10-16,ST-62,P-62,10
YI-1463,2023-08-28,ST-55,P-43,2
HZ-6065,2023-10-03,ST-30,P-71,6
DL-116559,2023-08-22,ST-4,P-16,3
CN-576516,2021-05-22,ST-71,P-70,9
EE-385734,2024-02-01,ST-2,P-4,10
DS-219251,2021-10-12,ST-57,P-57,6
AJ-699360,2023-05-10,ST-12,P-12,9
AK-121432,2021-03-07,ST-17,P-22,8
KQ-023596,2024-09-14,ST-57,P-50,1
JO-89285,2021-04-27,ST-9,P-53,2
FU-4837,2022-10-03,ST-26,P-10,3
WY-2938,2021-05-12,ST-29,P-56,2
QM-983418,2022-05-07,ST-53,P-76,2
NE-1386,2022-04-22,ST-72,P-38,9
IS-626090,2023-07-22,ST-24,P-18,3
IX-916337,2022-08-03,ST-65,P-78,8
IB-9927,2024-03-11,ST-69,P-10,8
CN-82929,2022-02-27,ST-20,P-49,10
JD-0290,2022-02-11,ST-73,P-44,5
RJ-1891,2022-10-15,ST-10,P-12,3
SK-5732,2020-01-02,ST-34,P-32,4
BO-1767,2022-05-23,ST-31,P-56,6
AQ-71651,2024-04-03,ST-30,P-60,3
PG-1716,2024-08-01,ST-5,P-3,4
IC-2832,2020-10-30,ST-40,P-25,2
JS-347542,2023-11-06,ST-75,P-68,4
UM-84752,2022-07-09,ST-35,P-47,2
JP-671104,2024-10-29,ST-51,P-3,10
ZU-57717,2023-05-17,ST-22,P-21,10
RQ-172592,2022-03-28,ST-49,P-40,5
JW-10199,2020-09-25,ST-9,P-63,9
XL-2509,2022-05-03,ST-57,P-10,8
DL-84261,2021-01-17,ST-20,P-45,2
VR-288708,2020-05-13,ST-38,P-4,1
JY-84575,2020-08-15,ST-4,P-80,3
RU-506626,2022-09-23,ST-51,P-48,8
UT-8055,2022-08-24,ST-53,P-84,8
NC-274775,2024-06-15,ST-45,P-71,2
FH-35572,2024-01-18,ST-72,P-2,4
UJ-31672,2020-09-13,ST-65,P-14,8
NI-232709,2023-10-26,ST-5,P-32,6
UQ-740392,2021-05-20,ST-69,P-15,6
LA-0683,2023-03-23,ST-69,P-78,10
UT-7207,2023-12-12,ST-45,P-41,5
TZ-7486,2020-06-18,ST-1,P-17,7
FP-30198,2021-03-12,ST-3,P-14,2
WV-98841,2022-07-10,ST-25,P-32,10
XV-62155,2021-09-01,ST-35,P-29,4
XN-2791,2022-10-04,ST-9,P-64,9
OZ-7226,2020-04-14,ST-54,P-37,5
AU-3849,2022-11-02,ST-20,P-48,7
KP-400822,2020-09-29,ST-62,P-65,9
XG-021800,2020-09-18,ST-58,P-64,7
LK-784570,2020-09-25,ST-19,P-51,8
WS-8221,2023-01-31,ST-63,P-64,9
ZY-393096,2021-06-19,ST-15,P-75,6
RM-696262,2023-01-20,ST-51,P-77,5
WX-963655,2023-08-18,ST-59,P-13,7
WI-9768,2023-03-08,ST-24,P-57,6
OY-5175,2023-12-14,ST-53,P-85,9
BV-0560,2022-02-13,ST-54,P-40,8
EK-97316,2021-04-02,ST-65,P-53,6
TY-779740,2020-12-01,ST-56,P-2,5
KH-509988,2022-04-08,ST-63,P-29,2
IL-5526,2021-08-05,ST-47,P-4,3
QW-496607,2024-10-03,ST-1,P-75,1
XT-0935,2020-01-19,ST-19,P-37,2
GG-14227,2021-08-09,ST-41,P-24,2
GZ-516609,2022-11-21,ST-13,P-86,6
YF-5911,2022-12-26,ST-47,P-77,2
FX-1945,2020-05-30,ST-48,P-5,9
GR-5998,2020-05-22,ST-29,P-16,3
GI-882991,2023-09-30,ST-59,P-22,4
MT-25653,2022-01-25,ST-52,P-46,1
UJ-363695,2023-05-01,ST-65,P-48,1
MP-02877,2024-08-14,ST-51,P-25,9
SN-7860,2021-06-29,ST-55,P-75,5
SK-123866,2024-09-08,ST-2,P-40,8
CQ-7419,2023-09-05,ST-29,P-50,5
GV-27572,2023-08-14,ST-64,P-60,1
GZ-15307,2023-05-13,ST-27,P-29,5
GO-6199,2021-08-04,ST-56,P-65,7
ES-3287,2023-11-07,ST-66,P-23,3
CP-18204,2020-04-20,ST-74,P-39,8
YW-417915,2024-02-18,ST-72,P-4,7
RN-598744,2021-01-01,ST-18,P-34,2
KR-280816,2023-07-24,ST-9,P-56,6
XQ-5618,2023-01-03,ST-54,P-57,6
NZ-040651,2020-11-13,ST-6,P-50,5
SC-255341,2022-07-13,ST-22,P-32,2
WV-0098,2022-04-11,ST-30,P-5,6
WO-18608,2022-11-28,ST-61,P-17,8
ZW-94225,2021-09-24,ST-28,P-62,3
VU-6903,2020-10-22,ST-55,P-54,1
SD-10853,2022-08-16,ST-1,P-45,10
FN-132766,2020-09-06,ST-61,P-2,3
VP-023745,2023-03-29,ST-22,P-86,10
AG-031373,2023-02-11,ST-30,P-15,5
RB-55892,2023-08-10,ST-22,P-70,6
IH-68465,2024-02-21,ST-20,P-46,3
TZ-603536,2020-01-08,ST-34,P-19,8
ZT-156839,2023-11-09,ST-9,P-46,5
TE-26316,2022-04-22,ST-32,P-4,10
AO-4171,2023-12-08,ST-56,P-10,4
VI-150640,2023-01-03,ST-24,P-64,10
QV-3988,2022-05-07,ST-74,P-6,9
RG-2966,2020-08-21,ST-8,P-38,9
RC-239709,2022-02-04,ST-35,P-61,4
BG-496619,2020-03-17,ST-45,P-34,10
IK-414325,2023-09-14,ST-57,P-28,7
QZ-02170,2020-09-09,ST-16,P-38,4
VC-46405,2022-06-20,ST-19,P-65,4
EC-1617,2021-04-22,ST-4,P-82,4
YR-049364,2021-05-01,ST-48,P-89,9
AJ-1374,2024-01-14,ST-61,P-3,1
QX-86242,2024-03-22,ST-11,P-7,7
SA-65513,2023-11-25,ST-25,P-55,8
IG-491324,2022-06-18,ST-75,P-84,3
ZY-28039,2023-01-14,ST-59,P-73,9
MB-378887,2022-12-07,ST-28,P-13,1
LJ-14438,2024-02-27,ST-60,P-49,8
LZ-819650,2022-05-11,ST-68,P-69,5
DP-632555,2021-11-24,ST-32,P-43,1
TE-718407,2020-02-22,ST-29,P-9,6
DZ-9773,2022-01-10,ST-74,P-63,1
AQ-0822,2024-07-24,ST-57,P-62,10
QP-21573,2020-09-24,ST-37,P-11,3
UL-3316,2022-04-02,ST-16,P-56,7
VU-765707,2021-12-10,ST-25,P-86,10
SD-161901,2023-07-20,ST-61,P-75,1
SZ-1758,2024-04-17,ST-43,P-70,8
KT-76973,2022-01-10,ST-23,P-34,5
ML-493505,2022-12-28,ST-3,P-19,7
ZY-38237,2020-10-16,ST-38,P-50,10
BT-765077,2020-09-16,ST-31,P-52,10
PM-56489,2021-11-14,ST-63,P-60,8
UK-3031,2024-11-10,ST-59,P-87,10
CI-76168,2020-06-17,ST-74,P-49,4
XL-853027,2024-01-24,ST-48,P-59,3
RB-46502,2024-10-08,ST-14,P-7,9
KZ-351482,2022-03-25,ST-30,P-66,3
AP-0469,2020-08-12,ST-45,P-50,2
VL-5560,2023-10-02,ST-10,P-29,4
FU-305634,2021-05-20,ST-17,P-56,3
EH-4901,2020-02-29,ST-69,P-46,5
US-18306,2023-12-01,ST-8,P-69,9
XF-30117,2024-09-03,ST-45,P-18,8
TA-4383,2021-05-27,ST-24,P-64,10
HH-6449,2020-08-04,ST-27,P-14,5
QP-0505,2023-05-11,ST-13,P-29,2
YJ-521332,2020-08-26,ST-62,P-57,8
UE-03698,2020-11-20,ST-47,P-63,2
RP-90530,2020-02-25,ST-46,P-88,10
ML-80438,2024-04-05,ST-29,P-18,10
WE-69067,2020-04-20,ST-19,P-86,7
BL-879416,2022-11-23,ST-45,P-14,8
CI-03942,2023-09-05,ST-1,P-20,9
PD-95464,2021-09-03,ST-57,P-24,4
MO-580152,2020-12-24,ST-72,P-56,1
XY-4045,2020-06-04,ST-54,P-71,5
MK-024359,2020-04-14,ST-14,P-35,3
DL-01868,2021-06-25,ST-45,P-27,2
MJ-724972,2021-01-11,ST-22,P-14,2
JK-5815,2022-12-02,ST-68,P-77,3
DR-80505,2022-01-18,ST-73,P-61,7
OV-0826,2023-11-20,ST-73,P-16,7
MH-008720,2020-01-31,ST-38,P-60,5
KW-88152,2024-10-04,ST-32,P-82,4
AL-8270,2020-04-21,ST-36,P-78,5
HR-389721,2022-12-01,ST-72,P-38,3
EB-747528,2023-09-28,ST-43,P-17,6
GM-29248,2021-02-21,ST-54,P-17,8
FT-8630,2020-04-11,ST-68,P-72,6
FH-085555,2020-01-21,ST-57,P-61,8
YC-89825,2021-10-23,ST-64,P-79,8
SN-035474,2021-01-05,ST-50,P-11,1
MG-2084,2020-09-24,ST-9,P-67,1
MW-66153,2024-05-03,ST-17,P-57,5
AK-721638,2021-12-29,ST-2,P-67,3
BA-05085,2020-02-07,ST-5,P-81,4
KK-28732,2024-05-19,ST-57,P-35,2
PD-39754,2020-09-09,ST-48,P-78,4
XT-65421,2024-06-19,ST-57,P-25,5
GK-94662,2023-03-04,ST-65,P-36,4
MM-249762,2023-11-30,ST-75,P-11,10
JD-12664,2022-10-26,ST-55,P-38,4
XY-78876,2020-09-28,ST-69,P-81,10
KY-121765,2020-04-16,ST-68,P-26,3
FH-93306,2021-03-01,ST-75,P-66,1
GC-3907,2024-07-13,ST-55,P-27,1
SE-887990,2020-10-12,ST-5,P-25,3
ZH-57751,2024-02-19,ST-70,P-6,6
KG-43217,2020-09-26,ST-44,P-50,5
UI-2938,2021-03-07,ST-45,P-64,1
SK-889033,2020-10-14,ST-43,P-76,8
LD-4809,2022-12-04,ST-6,P-35,4
HV-1070,2023-02-04,ST-48,P-74,3
PA-969668,2023-10-17,ST-53,P-50,1
XY-2405,2024-01-13,ST-58,P-82,6
DF-2783,2023-08-10,ST-55,P-37,8
QI-610629,2024-03-06,ST-60,P-82,9
ZP-6341,2023-04-14,ST-24,P-47,5
NH-7569,2021-01-27,ST-19,P-53,5
NH-4765,2023-09-29,ST-72,P-39,1
VA-0382,2023-05-31,ST-13,P-39,4
CC-847673,2024-08-29,ST-40,P-4,6
PN-42442,2020-11-20,ST-51,P-3,8
VG-3659,2020-11-04,ST-67,P-43,4
KM-742073,2023-04-04,ST-71,P-39,2
WZ-0866,2023-03-26,ST-53,P-75,9
UD-09503,2020-04-06,ST-49,P-54,8
ZJ-87187,2020-11-16,ST-50,P-63,9
OT-79967,2021-12-09,ST-38,P-15,4
FK-6535,2021-07-11,ST-51,P-7,4
LF-7301,2024-06-04,ST-27,P-15,1
VW-61559,2024-01-12,ST-69,P-14,6
NC-794341,2021-07-07,ST-5,P-57,1
AY-458189,2022-06-06,ST-71,P-12,9
OD-47249,2020-06-05,ST-58,P-53,2
TX-3795,2022-05-09,ST-48,P-23,10
EL-387286,2023-10-02,ST-6,P-59,3
KL-0356,2022-08-28,ST-19,P-46,2
QV-9006,2022-06-19,ST-1,P-84,8
OB-535299,2020-01-03,ST-5,P-41,7
AX-938381,2023-12-02,ST-60,P-75,2
MJ-8453,2024-10-10,ST-25,P-32,2
WU-5950,2021-07-02,ST-61,P-38,8
YE-5177,2024-06-22,ST-34,P-30,7
OO-995620,2020-01-15,ST-14,P-14,5
SY-18602,2023-11-07,ST-9,P-4,1
GV-226744,2021-05-24,ST-48,P-74,2
WX-68750,2020-03-12,ST-71,P-12,5
PR-910022,2020-06-22,ST-21,P-23,7
LN-691430,2023-06-04,ST-17,P-32,3
VH-09901,2022-03-08,ST-63,P-64,1
EO-81987,2022-05-04,ST-65,P-50,5
OF-7351,2020-01-01,ST-56,P-3,9
LZ-59907,2023-02-10,ST-58,P-77,5
DX-4243,2020-07-19,ST-38,P-30,1
GX-6375,2020-11-10,ST-18,P-79,4
VH-479007,2020-11-05,ST-34,P-78,6
AK-414982,2022-10-12,ST-35,P-72,6
WC-63331,2022-12-01,ST-39,P-81,9
CO-879821,2023-11-22,ST-29,P-58,6
TN-556195,2024-06-14,ST-70,P-72,7
PV-48710,2021-09-05,ST-24,P-88,5
MH-4515,2023-07-25,ST-39,P-32,5
CR-115814,2021-06-17,ST-74,P-36,9
HF-94918,2023-02-15,ST-57,P-57,10
BY-7776,2021-01-31,ST-9,P-62,7
ZV-67302,2023-07-26,ST-30,P-64,9
KJ-492582,2021-09-27,ST-12,P-76,2
DX-7523,2022-08-16,ST-10,P-7,10
MR-215319,2023-07-25,ST-63,P-8,10
PO-733534,2021-02-23,ST-46,P-17,6
HD-6557,2022-05-04,ST-16,P-32,5
AC-1446,2024-04-28,ST-68,P-83,10
JP-79006,2022-04-27,ST-25,P-38,1
AN-86032,2023-11-11,ST-70,P-64,5
MJ-0113,2021-11-16,ST-50,P-18,3
VF-63065,2021-12-28,ST-1,P-35,7
VS-1316,2022-03-21,ST-11,P-7,6
XT-000328,2023-07-28,ST-4,P-36,2
HU-4120,2023-07-15,ST-40,P-46,6
LS-662327,2024-05-25,ST-42,P-67,1
EU-0220,2020-11-07,ST-28,P-14,10
BV-88078,2022-12-05,ST-15,P-77,10
PK-10987,2021-11-17,ST-26,P-54,5
KG-5947,2022-01-03,ST-71,P-13,10
FH-79468,2020-10-03,ST-22,P-54,8
CQ-8307,2022-03-02,ST-50,P-18,1
HE-7184,2024-06-21,ST-57,P-51,8
GX-19869,2024-03-24,ST-70,P-25,10
OJ-692100,2021-11-14,ST-46,P-58,4
KV-170686,2022-05-04,ST-33,P-32,2
DL-895516,2024-04-10,ST-46,P-63,3
WA-139772,2020-05-05,ST-42,P-33,6
ES-690717,2021-10-18,ST-43,P-61,10
BT-43066,2020-11-27,ST-49,P-88,3
TC-3174,2020-08-16,ST-56,P-11,7
MJ-642766,2023-11-16,ST-46,P-25,8
DS-41876,2024-03-03,ST-58,P-55,3
YX-67258,2021-11-24,ST-35,P-63,4
LT-09961,2024-03-16,ST-13,P-40,9
KN-497647,2020-06-27,ST-12,P-6,4
UU-48784,2021-07-27,ST-5,P-82,6
EH-3331,2021-10-30,ST-27,P-19,7
ZO-26427,2022-02-21,ST-29,P-56,1
XE-449885,2021-05-14,ST-49,P-45,8
DE-230740,2024-08-20,ST-71,P-53,6
HI-31795,2021-03-25,ST-68,P-4,6
IR-370373,2020-11-17,ST-75,P-80,4
FP-878361,2024-09-17,ST-61,P-76,7
QN-4712,2023-09-01,ST-69,P-53,2
IY-95700,2022-08-10,ST-8,P-18,4
RM-521421,2020-01-13,ST-41,P-26,6
SS-74770,2021-08-09,ST-31,P-60,1
FF-0186,2024-02-15,ST-48,P-30,7
WN-1687,2024-01-18,ST-68,P-9,7
GY-18426,2021-11-12,ST-21,P-19,8
EW-6087,2020-11-08,ST-22,P-44,10
CY-826644,2022-07-31,ST-66,P-20,2
OT-3625,2024-02-15,ST-67,P-42,1
XW-775028,2022-12-29,ST-49,P-60,7
OK-3351,2022-05-13,ST-3,P-43,4
LY-6927,2020-01-06,ST-30,P-53,5
PG-6603,2020-02-02,ST-46,P-25,2
OS-1471,2021-11-12,ST-44,P-7,4
ZC-099564,2021-03-08,ST-10,P-37,5
JE-934421,2022-12-28,ST-33,P-54,2
HK-49938,2023-01-04,ST-1,P-43,1
KD-207242,2022-10-21,ST-64,P-7,10
BU-81517,2020-02-08,ST-39,P-25,6
JI-309247,2021-01-19,ST-50,P-86,8
TM-0086,2023-04-17,ST-59,P-80,4
DE-25929,2021-05-14,ST-5,P-38,7
WB-68013,2024-07-23,ST-36,P-24,5
GH-42888,2024-08-25,ST-65,P-48,5
GZ-827278,2023-08-03,ST-16,P-35,9
NO-58133,2022-02-13,ST-33,P-34,9
VY-1282,2023-09-12,ST-1,P-40,5
RX-5738,2021-03-30,ST-38,P-54,8
PH-40265,2021-02-22,ST-13,P-64,4
WB-8045,2024-04-29,ST-26,P-81,10
DY-7526,2022-02-28,ST-53,P-80,3
IM-7436,2020-10-15,ST-70,P-21,8
QK-60500,2020-11-26,ST-58,P-42,8
OV-84621,2022-12-07,ST-58,P-38,7
AR-8527,2023-08-03,ST-39,P-21,4
XA-7463,2020-09-12,ST-54,P-38,6
LH-55125,2023-03-17,ST-12,P-31,1
RO-74225,2021-12-10,ST-27,P-4,6
AW-99202,2022-12-03,ST-55,P-74,10
NR-80012,2020-04-05,ST-39,P-10,6
KF-4682,2023-05-14,ST-6,P-48,5
PD-3848,2024-09-30,ST-39,P-16,5
ZM-633767,2022-08-17,ST-17,P-49,8
BE-13612,2022-09-28,ST-27,P-4,1
FX-093991,2020-10-19,ST-11,P-32,10
HF-667528,2021-07-30,ST-5,P-53,8
MV-140662,2022-11-07,ST-66,P-2,1
SM-49840,2024-06-25,ST-73,P-34,7
SP-96423,2023-09-09,ST-26,P-50,4
SL-247331,2021-04-08,ST-74,P-34,8
KI-3522,2021-04-19,ST-58,P-52,10
ZQ-27937,2020-07-23,ST-66,P-39,9
MQ-807151,2024-08-26,ST-7,P-14,2
UD-38590,2021-07-17,ST-16,P-11,9
QU-6696,2020-02-17,ST-35,P-16,8
QF-7010,2022-05-15,ST-48,P-7,5
XC-005181,2023-11-15,ST-20,P-45,2
SV-4745,2022-05-03,ST-50,P-34,10
IC-0902,2022-04-23,ST-5,P-8,6
ND-0613,2020-02-24,ST-41,P-23,4
RV-27777,2023-03-22,ST-67,P-35,10
TC-7075,2024-04-06,ST-33,P-79,6
WD-4662,2022-01-12,ST-1,P-75,7
AL-15718,2020-06-04,ST-62,P-52,3
KJ-3161,2020-12-27,ST-9,P-32,2
NB-96911,2022-06-25,ST-17,P-27,7
IO-19899,2024-07-17,ST-12,P-57,9
JV-6907,2020-12-07,ST-37,P-29,4
NU-4508,2020-04-23,ST-1,P-31,10
UG-303251,2020-05-05,ST-4,P-74,3
ME-53733,2021-08-19,ST-29,P-63,4
UY-071868,2024-10-04,ST-15,P-76,7
JP-3990,2024-09-09,ST-48,P-47,8
LE-441156,2022-01-09,ST-37,P-63,3
TM-92762,2022-12-13,ST-3,P-23,10
ZP-75695,2024-07-06,ST-49,P-63,2
JI-03858,2021-08-30,ST-68,P-21,7
TI-2916,2023-03-16,ST-61,P-12,7
XH-62200,2024-05-18,ST-37,P-69,3
EO-292387,2023-10-13,ST-60,P-79,1
BN-689960,2022-09-24,ST-34,P-59,10
CM-15573,2024-10-06,ST-30,P-9,4
IQ-86134,2020-12-26,ST-62,P-13,2
EN-3368,2024-07-11,ST-47,P-29,1
IH-085857,2021-08-30,ST-4,P-4,4
AL-24088,2023-12-30,ST-20,P-56,10
PL-80053,2023-02-18,ST-66,P-32,6
QA-43083,2022-01-20,ST-15,P-29,2
RQ-2485,2023-07-21,ST-4,P-75,6
NT-500776,2020-10-07,ST-48,P-15,3
LT-226959,2021-07-17,ST-27,P-37,2
GK-465627,2023-02-17,ST-49,P-40,4
SL-98452,2022-02-08,ST-32,P-48,1
MG-62354,2020-09-10,ST-32,P-56,4
PX-7708,2020-11-26,ST-22,P-43,6
FT-720276,2021-07-25,ST-35,P-88,8
PY-531527,2024-03-12,ST-68,P-50,1
OY-5429,2024-05-05,ST-9,P-18,6
FA-3265,2021-08-18,ST-38,P-45,2
NH-70004,2020-11-30,ST-38,P-40,7
RM-638498,2024-10-19,ST-56,P-3,3
FB-60582,2023-09-26,ST-42,P-29,9
GU-362265,2023-06-03,ST-8,P-81,6
AW-097748,2021-03-07,ST-2,P-16,2
NZ-754689,2021-08-30,ST-43,P-3,1
JX-62174,2020-02-23,ST-13,P-49,4
UW-147087,2024-08-02,ST-5,P-65,7
HE-134476,2024-10-20,ST-35,P-30,8
XQ-3533,2020-10-12,ST-32,P-64,10
YZ-677416,2022-11-17,ST-56,P-4,9
WU-5466,2023-09-12,ST-6,P-50,7
TA-346415,2022-09-29,ST-41,P-2,7
EO-0320,2020-02-03,ST-49,P-13,6
ZK-74662,2024-07-13,ST-27,P-28,10
KG-28512,2020-03-22,ST-70,P-44,2
AR-0415,2020-02-27,ST-18,P-50,6
JK-749557,2022-07-27,ST-25,P-25,2
QW-5299,2023-10-29,ST-10,P-72,1
RZ-18828,2022-03-30,ST-68,P-19,9
AP-78140,2021-03-06,ST-49,P-7,2
TX-18188,2024-03-25,ST-65,P-30,4
IM-182330,2022-03-23,ST-35,P-76,6
RP-31025,2021-06-01,ST-41,P-30,4
GX-6668,2023-08-18,ST-38,P-89,4
DG-52035,2020-01-21,ST-10,P-82,6
LS-46614,2021-12-02,ST-20,P-33,7
EA-535854,2020-05-06,ST-64,P-86,1
PL-295887,2022-02-11,ST-8,P-56,10
VX-2175,2022-09-12,ST-4,P-63,4
YU-77344,2022-03-19,ST-41,P-27,2
GT-1049,2024-05-23,ST-17,P-89,4
DW-86940,2023-07-08,ST-62,P-44,5
EO-21781,2023-12-06,ST-41,P-88,2
YD-3287,2024-01-28,ST-45,P-89,2
HX-64967,2021-05-19,ST-56,P-16,6
BA-22067,2021-09-14,ST-16,P-62,10
XL-567676,2021-01-11,ST-46,P-64,5
OO-910110,2020-08-25,ST-44,P-4,4
GH-24174,2022-07-09,ST-27,P-55,9
NK-54829,2020-10-21,ST-61,P-55,2
GR-78348,2021-03-24,ST-34,P-22,6
XC-63263,2023-10-11,ST-58,P-37,8
SS-6776,2023-08-25,ST-4,P-80,7
JY-6692,2022-07-27,ST-5,P-84,1
MR-2033,2022-01-21,ST-58,P-49,4
QO-55756,2020-06-07,ST-18,P-41,3
OZ-873545,2023-01-16,ST-72,P-1,3
JZ-5960,2024-01-02,ST-74,P-18,3
UG-86281,2023-05-09,ST-61,P-37,3
KG-6861,2021-11-08,ST-35,P-48,3
QD-8491,2020-05-11,ST-6,P-69,2
YU-582421,2024-08-16,ST-57,P-15,7
BD-72562,2024-06-06,ST-50,P-20,4
YP-0772,2020-02-03,ST-13,P-1,4
TM-4218,2022-03-06,ST-50,P-1,5
GV-268548,2021-06-15,ST-64,P-48,6
VC-318827,2021-12-12,ST-42,P-69,4
LW-23923,2022-10-16,ST-27,P-40,7
FX-78000,2023-06-22,ST-69,P-8,8
KY-2489,2024-04-19,ST-64,P-42,10
XD-2400,2024-01-05,ST-54,P-85,8
CS-92606,2022-07-04,ST-3,P-27,7
UL-24937,2023-09-15,ST-14,P-40,10
YN-228967,2023-11-04,ST-24,P-60,6
QK-6594,2023-04-02,ST-17,P-19,2
FN-9365,2023-04-18,ST-7,P-77,4
VN-59295,2020-10-27,ST-70,P-32,3
DL-505502,2022-06-30,ST-71,P-57,3
AK-55061,2020-11-04,ST-49,P-12,8
UY-66871,2021-02-11,ST-37,P-83,3
TD-2139,2023-07-18,ST-5,P-26,5
MV-639470,2022-12-13,ST-71,P-4,2
XB-23206,2021-11-14,ST-31,P-74,1
SE-67633,2021-04-06,ST-67,P-15,4
RY-5970,2020-06-21,ST-29,P-28,2
DI-19601,2023-10-16,ST-71,P-30,2
ZD-1269,2023-11-01,ST-66,P-27,4
BQ-8202,2022-01-06,ST-38,P-6,9
BO-30138,2023-12-13,ST-21,P-48,4
EX-45784,2022-04-18,ST-57,P-74,6
VN-04402,2023-10-14,ST-5,P-60,4
IQ-96832,2023-05-15,ST-56,P-75,10
OO-367050,2022-12-26,ST-17,P-54,9
OT-620859,2022-05-12,ST-71,P-61,10
XT-32461,2023-12-22,ST-24,P-58,1
NV-367341,2024-03-30,ST-39,P-37,4
VY-050376,2023-09-04,ST-64,P-12,10
DQ-4261,2024-01-01,ST-38,P-4,6
VP-385436,2020-08-18,ST-41,P-38,6
JF-02653,2022-12-06,ST-55,P-9,10
RS-81347,2021-07-15,ST-24,P-45,7
SZ-54615,2020-03-27,ST-36,P-1,6
TD-5804,2021-05-14,ST-66,P-34,1
KD-15573,2024-09-02,ST-11,P-33,3
BF-483742,2021-06-28,ST-37,P-49,4
GK-27650,2021-11-08,ST-15,P-56,10
GK-96076,2021-12-13,ST-10,P-38,10
HL-53835,2020-12-14,ST-24,P-81,5
UB-799440,2022-02-25,ST-23,P-34,7
EI-279075,2023-08-22,ST-20,P-87,7
NH-95329,2022-03-20,ST-27,P-24,1
UA-678545,2020-01-19,ST-36,P-61,4
NR-33545,2022-09-18,ST-59,P-11,7
TL-02680,2023-01-05,ST-12,P-26,7
XW-08727,2023-10-08,ST-48,P-81,9
TD-82360,2021-12-09,ST-43,P-18,2
AT-7541,2020-05-04,ST-53,P-19,8
RR-407408,2020-01-19,ST-75,P-86,1
EL-68522,2024-05-19,ST-3,P-40,6
BG-529627,2022-08-14,ST-13,P-48,8
AG-75081,2021-07-22,ST-63,P-79,8
UV-04900,2022-03-10,ST-40,P-40,7
NE-009206,2023-04-09,ST-38,P-10,7
KZ-131566,2021-02-26,ST-33,P-33,8
VS-101640,2020-03-02,ST-69,P-4,7
FO-8489,2024-05-17,ST-23,P-22,3
ZU-178792,2020-07-18,ST-3,P-43,9
BC-685544,2022-05-28,ST-62,P-19,10
JO-16737,2024-09-14,ST-53,P-22,4
CD-501723,2024-08-21,ST-66,P-57,2
JI-61918,2021-06-04,ST-36,P-9,4
VD-031685,2024-07-21,ST-41,P-66,1
YN-57282,2024-01-26,ST-23,P-73,9
AG-964574,2023-04-26,ST-1,P-75,8
KW-29176,2021-03-24,ST-29,P-6,2
DB-65815,2023-07-13,ST-32,P-84,8
DR-408919,2022-02-25,ST-58,P-30,8
GG-7505,2021-03-13,ST-71,P-14,6
SE-566559,2020-03-26,ST-57,P-23,6
IY-183429,2024-07-24,ST-74,P-64,8
HK-83941,2023-04-17,ST-22,P-76,6
VV-275738,2021-12-02,ST-38,P-66,3
TX-90078,2022-06-01,ST-36,P-8,9
CR-98861,2020-12-29,ST-46,P-79,4
MW-2359,2021-10-16,ST-11,P-51,8
BV-11773,2020-03-02,ST-69,P-27,8
VL-910003,2020-12-09,ST-66,P-33,1
YN-78055,2023-02-18,ST-26,P-68,3
CS-24193,2022-09-09,ST-8,P-17,8
RL-54108,2023-01-26,ST-66,P-83,8
RE-2871,2021-07-19,ST-14,P-32,10
QF-84691,2021-02-26,ST-10,P-82,2
AO-9156,2022-04-23,ST-33,P-71,10
KY-085027,2021-04-24,ST-3,P-62,9
GH-3522,2020-04-29,ST-74,P-39,4
KL-3498,2020-04-16,ST-72,P-70,4
VY-52847,2022-01-16,ST-43,P-55,3
KO-54237,2024-08-09,ST-7,P-9,4
RM-736149,2023-06-01,ST-8,P-1,10
WN-267798,2021-03-14,ST-55,P-87,6
BQ-2684,2023-02-11,ST-18,P-48,6
NU-23733,2022-01-01,ST-66,P-49,4
VG-9010,2020-05-05,ST-69,P-35,3
CF-2326,2021-05-11,ST-38,P-7,6
ZI-98971,2021-09-12,ST-64,P-29,9
GH-168801,2022-04-17,ST-71,P-4,10
FK-12731,2023-09-25,ST-2,P-77,6
VA-210154,2020-06-27,ST-44,P-8,7
QG-4057,2023-06-16,ST-17,P-57,1
JB-996549,2023-03-03,ST-61,P-57,2
MF-08275,2021-01-25,ST-61,P-11,8
XZ-50949,2020-06-07,ST-62,P-19,10
KP-2333,2020-12-16,ST-26,P-74,8
ED-3543,2020-11-11,ST-31,P-19,6
CY-674468,2022-02-20,ST-52,P-9,8
AG-05441,2022-02-23,ST-60,P-76,2
TS-3074,2022-02-16,ST-22,P-15,5
CU-7050,2022-06-26,ST-40,P-25,2
WM-2319,2022-10-19,ST-49,P-61,10
FM-967255,2021-09-28,ST-34,P-73,6
TI-17215,2020-08-04,ST-14,P-26,9
QF-1781,2020-10-09,ST-26,P-43,1
GY-608358,2024-08-22,ST-29,P-80,2
GN-65310,2021-12-06,ST-19,P-12,3
MP-6668,2020-02-03,ST-35,P-57,4
AH-68026,2021-03-26,ST-15,P-33,6
XM-48112,2022-03-20,ST-19,P-66,9
BO-240391,2021-11-02,ST-25,P-57,4
OA-1763,2021-02-13,ST-67,P-65,9
AA-45697,2021-07-05,ST-21,P-9,8
VT-7162,2022-01-18,ST-49,P-48,5
LN-280162,2023-04-13,ST-52,P-26,5
YF-083889,2024-09-13,ST-67,P-11,2
AX-976362,2021-02-01,ST-19,P-64,3
VX-1435,2021-04-09,ST-59,P-4,6
IB-04784,2020-12-21,ST-25,P-73,6
TV-3424,2021-11-23,ST-1,P-83,4
GI-55038,2023-11-25,ST-34,P-23,1
NJ-7849,2021-07-06,ST-2,P-40,3
WN-99698,2021-03-10,ST-15,P-9,5
DY-27682,2023-04-20,ST-32,P-37,4
EH-593054,2020-01-06,ST-33,P-57,8
TG-3907,2020-09-27,ST-63,P-15,9
RL-268511,2021-07-19,ST-69,P-17,1
ZP-917429,2022-07-17,ST-25,P-80,4
PP-7246,2021-01-16,ST-18,P-89,4
DM-1794,2024-04-20,ST-27,P-50,2
OP-196310,2023-02-22,ST-40,P-23,4
BU-27981,2022-06-02,ST-74,P-28,8
TX-67070,2022-04-05,ST-59,P-37,1
VO-605956,2021-01-27,ST-60,P-10,9
HJ-155021,2020-01-26,ST-65,P-14,6
UU-187550,2020-06-03,ST-33,P-30,8
OH-312926,2020-04-22,ST-60,P-38,2
PE-8967,2023-10-25,ST-45,P-7,9
UO-07990,2022-09-18,ST-11,P-4,1
DA-28792,2022-01-12,ST-15,P-53,8
RB-98229,2021-06-20,ST-36,P-89,10
MX-9427,2020-05-11,ST-25,P-62,5
LR-776555,2023-09-24,ST-6,P-71,9
FV-0034,2023-10-18,ST-60,P-85,1
KQ-03692,2020-11-26,ST-45,P-17,6
MJ-93765,2022-11-12,ST-25,P-74,3
CW-0059,2020-06-08,ST-64,P-33,8
TZ-6373,2020-10-17,ST-23,P-65,1
GZ-8295,2021-01-06,ST-47,P-59,6
PH-1838,2023-08-13,ST-37,P-88,10
YB-66767,2021-03-31,ST-47,P-42,4
QS-0281,2022-02-24,ST-66,P-49,9
BN-87261,2024-02-22,ST-42,P-38,7
UD-21483,2020-08-20,ST-67,P-16,7
RM-9128,2021-01-05,ST-13,P-70,7
HQ-490596,2020-09-20,ST-8,P-22,2
JQ-98024,2021-11-24,ST-65,P-12,4
VJ-3202,2023-10-06,ST-72,P-13,4
HU-9354,2023-06-03,ST-14,P-49,7
IC-22158,2024-01-07,ST-69,P-47,6
YZ-638377,2021-07-22,ST-19,P-77,4
SH-80522,2022-09-05,ST-16,P-4,3
HW-08948,2022-02-21,ST-62,P-43,7
DH-9010,2020-07-18,ST-13,P-41,8
YI-7443,2020-06-05,ST-56,P-75,8
UO-208987,2020-12-30,ST-33,P-44,2
JP-9641,2022-02-28,ST-65,P-3,3
RE-751413,2020-07-12,ST-10,P-37,2
KV-623112,2021-01-04,ST-20,P-68,2
UR-9898,2024-10-03,ST-22,P-76,6
ET-2162,2022-02-11,ST-38,P-21,9
TN-78909,2020-04-04,ST-51,P-63,4
ZE-938764,2024-11-01,ST-19,P-84,10
DA-7453,2023-03-19,ST-52,P-48,7
SS-57254,2021-01-02,ST-66,P-32,1
ZB-5202,2021-01-26,ST-17,P-41,5
PO-6301,2024-03-03,ST-27,P-23,8
FF-36554,2021-02-18,ST-21,P-28,2
LI-6307,2022-08-28,ST-73,P-13,6
BX-208041,2023-07-14,ST-50,P-44,9
DD-54836,2021-02-23,ST-40,P-85,3
KQ-1691,2023-09-23,ST-42,P-79,3
IN-9693,2022-05-04,ST-67,P-35,3
KJ-48168,2023-07-05,ST-24,P-74,4
YV-637314,2022-03-02,ST-60,P-27,4
KI-200929,2022-03-18,ST-42,P-75,5
HD-9676,2020-04-23,ST-75,P-84,1
GN-18510,2024-10-25,ST-48,P-8,9
TI-845876,2023-05-12,ST-65,P-69,1
NI-8344,2024-05-18,ST-35,P-5,5
UY-5050,2022-12-22,ST-49,P-24,7
BQ-7373,2024-03-10,ST-30,P-25,9
GD-78010,2024-08-14,ST-33,P-18,6
AM-9891,2020-05-02,ST-23,P-24,4
DT-2055,2024-09-15,ST-23,P-69,10
BK-645091,2021-11-03,ST-74,P-69,10
UT-07038,2020-05-20,ST-1,P-2,7
QU-24613,2023-01-18,ST-15,P-2,6
DM-94126,2020-05-02,ST-52,P-71,9
IW-0468,2024-01-29,ST-62,P-8,2
HP-88549,2023-12-08,ST-23,P-9,2
YX-739941,2022-05-05,ST-23,P-20,4
PK-79492,2024-04-13,ST-58,P-60,1
FG-171873,2022-11-10,ST-42,P-89,6
OJ-143828,2020-05-28,ST-23,P-39,1
ZR-76169,2020-03-31,ST-56,P-24,2
PH-7873,2022-06-29,ST-28,P-38,6
IH-4786,2023-07-07,ST-37,P-71,2
IM-81394,2020-07-24,ST-22,P-31,1
BZ-3364,2020-05-13,ST-62,P-74,8
QZ-3482,2022-06-29,ST-8,P-62,4
NP-298205,2023-06-18,ST-30,P-37,2
BT-128458,2020-02-13,ST-6,P-67,5
DY-081750,2023-11-09,ST-22,P-45,3
GR-677419,2023-08-30,ST-16,P-47,6
WU-037191,2023-12-13,ST-5,P-55,1
HT-152801,2023-11-27,ST-16,P-4,10
MI-894043,2020-08-30,ST-5,P-72,2
SG-495648,2022-04-03,ST-47,P-29,2
PW-0542,2020-08-31,ST-41,P-86,6
FP-043829,2023-01-13,ST-44,P-45,1
JQ-7147,2023-01-22,ST-24,P-53,5
WI-03561,2020-11-03,ST-37,P-42,10
RQ-045277,2021-07-28,ST-74,P-17,4
FE-405723,2024-06-11,ST-25,P-36,2
VG-42281,2020-12-10,ST-52,P-25,1
FC-956889,2020-06-28,ST-43,P-16,8
VW-067384,2024-08-27,ST-74,P-12,9
WV-70344,2020-06-25,ST-19,P-15,3
TU-0882,2023-12-05,ST-13,P-72,5
CE-28518,2021-07-01,ST-17,P-16,5
UY-81354,2022-08-13,ST-53,P-23,9
MD-613731,2023-01-03,ST-49,P-37,1
XB-55188,2023-07-20,ST-16,P-38,9
YK-31653,2021-05-15,ST-34,P-63,6
LF-74564,2020-01-08,ST-35,P-53,5
ED-8881,2024-07-21,ST-61,P-49,3
FR-4882,2024-06-28,ST-52,P-22,10
LE-365004,2020-12-31,ST-5,P-37,7
UN-8104,2020-03-21,ST-44,P-83,4
UJ-372631,2021-04-14,ST-47,P-4,10
ET-806971,2023-11-04,ST-4,P-4,1
ZG-4824,2021-06-03,ST-3,P-52,9
BW-343164,2024-11-11,ST-11,P-63,1
SK-123189,2024-08-10,ST-33,P-82,4
MF-208681,2022-09-24,ST-63,P-16,9
QF-204146,2020-10-26,ST-20,P-84,10
AE-0300,2021-07-31,ST-40,P-64,9
QO-1794,2022-07-24,ST-13,P-70,6
VX-688857,2022-09-20,ST-41,P-4,10
NS-805018,2021-11-25,ST-64,P-35,5
RW-59940,2023-05-13,ST-16,P-51,5
CX-82042,2021-10-25,ST-32,P-6,1
OO-71974,2021-01-12,ST-60,P-16,7
GY-86722,2022-07-14,ST-3,P-88,9
EP-5561,2021-11-17,ST-38,P-65,2
ZD-93029,2021-02-24,ST-55,P-68,6
ZV-61764,2022-09-05,ST-27,P-17,2
LW-538691,2023-08-30,ST-67,P-4,8
BQ-74516,2024-05-19,ST-75,P-57,4
CB-94323,2022-05-27,ST-1,P-43,2
AT-4780,2021-05-18,ST-8,P-22,9
KS-24900,2024-07-31,ST-37,P-27,2
PW-7998,2020-04-15,ST-72,P-56,9
LL-5126,2022-11-13,ST-62,P-11,9
ON-4026,2022-10-24,ST-4,P-67,1
ZT-3800,2023-11-02,ST-72,P-83,9
RD-00820,2024-03-27,ST-47,P-18,8
DE-32611,2021-01-14,ST-29,P-52,8
WQ-847386,2020-01-09,ST-15,P-34,3
XP-665822,2023-04-09,ST-68,P-61,10
UX-8187,2020-10-13,ST-63,P-22,4
QL-28820,2021-06-15,ST-5,P-62,8
TM-364067,2022-08-16,ST-16,P-35,10
AE-65110,2024-09-08,ST-47,P-9,7
XC-78387,2024-05-28,ST-66,P-27,1
FV-000678,2020-07-01,ST-62,P-33,9
DL-41238,2022-12-31,ST-71,P-55,2
WZ-961402,2022-06-18,ST-51,P-1,1
KB-904602,2022-09-11,ST-31,P-22,1
OI-3355,2020-07-08,ST-9,P-62,10
FI-661802,2023-02-07,ST-54,P-51,8
LV-8809,2022-11-01,ST-44,P-43,5
OB-39720,2021-05-02,ST-53,P-16,3
WO-645737,2022-04-22,ST-37,P-37,7
YS-954348,2024-01-18,ST-20,P-6,7
WK-7182,2023-05-16,ST-31,P-74,6
UC-22999,2024-02-23,ST-10,P-9,7
KR-9298,2024-01-17,ST-73,P-9,2
SW-767621,2024-08-20,ST-51,P-74,7
RR-37422,2020-09-02,ST-33,P-11,10
OT-1240,2020-09-06,ST-24,P-8,5
YE-1354,2022-06-24,ST-14,P-49,5
JP-752745,2021-04-26,ST-61,P-23,3
TI-4383,2022-08-31,ST-5,P-17,2
IM-92682,2021-03-10,ST-66,P-33,8
HB-7657,2023-06-09,ST-25,P-47,2
PT-321616,2021-10-06,ST-53,P-53,7
BQ-3356,2021-09-12,ST-68,P-78,10
CV-053235,2022-05-24,ST-61,P-44,2
QF-398734,2023-01-02,ST-3,P-28,10
ZE-3640,2021-12-31,ST-12,P-3,3
ID-073822,2020-12-16,ST-42,P-45,5
NN-4531,2022-07-31,ST-3,P-34,8
VX-192096,2024-10-18,ST-47,P-79,5
QM-4547,2022-02-01,ST-71,P-35,8
TI-88408,2024-08-02,ST-49,P-63,9
MU-8175,2020-07-24,ST-43,P-53,5
HP-477839,2020-12-13,ST-59,P-63,9
CA-504835,2024-09-02,ST-63,P-61,9
FO-887918,2023-06-21,ST-17,P-8,1
YI-6232,2023-03-08,ST-10,P-77,5
NA-497274,2021-04-24,ST-57,P-20,6
TQ-72741,2024-01-30,ST-68,P-69,2
SO-63697,2024-04-19,ST-34,P-32,8
TL-1689,2020-06-10,ST-63,P-54,10
IC-0239,2021-12-22,ST-66,P-85,8
RM-1227,2021-10-10,ST-47,P-4,6
WZ-93661,2024-09-09,ST-67,P-20,3
MJ-7472,2021-05-26,ST-21,P-88,6
JJ-185161,2020-03-26,ST-32,P-55,3
YT-0927,2021-12-20,ST-42,P-30,3
BI-62363,2021-02-22,ST-6,P-21,5
XC-51183,2021-11-12,ST-16,P-9,6
KB-84647,2024-09-08,ST-15,P-56,1
DT-945193,2022-01-12,ST-1,P-27,6
JN-79802,2022-09-24,ST-68,P-7,5
DF-5232,2020-07-21,ST-17,P-69,4
XG-4325,2023-09-03,ST-28,P-80,4
PD-6723,2022-02-09,ST-48,P-77,6
DD-132670,2020-11-23,ST-32,P-65,6
AU-2998,2024-03-14,ST-74,P-46,7
FC-20294,2022-05-14,ST-64,P-66,6
SO-208130,2020-08-21,ST-15,P-74,9
YH-003760,2020-06-13,ST-25,P-51,2
EH-25568,2020-09-27,ST-41,P-34,10
NF-59415,2020-05-20,ST-69,P-4,5
AH-207964,2020-06-11,ST-10,P-66,1
NG-76426,2022-05-03,ST-26,P-37,10
XB-749929,2022-09-06,ST-20,P-80,4
NN-134873,2020-07-18,ST-16,P-79,9
TA-8932,2024-07-29,ST-1,P-53,5
FF-24951,2021-11-06,ST-40,P-30,3
DF-54796,2022-01-10,ST-16,P-7,8
JA-403517,2022-12-30,ST-52,P-74,9
SI-616220,2021-11-06,ST-34,P-63,1
HM-67142,2022-01-31,ST-34,P-36,9
ZR-0458,2022-02-25,ST-53,P-83,6
LW-9713,2023-04-26,ST-56,P-58,3
PB-91403,2021-04-16,ST-63,P-59,10
FZ-64615,2021-12-26,ST-20,P-24,5
AQ-8105,2023-05-01,ST-29,P-31,1
OR-16170,2021-03-18,ST-16,P-16,9
DS-697538,2023-04-26,ST-41,P-33,6
FX-4252,2023-05-15,ST-32,P-87,2
RN-20654,2022-06-30,ST-58,P-42,8
OR-86735,2021-07-30,ST-62,P-79,4
IK-45514,2022-05-04,ST-61,P-27,9
LF-1519,2022-03-03,ST-61,P-15,3
FJ-545796,2022-07-15,ST-69,P-11,10
TE-52764,2022-06-29,ST-71,P-25,10
SG-809798,2023-08-29,ST-56,P-77,2
XO-2524,2022-06-16,ST-12,P-71,9
WX-41899,2022-01-14,ST-60,P-48,10
AL-2184,2024-07-06,ST-55,P-84,1
ZU-334505,2024-01-10,ST-12,P-22,1
HB-68080,2023-02-05,ST-30,P-16,4
YT-6272,2024-06-06,ST-62,P-4,3
DR-45492,2020-01-12,ST-38,P-16,7
XL-187656,2023-05-26,ST-62,P-8,5
CB-64398,2021-01-09,ST-57,P-33,7
KZ-58482,2024-04-19,ST-35,P-42,3
YY-03316,2020-11-11,ST-48,P-56,6
DX-05535,2022-08-18,ST-42,P-30,7
SW-0089,2024-10-28,ST-57,P-30,2
NP-932084,2024-04-22,ST-16,P-86,3
GU-4782,2022-01-16,ST-18,P-57,7
EW-40783,2024-01-27,ST-67,P-29,6
JV-59731,2021-12-12,ST-36,P-31,6
SJ-3382,2021-01-29,ST-36,P-71,4
BZ-17905,2020-09-04,ST-39,P-81,10
PE-6341,2023-11-14,ST-54,P-28,5
WE-9717,2020-10-19,ST-48,P-32,5
SX-89767,2023-08-26,ST-3,P-38,3
AT-9153,2022-08-10,ST-71,P-2,4
BX-324559,2021-12-14,ST-11,P-13,6
US-626892,2024-01-05,ST-70,P-27,2
LL-8786,2024-04-30,ST-28,P-46,3
LZ-50508,2020-04-27,ST-8,P-68,9
NV-1665,2022-07-08,ST-40,P-82,7
LN-0731,2023-06-27,ST-47,P-43,10
PN-6794,2021-03-02,ST-27,P-50,5
GT-7526,2020-10-06,ST-6,P-60,3
AA-59728,2023-04-01,ST-67,P-41,1
HC-7593,2022-08-23,ST-54,P-60,5
JY-65568,2024-03-07,ST-49,P-69,5
NR-6645,2021-09-11,ST-1,P-74,5
AB-952295,2022-05-23,ST-1,P-35,1
ZB-643294,2023-09-17,ST-13,P-1,9
ZI-755703,2023-10-15,ST-45,P-79,10
FO-150010,2020-04-01,ST-49,P-79,4
YR-1737,2023-02-07,ST-70,P-24,5
PM-7163,2024-05-07,ST-71,P-69,4
XB-231973,2024-07-30,ST-50,P-54,3
DR-6313,2023-01-15,ST-13,P-85,9
ID-818677,2020-09-30,ST-1,P-77,2
GE-44739,2022-01-10,ST-44,P-46,4
QZ-55232,2023-11-20,ST-6,P-61,4
GY-3130,2020-07-08,ST-59,P-9,5
ON-55638,2024-07-16,ST-1,P-5,7
JN-2820,2024-06-25,ST-23,P-47,4
IF-0021,2021-09-05,ST-9,P-83,7
PV-68571,2023-01-03,ST-56,P-80,8
OK-5781,2021-02-18,ST-41,P-17,2
AL-027943,2022-12-27,ST-60,P-69,5
JN-218095,2022-01-31,ST-11,P-72,2
FE-984869,2021-11-16,ST-3,P-10,9
IY-56313,2023-09-15,ST-11,P-36,3
GD-538132,2020-04-11,ST-10,P-78,7
HV-3088,2024-01-18,ST-59,P-73,6
GR-64188,2021-10-03,ST-29,P-55,7
TK-3883,2020-10-25,ST-37,P-84,3
CV-806111,2020-08-11,ST-38,P-7,5
YS-4576,2021-09-19,ST-14,P-75,4
OB-51858,2024-02-12,ST-44,P-46,2
PJ-3729,2020-04-30,ST-6,P-54,2
DG-82454,2020-03-28,ST-17,P-71,1
AS-860249,2023-01-10,ST-37,P-29,5
MH-62492,2021-08-29,ST-42,P-49,7
GG-2649,2020-12-31,ST-7,P-46,2
GT-2852,2023-09-02,ST-66,P-49,1
RG-676803,2021-03-20,ST-21,P-84,3
ZI-40474,2022-02-18,ST-13,P-56,9
IH-0359,2024-10-05,ST-63,P-50,10
GI-239147,2023-06-15,ST-43,P-76,2
ZG-974413,2023-09-28,ST-39,P-70,3
WR-021041,2021-11-01,ST-60,P-24,4
NU-678194,2024-01-06,ST-71,P-5,1
QX-98783,2024-09-02,ST-39,P-75,3
UN-1306,2023-05-04,ST-41,P-32,8
LK-91733,2020-07-14,ST-50,P-18,5
CK-0629,2020-08-16,ST-56,P-13,7
KD-168190,2023-10-11,ST-25,P-2,1
AG-93150,2020-09-23,ST-30,P-53,9
RM-755838,2022-06-18,ST-14,P-40,7
WD-0812,2020-07-02,ST-14,P-36,2
SP-493917,2020-11-03,ST-75,P-63,1
DO-0357,2024-05-25,ST-26,P-78,8
SR-95235,2020-06-06,ST-8,P-18,5
BF-9178,2021-07-31,ST-67,P-67,6
UA-3566,2023-04-07,ST-22,P-43,10
YE-64006,2023-10-15,ST-24,P-22,6
RR-419060,2024-02-10,ST-65,P-70,2
QU-67033,2021-01-12,ST-22,P-88,6
TE-3449,2024-10-23,ST-69,P-10,10
TH-00796,2022-08-20,ST-56,P-77,8
CU-459385,2020-11-20,ST-57,P-74,6
AS-737425,2024-07-09,ST-4,P-70,7
WH-42516,2021-09-02,ST-9,P-81,7
NA-87964,2024-08-08,ST-72,P-19,2
DQ-014719,2023-01-30,ST-73,P-61,10
QH-32221,2021-11-04,ST-40,P-8,5
SR-69390,2021-01-19,ST-33,P-62,4
WI-2106,2024-01-06,ST-41,P-74,8
HT-274060,2021-02-16,ST-67,P-13,6
AF-104409,2021-07-21,ST-68,P-21,6
UG-03385,2021-06-05,ST-3,P-53,2
TY-2186,2020-01-30,ST-9,P-85,9
DH-63764,2022-09-10,ST-6,P-83,3
SM-9580,2020-12-08,ST-42,P-68,3
EF-61491,2023-10-05,ST-48,P-40,9
DJ-1786,2024-10-03,ST-38,P-1,4
HA-6543,2020-09-10,ST-60,P-10,5
RM-170541,2022-09-22,ST-14,P-20,2
YI-8108,2021-04-14,ST-22,P-87,4
NX-95566,2024-06-22,ST-33,P-64,9
JN-15991,2020-04-11,ST-46,P-63,6
TQ-1416,2021-06-24,ST-19,P-87,4
FD-2708,2023-06-08,ST-47,P-48,5
QE-3052,2020-06-20,ST-29,P-70,4
EQ-593884,2024-05-29,ST-45,P-48,1
RS-2216,2020-09-14,ST-15,P-10,9
OO-4838,2022-09-27,ST-33,P-28,5
UW-636088,2020-09-15,ST-25,P-19,9
EX-1884,2024-07-05,ST-35,P-24,3
EQ-4921,2023-10-02,ST-48,P-65,10
AI-8033,2021-04-07,ST-29,P-79,8
ZQ-05150,2024-04-14,ST-19,P-41,1
JD-37865,2023-09-27,ST-49,P-86,2
GM-26398,2021-04-11,ST-52,P-57,6
MR-0555,2020-09-13,ST-19,P-30,6
AX-71146,2023-08-20,ST-64,P-52,8
CW-0832,2023-11-08,ST-41,P-13,6
YB-0675,2022-01-01,ST-42,P-80,3
XK-81998,2021-02-18,ST-56,P-68,3
ZI-8114,2020-04-17,ST-71,P-25,7
TP-5943,2023-04-05,ST-7,P-50,3
EL-925401,2023-05-13,ST-74,P-14,10
QU-6874,2024-04-05,ST-3,P-70,9
AO-851758,2021-04-06,ST-30,P-63,10
AB-1345,2021-05-09,ST-14,P-85,10
HK-07218,2023-02-13,ST-31,P-7,5
EL-30500,2022-02-20,ST-52,P-62,9
XA-87797,2020-12-06,ST-21,P-16,10
ZR-671315,2022-07-07,ST-34,P-68,5
LP-5637,2023-11-19,ST-21,P-38,9
RX-84662,2022-11-13,ST-53,P-55,7
HK-744415,2022-12-03,ST-31,P-35,6
AL-552558,2024-11-12,ST-9,P-26,9
VH-90416,2022-03-08,ST-31,P-30,6
GH-0781,2022-11-23,ST-41,P-12,7
DB-76580,2020-05-26,ST-13,P-55,2
AP-1921,2024-01-08,ST-56,P-79,5
CY-6557,2022-12-14,ST-48,P-3,9
ZK-3227,2021-10-21,ST-23,P-4,6
CF-61236,2022-01-05,ST-9,P-84,10
II-45450,2020-03-10,ST-75,P-16,8
BC-009202,2024-03-10,ST-11,P-1,3
XS-20033,2020-06-30,ST-47,P-84,9
HR-0122,2020-09-04,ST-50,P-78,6
XG-631402,2023-05-08,ST-63,P-40,5
TX-181001,2024-10-21,ST-42,P-65,2
KQ-417397,2023-07-19,ST-55,P-28,2
RY-0663,2021-06-05,ST-19,P-1,8
OM-7883,2022-05-27,ST-22,P-26,4
CQ-152589,2024-06-04,ST-53,P-56,5
SX-8032,2023-11-03,ST-15,P-47,1
SB-22296,2022-09-13,ST-10,P-71,10
IX-7152,2024-05-28,ST-9,P-76,9
RF-222280,2023-04-10,ST-6,P-41,3
WE-2917,2023-04-01,ST-10,P-85,10
XZ-578172,2022-08-01,ST-27,P-4,5
YJ-615946,2023-01-10,ST-60,P-68,10
BX-7467,2024-01-24,ST-28,P-31,8
DI-1920,2023-09-11,ST-20,P-19,4
CV-18843,2023-07-02,ST-16,P-79,6
GY-426883,2024-01-18,ST-30,P-51,4
JJ-148225,2022-01-10,ST-74,P-57,1